Defaulted container "builder" out of: builder, bootstrap (init)
[clickhouse-builder-0.clickhouse-builder.ch-builder.svc.cluster.local] 2026.05.13 01:31:51 [ 0 ] Query: 1 (increment)
[clickhouse-builder-0.clickhouse-builder.ch-builder.svc.cluster.local] 2026.05.13 01:31:51 [ 0 ] SelectQuery: 1 (increment)
[clickhouse-builder-0.clickhouse-builder.ch-builder.svc.cluster.local] 2026.05.13 01:31:51 [ 0 ] InitialQuery: 1 (increment)
[clickhouse-builder-0.clickhouse-builder.ch-builder.svc.cluster.local] 2026.05.13 01:31:51 [ 0 ] InitialSelectQuery: 1 (increment)
[clickhouse-builder-0.clickhouse-builder.ch-builder.svc.cluster.local] 2026.05.13 01:31:51 [ 0 ] QueriesWithSubqueries: 1 (increment)
[clickhouse-builder-0.clickhouse-builder.ch-builder.svc.cluster.local] 2026.05.13 01:31:51 [ 0 ] SelectQueriesWithSubqueries: 1 (increment)
[clickhouse-builder-0.clickhouse-builder.ch-builder.svc.cluster.local] 2026.05.13 01:31:51 [ 0 ] FileOpen: 73 (increment)
[clickhouse-builder-0.clickhouse-builder.ch-builder.svc.cluster.local] 2026.05.13 01:31:51 [ 0 ] ReadBufferFromFileDescriptorRead: 480 (increment)
[clickhouse-builder-0.clickhouse-builder.ch-builder.svc.cluster.local] 2026.05.13 01:31:51 [ 0 ] ReadBufferFromFileDescriptorReadBytes: 17680 (increment)
[clickhouse-builder-0.clickhouse-builder.ch-builder.svc.cluster.local] 2026.05.13 01:31:51 [ 0 ] ReadCompressedBytes: 379360 (increment)
[clickhouse-builder-0.clickhouse-builder.ch-builder.svc.cluster.local] 2026.05.13 01:31:51 [ 0 ] CompressedReadBufferBlocks: 9 (increment)
[clickhouse-builder-0.clickhouse-builder.ch-builder.svc.cluster.local] 2026.05.13 01:31:51 [ 0 ] CompressedReadBufferBytes: 589824 (increment)
[clickhouse-builder-0.clickhouse-builder.ch-builder.svc.cluster.local] 2026.05.13 01:31:51 [ 0 ] OpenedFileCacheHits: 167 (increment)
[clickhouse-builder-0.clickhouse-builder.ch-builder.svc.cluster.local] 2026.05.13 01:31:51 [ 0 ] OpenedFileCacheMisses: 73 (increment)
[clickhouse-builder-0.clickhouse-builder.ch-builder.svc.cluster.local] 2026.05.13 01:31:51 [ 0 ] OpenedFileCacheMicroseconds: 168 (increment)
[clickhouse-builder-0.clickhouse-builder.ch-builder.svc.cluster.local] 2026.05.13 01:31:51 [ 0 ] IOBufferAllocs: 546 (increment)
[clickhouse-builder-0.clickhouse-builder.ch-builder.svc.cluster.local] 2026.05.13 01:31:51 [ 0 ] IOBufferAllocBytes: 160656036 (increment)
[clickhouse-builder-0.clickhouse-builder.ch-builder.svc.cluster.local] 2026.05.13 01:31:51 [ 0 ] MarkCacheHits: 240 (increment)
[clickhouse-builder-0.clickhouse-builder.ch-builder.svc.cluster.local] 2026.05.13 01:31:51 [ 0 ] CreatedReadBufferOrdinary: 240 (increment)
[clickhouse-builder-0.clickhouse-builder.ch-builder.svc.cluster.local] 2026.05.13 01:31:51 [ 0 ] DiskReadElapsedMicroseconds: 443 (increment)
[clickhouse-builder-0.clickhouse-builder.ch-builder.svc.cluster.local] 2026.05.13 01:31:51 [ 0 ] NetworkReceiveElapsedMicroseconds: 2 (increment)
[clickhouse-builder-0.clickhouse-builder.ch-builder.svc.cluster.local] 2026.05.13 01:31:51 [ 0 ] NetworkSendElapsedMicroseconds: 40 (increment)
[clickhouse-builder-0.clickhouse-builder.ch-builder.svc.cluster.local] 2026.05.13 01:31:51 [ 0 ] NetworkSendBytes: 69 (increment)
[clickhouse-builder-0.clickhouse-builder.ch-builder.svc.cluster.local] 2026.05.13 01:31:51 [ 0 ] GlobalThreadPoolLockWaitMicroseconds: 135 (increment)
[clickhouse-builder-0.clickhouse-builder.ch-builder.svc.cluster.local] 2026.05.13 01:31:51 [ 0 ] GlobalThreadPoolJobs: 54 (increment)
[clickhouse-builder-0.clickhouse-builder.ch-builder.svc.cluster.local] 2026.05.13 01:31:51 [ 0 ] LocalThreadPoolExpansions: 53 (increment)
[clickhouse-builder-0.clickhouse-builder.ch-builder.svc.cluster.local] 2026.05.13 01:31:51 [ 0 ] LocalThreadPoolShrinks: 5 (increment)
[clickhouse-builder-0.clickhouse-builder.ch-builder.svc.cluster.local] 2026.05.13 01:31:51 [ 0 ] LocalThreadPoolThreadCreationMicroseconds: 367 (increment)
[clickhouse-builder-0.clickhouse-builder.ch-builder.svc.cluster.local] 2026.05.13 01:31:51 [ 0 ] LocalThreadPoolLockWaitMicroseconds: 34 (increment)
[clickhouse-builder-0.clickhouse-builder.ch-builder.svc.cluster.local] 2026.05.13 01:31:51 [ 0 ] LocalThreadPoolJobs: 53 (increment)
[clickhouse-builder-0.clickhouse-builder.ch-builder.svc.cluster.local] 2026.05.13 01:31:51 [ 0 ] QueryPlanOptimizeMicroseconds: 73 (increment)
[clickhouse-builder-0.clickhouse-builder.ch-builder.svc.cluster.local] 2026.05.13 01:31:51 [ 0 ] IndexAnalysisRounds: 1 (increment)
[clickhouse-builder-0.clickhouse-builder.ch-builder.svc.cluster.local] 2026.05.13 01:31:51 [ 0 ] SelectedParts: 5 (increment)
[clickhouse-builder-0.clickhouse-builder.ch-builder.svc.cluster.local] 2026.05.13 01:31:51 [ 0 ] SelectedPartsTotal: 5 (increment)
[clickhouse-builder-0.clickhouse-builder.ch-builder.svc.cluster.local] 2026.05.13 01:31:51 [ 0 ] SelectedRanges: 5 (increment)
[clickhouse-builder-0.clickhouse-builder.ch-builder.svc.cluster.local] 2026.05.13 01:31:51 [ 0 ] SelectedMarks: 612 (increment)
[clickhouse-builder-0.clickhouse-builder.ch-builder.svc.cluster.local] 2026.05.13 01:31:51 [ 0 ] SelectedMarksTotal: 612 (increment)
[clickhouse-builder-0.clickhouse-builder.ch-builder.svc.cluster.local] 2026.05.13 01:31:51 [ 0 ] FilteringMarksWithPrimaryKeyProcessedMarks: 612 (increment)
[clickhouse-builder-0.clickhouse-builder.ch-builder.svc.cluster.local] 2026.05.13 01:31:51 [ 0 ] FilteringMarksWithPrimaryKeyMicroseconds: 11 (increment)
[clickhouse-builder-0.clickhouse-builder.ch-builder.svc.cluster.local] 2026.05.13 01:31:51 [ 0 ] WaitMarksLoadMicroseconds: 1327 (increment)
[clickhouse-builder-0.clickhouse-builder.ch-builder.svc.cluster.local] 2026.05.13 01:31:51 [ 0 ] ContextLock: 32 (increment)
[clickhouse-builder-0.clickhouse-builder.ch-builder.svc.cluster.local] 2026.05.13 01:31:51 [ 0 ] RWLockAcquiredReadLocks: 1 (increment)
[clickhouse-builder-0.clickhouse-builder.ch-builder.svc.cluster.local] 2026.05.13 01:31:51 [ 0 ] SharedPartsLockHoldMicroseconds: 1 (increment)
[clickhouse-builder-0.clickhouse-builder.ch-builder.svc.cluster.local] 2026.05.13 01:31:51 [ 0 ] SharedPartsLocks: 2 (increment)
[clickhouse-builder-0.clickhouse-builder.ch-builder.svc.cluster.local] 2026.05.13 01:31:51 [ 0 ] RealTimeMicroseconds: 128 (increment)
[clickhouse-builder-0.clickhouse-builder.ch-builder.svc.cluster.local] 2026.05.13 01:31:51 [ 0 ] OSReadChars: 2372 (increment)
[clickhouse-builder-0.clickhouse-builder.ch-builder.svc.cluster.local] 2026.05.13 01:31:51 [ 0 ] GCSReadMicroseconds: 30697 (increment)
[clickhouse-builder-0.clickhouse-builder.ch-builder.svc.cluster.local] 2026.05.13 01:31:51 [ 0 ] GCSReadRequestsCount: 57 (increment)
[clickhouse-builder-0.clickhouse-builder.ch-builder.svc.cluster.local] 2026.05.13 01:31:51 [ 0 ] GCSReadRequestAttempts: 57 (increment)
[clickhouse-builder-0.clickhouse-builder.ch-builder.svc.cluster.local] 2026.05.13 01:31:51 [ 0 ] DiskGCSReadMicroseconds: 30697 (increment)
[clickhouse-builder-0.clickhouse-builder.ch-builder.svc.cluster.local] 2026.05.13 01:31:51 [ 0 ] DiskGCSReadRequestsCount: 57 (increment)
[clickhouse-builder-0.clickhouse-builder.ch-builder.svc.cluster.local] 2026.05.13 01:31:51 [ 0 ] DiskGCSReadRequestAttempts: 57 (increment)
[clickhouse-builder-0.clickhouse-builder.ch-builder.svc.cluster.local] 2026.05.13 01:31:51 [ 0 ] GCSReadObject: 57 (increment)
[clickhouse-builder-0.clickhouse-builder.ch-builder.svc.cluster.local] 2026.05.13 01:31:51 [ 0 ] DiskGCSReadObject: 57 (increment)
[clickhouse-builder-0.clickhouse-builder.ch-builder.svc.cluster.local] 2026.05.13 01:31:51 [ 0 ] ReadBufferFromGCSMicroseconds: 851209 (increment)
[clickhouse-builder-0.clickhouse-builder.ch-builder.svc.cluster.local] 2026.05.13 01:31:51 [ 0 ] ReadBufferFromGCSInitMicroseconds: 30955 (increment)
[clickhouse-builder-0.clickhouse-builder.ch-builder.svc.cluster.local] 2026.05.13 01:31:51 [ 0 ] ReadBufferFromGCSBytes: 886349 (increment)
[clickhouse-builder-0.clickhouse-builder.ch-builder.svc.cluster.local] 2026.05.13 01:31:51 [ 0 ] MemoryAllocatedWithoutCheck: 151 (increment)
[clickhouse-builder-0.clickhouse-builder.ch-builder.svc.cluster.local] 2026.05.13 01:31:51 [ 0 ] MemoryAllocatedWithoutCheckBytes: 704904 (increment)
[clickhouse-builder-0.clickhouse-builder.ch-builder.svc.cluster.local] 2026.05.13 01:31:51 [ 0 ] LogTrace: 4 (increment)
[clickhouse-builder-0.clickhouse-builder.ch-builder.svc.cluster.local] 2026.05.13 01:31:51 [ 0 ] LogDebug: 5 (increment)
[clickhouse-builder-0.clickhouse-builder.ch-builder.svc.cluster.local] 2026.05.13 01:31:51 [ 0 ] LoggerElapsedNanoseconds: 76639 (increment)
[clickhouse-builder-0.clickhouse-builder.ch-builder.svc.cluster.local] 2026.05.13 01:31:51 [ 0 ] InterfaceNativeSendBytes: 69 (increment)
[clickhouse-builder-0.clickhouse-builder.ch-builder.svc.cluster.local] 2026.05.13 01:31:51 [ 0 ] ConcurrencyControlSlotsGranted: 1 (increment)
[clickhouse-builder-0.clickhouse-builder.ch-builder.svc.cluster.local] 2026.05.13 01:31:51 [ 0 ] ConcurrencyControlSlotsAcquired: 47 (increment)
[clickhouse-builder-0.clickhouse-builder.ch-builder.svc.cluster.local] 2026.05.13 01:31:51 [ 0 ] ConcurrencyControlSlotsAcquiredNonCompeting: 1 (increment)
[clickhouse-builder-0.clickhouse-builder.ch-builder.svc.cluster.local] 2026.05.13 01:31:51 [ 0 ] AsyncLoggingConsoleTotalMessages: 9 (increment)
[clickhouse-builder-0.clickhouse-builder.ch-builder.svc.cluster.local] 2026.05.13 01:31:51 [ 0 ] MemoryTrackerUsage: 174624 (gauge)
[clickhouse-builder-0.clickhouse-builder.ch-builder.svc.cluster.local] 2026.05.13 01:31:51 [ 0 ] MemoryTrackerPeakUsage: 174624 (gauge)
[clickhouse-builder-0.clickhouse-builder.ch-builder.svc.cluster.local] 2026.05.13 01:31:51 [ 0 ] ReadCompressedBytes: 885345 (increment)
[clickhouse-builder-0.clickhouse-builder.ch-builder.svc.cluster.local] 2026.05.13 01:31:51 [ 0 ] CompressedReadBufferBlocks: 21 (increment)
[clickhouse-builder-0.clickhouse-builder.ch-builder.svc.cluster.local] 2026.05.13 01:31:51 [ 0 ] CompressedReadBufferBytes: 1376256 (increment)
[clickhouse-builder-0.clickhouse-builder.ch-builder.svc.cluster.local] 2026.05.13 01:31:51 [ 0 ] IOBufferAllocs: 42 (increment)
[clickhouse-builder-0.clickhouse-builder.ch-builder.svc.cluster.local] 2026.05.13 01:31:51 [ 0 ] IOBufferAllocBytes: 12394494 (increment)
[clickhouse-builder-0.clickhouse-builder.ch-builder.svc.cluster.local] 2026.05.13 01:31:51 [ 0 ] NetworkReceiveElapsedMicroseconds: 1 (increment)
[clickhouse-builder-0.clickhouse-builder.ch-builder.svc.cluster.local] 2026.05.13 01:31:51 [ 0 ] NetworkSendElapsedMicroseconds: 28 (increment)
[clickhouse-builder-0.clickhouse-builder.ch-builder.svc.cluster.local] 2026.05.13 01:31:51 [ 0 ] NetworkSendBytes: 8003 (increment)
[clickhouse-builder-0.clickhouse-builder.ch-builder.svc.cluster.local] 2026.05.13 01:31:51 [ 0 ] GCSReadMicroseconds: 4195 (increment)
[clickhouse-builder-0.clickhouse-builder.ch-builder.svc.cluster.local] 2026.05.13 01:31:51 [ 0 ] GCSReadRequestsCount: 21 (increment)
[clickhouse-builder-0.clickhouse-builder.ch-builder.svc.cluster.local] 2026.05.13 01:31:51 [ 0 ] GCSReadRequestAttempts: 21 (increment)
[clickhouse-builder-0.clickhouse-builder.ch-builder.svc.cluster.local] 2026.05.13 01:31:51 [ 0 ] DiskGCSReadMicroseconds: 4195 (increment)
[clickhouse-builder-0.clickhouse-builder.ch-builder.svc.cluster.local] 2026.05.13 01:31:51 [ 0 ] DiskGCSReadRequestsCount: 21 (increment)
[clickhouse-builder-0.clickhouse-builder.ch-builder.svc.cluster.local] 2026.05.13 01:31:51 [ 0 ] DiskGCSReadRequestAttempts: 21 (increment)
[clickhouse-builder-0.clickhouse-builder.ch-builder.svc.cluster.local] 2026.05.13 01:31:51 [ 0 ] GCSReadObject: 21 (increment)
[clickhouse-builder-0.clickhouse-builder.ch-builder.svc.cluster.local] 2026.05.13 01:31:51 [ 0 ] DiskGCSReadObject: 21 (increment)
[clickhouse-builder-0.clickhouse-builder.ch-builder.svc.cluster.local] 2026.05.13 01:31:51 [ 0 ] ReadBufferFromGCSMicroseconds: 2356652 (increment)
[clickhouse-builder-0.clickhouse-builder.ch-builder.svc.cluster.local] 2026.05.13 01:31:51 [ 0 ] ReadBufferFromGCSInitMicroseconds: 4284 (increment)
[clickhouse-builder-0.clickhouse-builder.ch-builder.svc.cluster.local] 2026.05.13 01:31:51 [ 0 ] ReadBufferFromGCSBytes: 2446291 (increment)
[clickhouse-builder-0.clickhouse-builder.ch-builder.svc.cluster.local] 2026.05.13 01:31:51 [ 0 ] InterfaceNativeSendBytes: 8003 (increment)
[clickhouse-builder-0.clickhouse-builder.ch-builder.svc.cluster.local] 2026.05.13 01:31:51 [ 0 ] MemoryTrackerUsage: 174624 (gauge)
[clickhouse-builder-0.clickhouse-builder.ch-builder.svc.cluster.local] 2026.05.13 01:31:51 [ 0 ] MemoryTrackerPeakUsage: 174624 (gauge)
[clickhouse-builder-0.clickhouse-builder.ch-builder.svc.cluster.local] 2026.05.13 01:31:51 [ 0 ] ReadCompressedBytes: 1021343 (increment)
[clickhouse-builder-0.clickhouse-builder.ch-builder.svc.cluster.local] 2026.05.13 01:31:51 [ 0 ] CompressedReadBufferBlocks: 22 (increment)
[clickhouse-builder-0.clickhouse-builder.ch-builder.svc.cluster.local] 2026.05.13 01:31:51 [ 0 ] CompressedReadBufferBytes: 1441792 (increment)
[clickhouse-builder-0.clickhouse-builder.ch-builder.svc.cluster.local] 2026.05.13 01:31:51 [ 0 ] IOBufferAllocs: 40 (increment)
[clickhouse-builder-0.clickhouse-builder.ch-builder.svc.cluster.local] 2026.05.13 01:31:51 [ 0 ] IOBufferAllocBytes: 11345275 (increment)
[clickhouse-builder-0.clickhouse-builder.ch-builder.svc.cluster.local] 2026.05.13 01:31:51 [ 0 ] NetworkReceiveElapsedMicroseconds: 1 (increment)
[clickhouse-builder-0.clickhouse-builder.ch-builder.svc.cluster.local] 2026.05.13 01:31:51 [ 0 ] NetworkSendElapsedMicroseconds: 29 (increment)
[clickhouse-builder-0.clickhouse-builder.ch-builder.svc.cluster.local] 2026.05.13 01:31:51 [ 0 ] NetworkSendBytes: 2647 (increment)
[clickhouse-builder-0.clickhouse-builder.ch-builder.svc.cluster.local] 2026.05.13 01:31:51 [ 0 ] GCSReadMicroseconds: 2502 (increment)
[clickhouse-builder-0.clickhouse-builder.ch-builder.svc.cluster.local] 2026.05.13 01:31:51 [ 0 ] GCSReadRequestsCount: 22 (increment)
[clickhouse-builder-0.clickhouse-builder.ch-builder.svc.cluster.local] 2026.05.13 01:31:51 [ 0 ] GCSReadRequestAttempts: 22 (increment)
[clickhouse-builder-0.clickhouse-builder.ch-builder.svc.cluster.local] 2026.05.13 01:31:51 [ 0 ] DiskGCSReadMicroseconds: 2502 (increment)
[clickhouse-builder-0.clickhouse-builder.ch-builder.svc.cluster.local] 2026.05.13 01:31:51 [ 0 ] DiskGCSReadRequestsCount: 22 (increment)
[clickhouse-builder-0.clickhouse-builder.ch-builder.svc.cluster.local] 2026.05.13 01:31:51 [ 0 ] DiskGCSReadRequestAttempts: 22 (increment)
[clickhouse-builder-0.clickhouse-builder.ch-builder.svc.cluster.local] 2026.05.13 01:31:51 [ 0 ] GCSReadObject: 22 (increment)
[clickhouse-builder-0.clickhouse-builder.ch-builder.svc.cluster.local] 2026.05.13 01:31:51 [ 0 ] DiskGCSReadObject: 22 (increment)
[clickhouse-builder-0.clickhouse-builder.ch-builder.svc.cluster.local] 2026.05.13 01:31:51 [ 0 ] ReadBufferFromGCSMicroseconds: 4981394 (increment)
[clickhouse-builder-0.clickhouse-builder.ch-builder.svc.cluster.local] 2026.05.13 01:31:51 [ 0 ] ReadBufferFromGCSInitMicroseconds: 2597 (increment)
[clickhouse-builder-0.clickhouse-builder.ch-builder.svc.cluster.local] 2026.05.13 01:31:51 [ 0 ] ReadBufferFromGCSBytes: 4122552 (increment)
[clickhouse-builder-0.clickhouse-builder.ch-builder.svc.cluster.local] 2026.05.13 01:31:51 [ 0 ] InterfaceNativeSendBytes: 2647 (increment)
[clickhouse-builder-0.clickhouse-builder.ch-builder.svc.cluster.local] 2026.05.13 01:31:51 [ 0 ] MemoryTrackerUsage: 174624 (gauge)
[clickhouse-builder-0.clickhouse-builder.ch-builder.svc.cluster.local] 2026.05.13 01:31:51 [ 0 ] MemoryTrackerPeakUsage: 174624 (gauge)
[clickhouse-builder-0.clickhouse-builder.ch-builder.svc.cluster.local] 2026.05.13 01:31:51 [ 0 ] ReadCompressedBytes: 1639025 (increment)
[clickhouse-builder-0.clickhouse-builder.ch-builder.svc.cluster.local] 2026.05.13 01:31:51 [ 0 ] CompressedReadBufferBlocks: 25 (increment)
[clickhouse-builder-0.clickhouse-builder.ch-builder.svc.cluster.local] 2026.05.13 01:31:51 [ 0 ] CompressedReadBufferBytes: 1638400 (increment)
[clickhouse-builder-0.clickhouse-builder.ch-builder.svc.cluster.local] 2026.05.13 01:31:51 [ 0 ] IOBufferAllocs: 25 (increment)
[clickhouse-builder-0.clickhouse-builder.ch-builder.svc.cluster.local] 2026.05.13 01:31:51 [ 0 ] IOBufferAllocBytes: 6951041 (increment)
[clickhouse-builder-0.clickhouse-builder.ch-builder.svc.cluster.local] 2026.05.13 01:31:51 [ 0 ] NetworkReceiveElapsedMicroseconds: 1 (increment)
[clickhouse-builder-0.clickhouse-builder.ch-builder.svc.cluster.local] 2026.05.13 01:31:51 [ 0 ] NetworkSendElapsedMicroseconds: 24 (increment)
[clickhouse-builder-0.clickhouse-builder.ch-builder.svc.cluster.local] 2026.05.13 01:31:51 [ 0 ] NetworkSendBytes: 2647 (increment)
[clickhouse-builder-0.clickhouse-builder.ch-builder.svc.cluster.local] 2026.05.13 01:31:51 [ 0 ] GCSReadMicroseconds: 3250 (increment)
[clickhouse-builder-0.clickhouse-builder.ch-builder.svc.cluster.local] 2026.05.13 01:31:51 [ 0 ] GCSReadRequestsCount: 25 (increment)
[clickhouse-builder-0.clickhouse-builder.ch-builder.svc.cluster.local] 2026.05.13 01:31:51 [ 0 ] GCSReadRequestAttempts: 25 (increment)
[clickhouse-builder-0.clickhouse-builder.ch-builder.svc.cluster.local] 2026.05.13 01:31:51 [ 0 ] DiskGCSReadMicroseconds: 3250 (increment)
[clickhouse-builder-0.clickhouse-builder.ch-builder.svc.cluster.local] 2026.05.13 01:31:51 [ 0 ] DiskGCSReadRequestsCount: 25 (increment)
[clickhouse-builder-0.clickhouse-builder.ch-builder.svc.cluster.local] 2026.05.13 01:31:51 [ 0 ] DiskGCSReadRequestAttempts: 25 (increment)
[clickhouse-builder-0.clickhouse-builder.ch-builder.svc.cluster.local] 2026.05.13 01:31:51 [ 0 ] GCSReadObject: 25 (increment)
[clickhouse-builder-0.clickhouse-builder.ch-builder.svc.cluster.local] 2026.05.13 01:31:51 [ 0 ] DiskGCSReadObject: 25 (increment)
[clickhouse-builder-0.clickhouse-builder.ch-builder.svc.cluster.local] 2026.05.13 01:31:51 [ 0 ] ReadBufferFromGCSMicroseconds: 5573062 (increment)
[clickhouse-builder-0.clickhouse-builder.ch-builder.svc.cluster.local] 2026.05.13 01:31:51 [ 0 ] ReadBufferFromGCSInitMicroseconds: 3353 (increment)
[clickhouse-builder-0.clickhouse-builder.ch-builder.svc.cluster.local] 2026.05.13 01:31:51 [ 0 ] ReadBufferFromGCSBytes: 12718834 (increment)
[clickhouse-builder-0.clickhouse-builder.ch-builder.svc.cluster.local] 2026.05.13 01:31:51 [ 0 ] InterfaceNativeSendBytes: 2647 (increment)
[clickhouse-builder-0.clickhouse-builder.ch-builder.svc.cluster.local] 2026.05.13 01:31:51 [ 0 ] MemoryTrackerUsage: 174624 (gauge)
[clickhouse-builder-0.clickhouse-builder.ch-builder.svc.cluster.local] 2026.05.13 01:31:51 [ 0 ] MemoryTrackerPeakUsage: 174624 (gauge)
[clickhouse-builder-0.clickhouse-builder.ch-builder.svc.cluster.local] 2026.05.13 01:31:51 [ 0 ] ReadCompressedBytes: 2229074 (increment)
[clickhouse-builder-0.clickhouse-builder.ch-builder.svc.cluster.local] 2026.05.13 01:31:51 [ 0 ] CompressedReadBufferBlocks: 34 (increment)
[clickhouse-builder-0.clickhouse-builder.ch-builder.svc.cluster.local] 2026.05.13 01:31:51 [ 0 ] CompressedReadBufferBytes: 2228224 (increment)
[clickhouse-builder-0.clickhouse-builder.ch-builder.svc.cluster.local] 2026.05.13 01:31:51 [ 0 ] IOBufferAllocs: 49 (increment)
[clickhouse-builder-0.clickhouse-builder.ch-builder.svc.cluster.local] 2026.05.13 01:31:51 [ 0 ] IOBufferAllocBytes: 14426132 (increment)
[clickhouse-builder-0.clickhouse-builder.ch-builder.svc.cluster.local] 2026.05.13 01:31:51 [ 0 ] NetworkReceiveElapsedMicroseconds: 2 (increment)
[clickhouse-builder-0.clickhouse-builder.ch-builder.svc.cluster.local] 2026.05.13 01:31:51 [ 0 ] NetworkSendElapsedMicroseconds: 32 (increment)
[clickhouse-builder-0.clickhouse-builder.ch-builder.svc.cluster.local] 2026.05.13 01:31:51 [ 0 ] NetworkSendBytes: 2647 (increment)
[clickhouse-builder-0.clickhouse-builder.ch-builder.svc.cluster.local] 2026.05.13 01:31:51 [ 0 ] GCSReadMicroseconds: 3754 (increment)
[clickhouse-builder-0.clickhouse-builder.ch-builder.svc.cluster.local] 2026.05.13 01:31:51 [ 0 ] GCSReadRequestsCount: 34 (increment)
[clickhouse-builder-0.clickhouse-builder.ch-builder.svc.cluster.local] 2026.05.13 01:31:51 [ 0 ] GCSReadRequestAttempts: 34 (increment)
[clickhouse-builder-0.clickhouse-builder.ch-builder.svc.cluster.local] 2026.05.13 01:31:51 [ 0 ] DiskGCSReadMicroseconds: 3754 (increment)
[clickhouse-builder-0.clickhouse-builder.ch-builder.svc.cluster.local] 2026.05.13 01:31:51 [ 0 ] DiskGCSReadRequestsCount: 34 (increment)
[clickhouse-builder-0.clickhouse-builder.ch-builder.svc.cluster.local] 2026.05.13 01:31:51 [ 0 ] DiskGCSReadRequestAttempts: 34 (increment)
[clickhouse-builder-0.clickhouse-builder.ch-builder.svc.cluster.local] 2026.05.13 01:31:51 [ 0 ] GCSReadObject: 34 (increment)
[clickhouse-builder-0.clickhouse-builder.ch-builder.svc.cluster.local] 2026.05.13 01:31:51 [ 0 ] DiskGCSReadObject: 34 (increment)
[clickhouse-builder-0.clickhouse-builder.ch-builder.svc.cluster.local] 2026.05.13 01:31:51 [ 0 ] ReadBufferFromGCSMicroseconds: 6493000 (increment)
[clickhouse-builder-0.clickhouse-builder.ch-builder.svc.cluster.local] 2026.05.13 01:31:51 [ 0 ] ReadBufferFromGCSInitMicroseconds: 3887 (increment)
[clickhouse-builder-0.clickhouse-builder.ch-builder.svc.cluster.local] 2026.05.13 01:31:51 [ 0 ] ReadBufferFromGCSBytes: 13898932 (increment)
[clickhouse-builder-0.clickhouse-builder.ch-builder.svc.cluster.local] 2026.05.13 01:31:51 [ 0 ] InterfaceNativeSendBytes: 2647 (increment)
[clickhouse-builder-0.clickhouse-builder.ch-builder.svc.cluster.local] 2026.05.13 01:31:51 [ 0 ] MemoryTrackerUsage: 174624 (gauge)
[clickhouse-builder-0.clickhouse-builder.ch-builder.svc.cluster.local] 2026.05.13 01:31:51 [ 0 ] MemoryTrackerPeakUsage: 174624 (gauge)
[clickhouse-builder-0.clickhouse-builder.ch-builder.svc.cluster.local] 2026.05.13 01:31:52 [ 0 ] ReadCompressedBytes: 1245659 (increment)
[clickhouse-builder-0.clickhouse-builder.ch-builder.svc.cluster.local] 2026.05.13 01:31:52 [ 0 ] CompressedReadBufferBlocks: 19 (increment)
[clickhouse-builder-0.clickhouse-builder.ch-builder.svc.cluster.local] 2026.05.13 01:31:52 [ 0 ] CompressedReadBufferBytes: 1245184 (increment)
[clickhouse-builder-0.clickhouse-builder.ch-builder.svc.cluster.local] 2026.05.13 01:31:52 [ 0 ] IOBufferAllocs: 37 (increment)
[clickhouse-builder-0.clickhouse-builder.ch-builder.svc.cluster.local] 2026.05.13 01:31:52 [ 0 ] IOBufferAllocBytes: 11671339 (increment)
[clickhouse-builder-0.clickhouse-builder.ch-builder.svc.cluster.local] 2026.05.13 01:31:52 [ 0 ] NetworkReceiveElapsedMicroseconds: 1 (increment)
[clickhouse-builder-0.clickhouse-builder.ch-builder.svc.cluster.local] 2026.05.13 01:31:52 [ 0 ] NetworkSendElapsedMicroseconds: 24 (increment)
[clickhouse-builder-0.clickhouse-builder.ch-builder.svc.cluster.local] 2026.05.13 01:31:52 [ 0 ] NetworkSendBytes: 2647 (increment)
[clickhouse-builder-0.clickhouse-builder.ch-builder.svc.cluster.local] 2026.05.13 01:31:52 [ 0 ] GCSReadMicroseconds: 2023 (increment)
[clickhouse-builder-0.clickhouse-builder.ch-builder.svc.cluster.local] 2026.05.13 01:31:52 [ 0 ] GCSReadRequestsCount: 19 (increment)
[clickhouse-builder-0.clickhouse-builder.ch-builder.svc.cluster.local] 2026.05.13 01:31:52 [ 0 ] GCSReadRequestAttempts: 19 (increment)
[clickhouse-builder-0.clickhouse-builder.ch-builder.svc.cluster.local] 2026.05.13 01:31:52 [ 0 ] DiskGCSReadMicroseconds: 2023 (increment)
[clickhouse-builder-0.clickhouse-builder.ch-builder.svc.cluster.local] 2026.05.13 01:31:52 [ 0 ] DiskGCSReadRequestsCount: 19 (increment)
[clickhouse-builder-0.clickhouse-builder.ch-builder.svc.cluster.local] 2026.05.13 01:31:52 [ 0 ] DiskGCSReadRequestAttempts: 19 (increment)
[clickhouse-builder-0.clickhouse-builder.ch-builder.svc.cluster.local] 2026.05.13 01:31:52 [ 0 ] GCSReadObject: 19 (increment)
[clickhouse-builder-0.clickhouse-builder.ch-builder.svc.cluster.local] 2026.05.13 01:31:52 [ 0 ] DiskGCSReadObject: 19 (increment)
[clickhouse-builder-0.clickhouse-builder.ch-builder.svc.cluster.local] 2026.05.13 01:31:52 [ 0 ] ReadBufferFromGCSMicroseconds: 3344392 (increment)
[clickhouse-builder-0.clickhouse-builder.ch-builder.svc.cluster.local] 2026.05.13 01:31:52 [ 0 ] ReadBufferFromGCSInitMicroseconds: 2093 (increment)
[clickhouse-builder-0.clickhouse-builder.ch-builder.svc.cluster.local] 2026.05.13 01:31:52 [ 0 ] ReadBufferFromGCSBytes: 5834929 (increment)
[clickhouse-builder-0.clickhouse-builder.ch-builder.svc.cluster.local] 2026.05.13 01:31:52 [ 0 ] InterfaceNativeSendBytes: 2647 (increment)
[clickhouse-builder-0.clickhouse-builder.ch-builder.svc.cluster.local] 2026.05.13 01:31:52 [ 0 ] MemoryTrackerUsage: 5098021 (gauge)
[clickhouse-builder-0.clickhouse-builder.ch-builder.svc.cluster.local] 2026.05.13 01:31:52 [ 0 ] MemoryTrackerPeakUsage: 5098021 (gauge)
[clickhouse-builder-0.clickhouse-builder.ch-builder.svc.cluster.local] 2026.05.13 01:31:52 [ 0 ] ReadCompressedBytes: 1639025 (increment)
[clickhouse-builder-0.clickhouse-builder.ch-builder.svc.cluster.local] 2026.05.13 01:31:52 [ 0 ] CompressedReadBufferBlocks: 25 (increment)
[clickhouse-builder-0.clickhouse-builder.ch-builder.svc.cluster.local] 2026.05.13 01:31:52 [ 0 ] CompressedReadBufferBytes: 1638400 (increment)
[clickhouse-builder-0.clickhouse-builder.ch-builder.svc.cluster.local] 2026.05.13 01:31:52 [ 0 ] IOBufferAllocs: 39 (increment)
[clickhouse-builder-0.clickhouse-builder.ch-builder.svc.cluster.local] 2026.05.13 01:31:52 [ 0 ] IOBufferAllocBytes: 19403763 (increment)
[clickhouse-builder-0.clickhouse-builder.ch-builder.svc.cluster.local] 2026.05.13 01:31:52 [ 0 ] NetworkReceiveElapsedMicroseconds: 2 (increment)
[clickhouse-builder-0.clickhouse-builder.ch-builder.svc.cluster.local] 2026.05.13 01:31:52 [ 0 ] NetworkSendElapsedMicroseconds: 32 (increment)
[clickhouse-builder-0.clickhouse-builder.ch-builder.svc.cluster.local] 2026.05.13 01:31:52 [ 0 ] NetworkSendBytes: 2647 (increment)
[clickhouse-builder-0.clickhouse-builder.ch-builder.svc.cluster.local] 2026.05.13 01:31:52 [ 0 ] GCSReadMicroseconds: 2877 (increment)
[clickhouse-builder-0.clickhouse-builder.ch-builder.svc.cluster.local] 2026.05.13 01:31:52 [ 0 ] GCSReadRequestsCount: 25 (increment)
[clickhouse-builder-0.clickhouse-builder.ch-builder.svc.cluster.local] 2026.05.13 01:31:52 [ 0 ] GCSReadRequestAttempts: 25 (increment)
[clickhouse-builder-0.clickhouse-builder.ch-builder.svc.cluster.local] 2026.05.13 01:31:52 [ 0 ] DiskGCSReadMicroseconds: 2877 (increment)
[clickhouse-builder-0.clickhouse-builder.ch-builder.svc.cluster.local] 2026.05.13 01:31:52 [ 0 ] DiskGCSReadRequestsCount: 25 (increment)
[clickhouse-builder-0.clickhouse-builder.ch-builder.svc.cluster.local] 2026.05.13 01:31:52 [ 0 ] DiskGCSReadRequestAttempts: 25 (increment)
[clickhouse-builder-0.clickhouse-builder.ch-builder.svc.cluster.local] 2026.05.13 01:31:52 [ 0 ] GCSReadObject: 25 (increment)
[clickhouse-builder-0.clickhouse-builder.ch-builder.svc.cluster.local] 2026.05.13 01:31:52 [ 0 ] DiskGCSReadObject: 25 (increment)
[clickhouse-builder-0.clickhouse-builder.ch-builder.svc.cluster.local] 2026.05.13 01:31:52 [ 0 ] ReadBufferFromGCSMicroseconds: 5208321 (increment)
[clickhouse-builder-0.clickhouse-builder.ch-builder.svc.cluster.local] 2026.05.13 01:31:52 [ 0 ] ReadBufferFromGCSInitMicroseconds: 2975 (increment)
[clickhouse-builder-0.clickhouse-builder.ch-builder.svc.cluster.local] 2026.05.13 01:31:52 [ 0 ] ReadBufferFromGCSBytes: 9637467 (increment)
[clickhouse-builder-0.clickhouse-builder.ch-builder.svc.cluster.local] 2026.05.13 01:31:52 [ 0 ] InterfaceNativeSendBytes: 2647 (increment)
[clickhouse-builder-0.clickhouse-builder.ch-builder.svc.cluster.local] 2026.05.13 01:31:52 [ 0 ] MemoryTrackerUsage: 59362240 (gauge)
[clickhouse-builder-0.clickhouse-builder.ch-builder.svc.cluster.local] 2026.05.13 01:31:52 [ 0 ] MemoryTrackerPeakUsage: 59362240 (gauge)
[clickhouse-builder-0.clickhouse-builder.ch-builder.svc.cluster.local] 2026.05.13 01:31:52 [ 0 ] ReadCompressedBytes: 1376781 (increment)
[clickhouse-builder-0.clickhouse-builder.ch-builder.svc.cluster.local] 2026.05.13 01:31:52 [ 0 ] CompressedReadBufferBlocks: 21 (increment)
[clickhouse-builder-0.clickhouse-builder.ch-builder.svc.cluster.local] 2026.05.13 01:31:52 [ 0 ] CompressedReadBufferBytes: 1376256 (increment)
[clickhouse-builder-0.clickhouse-builder.ch-builder.svc.cluster.local] 2026.05.13 01:31:52 [ 0 ] IOBufferAllocs: 22 (increment)
[clickhouse-builder-0.clickhouse-builder.ch-builder.svc.cluster.local] 2026.05.13 01:31:52 [ 0 ] IOBufferAllocBytes: 21562930 (increment)
[clickhouse-builder-0.clickhouse-builder.ch-builder.svc.cluster.local] 2026.05.13 01:31:52 [ 0 ] NetworkReceiveElapsedMicroseconds: 1 (increment)
[clickhouse-builder-0.clickhouse-builder.ch-builder.svc.cluster.local] 2026.05.13 01:31:52 [ 0 ] NetworkSendElapsedMicroseconds: 21 (increment)
[clickhouse-builder-0.clickhouse-builder.ch-builder.svc.cluster.local] 2026.05.13 01:31:52 [ 0 ] NetworkSendBytes: 2647 (increment)
[clickhouse-builder-0.clickhouse-builder.ch-builder.svc.cluster.local] 2026.05.13 01:31:52 [ 0 ] GCSReadMicroseconds: 2393 (increment)
[clickhouse-builder-0.clickhouse-builder.ch-builder.svc.cluster.local] 2026.05.13 01:31:52 [ 0 ] GCSReadRequestsCount: 21 (increment)
[clickhouse-builder-0.clickhouse-builder.ch-builder.svc.cluster.local] 2026.05.13 01:31:52 [ 0 ] GCSReadRequestAttempts: 21 (increment)
[clickhouse-builder-0.clickhouse-builder.ch-builder.svc.cluster.local] 2026.05.13 01:31:52 [ 0 ] DiskGCSReadMicroseconds: 2393 (increment)
[clickhouse-builder-0.clickhouse-builder.ch-builder.svc.cluster.local] 2026.05.13 01:31:52 [ 0 ] DiskGCSReadRequestsCount: 21 (increment)
[clickhouse-builder-0.clickhouse-builder.ch-builder.svc.cluster.local] 2026.05.13 01:31:52 [ 0 ] DiskGCSReadRequestAttempts: 21 (increment)
[clickhouse-builder-0.clickhouse-builder.ch-builder.svc.cluster.local] 2026.05.13 01:31:52 [ 0 ] GCSReadObject: 21 (increment)
[clickhouse-builder-0.clickhouse-builder.ch-builder.svc.cluster.local] 2026.05.13 01:31:52 [ 0 ] DiskGCSReadObject: 21 (increment)
[clickhouse-builder-0.clickhouse-builder.ch-builder.svc.cluster.local] 2026.05.13 01:31:52 [ 0 ] ReadBufferFromGCSMicroseconds: 4424028 (increment)
[clickhouse-builder-0.clickhouse-builder.ch-builder.svc.cluster.local] 2026.05.13 01:31:52 [ 0 ] ReadBufferFromGCSInitMicroseconds: 2482 (increment)
[clickhouse-builder-0.clickhouse-builder.ch-builder.svc.cluster.local] 2026.05.13 01:31:52 [ 0 ] ReadBufferFromGCSBytes: 10620882 (increment)
[clickhouse-builder-0.clickhouse-builder.ch-builder.svc.cluster.local] 2026.05.13 01:31:52 [ 0 ] InterfaceNativeSendBytes: 2647 (increment)
[clickhouse-builder-0.clickhouse-builder.ch-builder.svc.cluster.local] 2026.05.13 01:31:52 [ 0 ] MemoryTrackerUsage: 158624584 (gauge)
[clickhouse-builder-0.clickhouse-builder.ch-builder.svc.cluster.local] 2026.05.13 01:31:52 [ 0 ] MemoryTrackerPeakUsage: 158624584 (gauge)
[clickhouse-builder-0.clickhouse-builder.ch-builder.svc.cluster.local] 2026.05.13 01:31:52 [ 0 ] ReadCompressedBytes: 5440063 (increment)
[clickhouse-builder-0.clickhouse-builder.ch-builder.svc.cluster.local] 2026.05.13 01:31:52 [ 0 ] CompressedReadBufferBlocks: 23 (increment)
[clickhouse-builder-0.clickhouse-builder.ch-builder.svc.cluster.local] 2026.05.13 01:31:52 [ 0 ] CompressedReadBufferBytes: 5439488 (increment)
[clickhouse-builder-0.clickhouse-builder.ch-builder.svc.cluster.local] 2026.05.13 01:31:52 [ 0 ] IOBufferAllocs: 12 (increment)
[clickhouse-builder-0.clickhouse-builder.ch-builder.svc.cluster.local] 2026.05.13 01:31:52 [ 0 ] IOBufferAllocBytes: 12583668 (increment)
[clickhouse-builder-0.clickhouse-builder.ch-builder.svc.cluster.local] 2026.05.13 01:31:52 [ 0 ] NetworkReceiveElapsedMicroseconds: 2 (increment)
[clickhouse-builder-0.clickhouse-builder.ch-builder.svc.cluster.local] 2026.05.13 01:31:52 [ 0 ] NetworkSendElapsedMicroseconds: 27 (increment)
[clickhouse-builder-0.clickhouse-builder.ch-builder.svc.cluster.local] 2026.05.13 01:31:52 [ 0 ] NetworkSendBytes: 2655 (increment)
[clickhouse-builder-0.clickhouse-builder.ch-builder.svc.cluster.local] 2026.05.13 01:31:52 [ 0 ] SelectedRows: 32768 (increment)
[clickhouse-builder-0.clickhouse-builder.ch-builder.svc.cluster.local] 2026.05.13 01:31:52 [ 0 ] SelectedBytes: 4751360 (increment)
[clickhouse-builder-0.clickhouse-builder.ch-builder.svc.cluster.local] 2026.05.13 01:31:52 [ 0 ] RowsReadByMainReader: 32768 (increment)
[clickhouse-builder-0.clickhouse-builder.ch-builder.svc.cluster.local] 2026.05.13 01:31:52 [ 0 ] RealTimeMicroseconds: 2669735 (increment)
[clickhouse-builder-0.clickhouse-builder.ch-builder.svc.cluster.local] 2026.05.13 01:31:52 [ 0 ] UserTimeMicroseconds: 6534 (increment)
[clickhouse-builder-0.clickhouse-builder.ch-builder.svc.cluster.local] 2026.05.13 01:31:52 [ 0 ] SystemTimeMicroseconds: 980 (increment)
[clickhouse-builder-0.clickhouse-builder.ch-builder.svc.cluster.local] 2026.05.13 01:31:52 [ 0 ] SoftPageFaults: 634 (increment)
[clickhouse-builder-0.clickhouse-builder.ch-builder.svc.cluster.local] 2026.05.13 01:31:52 [ 0 ] OSCPUVirtualTimeMicroseconds: 7512 (increment)
[clickhouse-builder-0.clickhouse-builder.ch-builder.svc.cluster.local] 2026.05.13 01:31:52 [ 0 ] OSReadChars: 2999 (increment)
[clickhouse-builder-0.clickhouse-builder.ch-builder.svc.cluster.local] 2026.05.13 01:31:52 [ 0 ] GCSReadMicroseconds: 1331 (increment)
[clickhouse-builder-0.clickhouse-builder.ch-builder.svc.cluster.local] 2026.05.13 01:31:52 [ 0 ] GCSReadRequestsCount: 12 (increment)
[clickhouse-builder-0.clickhouse-builder.ch-builder.svc.cluster.local] 2026.05.13 01:31:52 [ 0 ] GCSReadRequestAttempts: 12 (increment)
[clickhouse-builder-0.clickhouse-builder.ch-builder.svc.cluster.local] 2026.05.13 01:31:52 [ 0 ] DiskGCSReadMicroseconds: 1331 (increment)
[clickhouse-builder-0.clickhouse-builder.ch-builder.svc.cluster.local] 2026.05.13 01:31:52 [ 0 ] DiskGCSReadRequestsCount: 12 (increment)
[clickhouse-builder-0.clickhouse-builder.ch-builder.svc.cluster.local] 2026.05.13 01:31:52 [ 0 ] DiskGCSReadRequestAttempts: 12 (increment)
[clickhouse-builder-0.clickhouse-builder.ch-builder.svc.cluster.local] 2026.05.13 01:31:52 [ 0 ] GCSReadObject: 12 (increment)
[clickhouse-builder-0.clickhouse-builder.ch-builder.svc.cluster.local] 2026.05.13 01:31:52 [ 0 ] DiskGCSReadObject: 12 (increment)
[clickhouse-builder-0.clickhouse-builder.ch-builder.svc.cluster.local] 2026.05.13 01:31:52 [ 0 ] ReadBufferFromGCSMicroseconds: 3396021 (increment)
[clickhouse-builder-0.clickhouse-builder.ch-builder.svc.cluster.local] 2026.05.13 01:31:52 [ 0 ] ReadBufferFromGCSInitMicroseconds: 1388 (increment)
[clickhouse-builder-0.clickhouse-builder.ch-builder.svc.cluster.local] 2026.05.13 01:31:52 [ 0 ] ReadBufferFromGCSBytes: 13437205 (increment)
[clickhouse-builder-0.clickhouse-builder.ch-builder.svc.cluster.local] 2026.05.13 01:31:52 [ 0 ] InterfaceNativeSendBytes: 2655 (increment)
[clickhouse-builder-0.clickhouse-builder.ch-builder.svc.cluster.local] 2026.05.13 01:31:52 [ 0 ] MemoryTrackerUsage: 218263402 (gauge)
[clickhouse-builder-0.clickhouse-builder.ch-builder.svc.cluster.local] 2026.05.13 01:31:52 [ 0 ] MemoryTrackerPeakUsage: 218263402 (gauge)
[clickhouse-builder-0.clickhouse-builder.ch-builder.svc.cluster.local] 2026.05.13 01:31:52 [ 0 ] ReadCompressedBytes: 22298134 (increment)
[clickhouse-builder-0.clickhouse-builder.ch-builder.svc.cluster.local] 2026.05.13 01:31:52 [ 0 ] CompressedReadBufferBlocks: 72 (increment)
[clickhouse-builder-0.clickhouse-builder.ch-builder.svc.cluster.local] 2026.05.13 01:31:52 [ 0 ] CompressedReadBufferBytes: 22413312 (increment)
[clickhouse-builder-0.clickhouse-builder.ch-builder.svc.cluster.local] 2026.05.13 01:31:52 [ 0 ] IOBufferAllocs: 4 (increment)
[clickhouse-builder-0.clickhouse-builder.ch-builder.svc.cluster.local] 2026.05.13 01:31:52 [ 0 ] IOBufferAllocBytes: 4194556 (increment)
[clickhouse-builder-0.clickhouse-builder.ch-builder.svc.cluster.local] 2026.05.13 01:31:52 [ 0 ] NetworkReceiveElapsedMicroseconds: 1 (increment)
[clickhouse-builder-0.clickhouse-builder.ch-builder.svc.cluster.local] 2026.05.13 01:31:52 [ 0 ] NetworkSendElapsedMicroseconds: 22 (increment)
[clickhouse-builder-0.clickhouse-builder.ch-builder.svc.cluster.local] 2026.05.13 01:31:52 [ 0 ] NetworkSendBytes: 3631 (increment)
[clickhouse-builder-0.clickhouse-builder.ch-builder.svc.cluster.local] 2026.05.13 01:31:52 [ 0 ] SelectedRows: 147456 (increment)
[clickhouse-builder-0.clickhouse-builder.ch-builder.svc.cluster.local] 2026.05.13 01:31:52 [ 0 ] SelectedBytes: 21381120 (increment)
[clickhouse-builder-0.clickhouse-builder.ch-builder.svc.cluster.local] 2026.05.13 01:31:52 [ 0 ] RowsReadByMainReader: 147456 (increment)
[clickhouse-builder-0.clickhouse-builder.ch-builder.svc.cluster.local] 2026.05.13 01:31:52 [ 0 ] RealTimeMicroseconds: 11103343 (increment)
[clickhouse-builder-0.clickhouse-builder.ch-builder.svc.cluster.local] 2026.05.13 01:31:52 [ 0 ] UserTimeMicroseconds: 19856 (increment)
[clickhouse-builder-0.clickhouse-builder.ch-builder.svc.cluster.local] 2026.05.13 01:31:52 [ 0 ] SystemTimeMicroseconds: 17463 (increment)
[clickhouse-builder-0.clickhouse-builder.ch-builder.svc.cluster.local] 2026.05.13 01:31:52 [ 0 ] SoftPageFaults: 7139 (increment)
[clickhouse-builder-0.clickhouse-builder.ch-builder.svc.cluster.local] 2026.05.13 01:31:52 [ 0 ] OSCPUVirtualTimeMicroseconds: 37312 (increment)
[clickhouse-builder-0.clickhouse-builder.ch-builder.svc.cluster.local] 2026.05.13 01:31:52 [ 0 ] OSReadChars: 11686 (increment)
[clickhouse-builder-0.clickhouse-builder.ch-builder.svc.cluster.local] 2026.05.13 01:31:52 [ 0 ] GCSReadMicroseconds: 501 (increment)
[clickhouse-builder-0.clickhouse-builder.ch-builder.svc.cluster.local] 2026.05.13 01:31:52 [ 0 ] GCSReadRequestsCount: 4 (increment)
[clickhouse-builder-0.clickhouse-builder.ch-builder.svc.cluster.local] 2026.05.13 01:31:52 [ 0 ] GCSReadRequestAttempts: 4 (increment)
[clickhouse-builder-0.clickhouse-builder.ch-builder.svc.cluster.local] 2026.05.13 01:31:52 [ 0 ] DiskGCSReadMicroseconds: 501 (increment)
[clickhouse-builder-0.clickhouse-builder.ch-builder.svc.cluster.local] 2026.05.13 01:31:52 [ 0 ] DiskGCSReadRequestsCount: 4 (increment)
[clickhouse-builder-0.clickhouse-builder.ch-builder.svc.cluster.local] 2026.05.13 01:31:52 [ 0 ] DiskGCSReadRequestAttempts: 4 (increment)
[clickhouse-builder-0.clickhouse-builder.ch-builder.svc.cluster.local] 2026.05.13 01:31:52 [ 0 ] GCSReadObject: 4 (increment)
[clickhouse-builder-0.clickhouse-builder.ch-builder.svc.cluster.local] 2026.05.13 01:31:52 [ 0 ] DiskGCSReadObject: 4 (increment)
[clickhouse-builder-0.clickhouse-builder.ch-builder.svc.cluster.local] 2026.05.13 01:31:52 [ 0 ] ReadBufferFromGCSMicroseconds: 4335105 (increment)
[clickhouse-builder-0.clickhouse-builder.ch-builder.svc.cluster.local] 2026.05.13 01:31:52 [ 0 ] ReadBufferFromGCSInitMicroseconds: 519 (increment)
[clickhouse-builder-0.clickhouse-builder.ch-builder.svc.cluster.local] 2026.05.13 01:31:52 [ 0 ] ReadBufferFromGCSBytes: 32506656 (increment)
[clickhouse-builder-0.clickhouse-builder.ch-builder.svc.cluster.local] 2026.05.13 01:31:52 [ 0 ] MemoryAllocatedWithoutCheck: 12 (increment)
[clickhouse-builder-0.clickhouse-builder.ch-builder.svc.cluster.local] 2026.05.13 01:31:52 [ 0 ] MemoryAllocatedWithoutCheckBytes: 56088140 (increment)
[clickhouse-builder-0.clickhouse-builder.ch-builder.svc.cluster.local] 2026.05.13 01:31:52 [ 0 ] InterfaceNativeSendBytes: 3631 (increment)
[clickhouse-builder-0.clickhouse-builder.ch-builder.svc.cluster.local] 2026.05.13 01:31:52 [ 0 ] MemoryTrackerUsage: 232089961 (gauge)
[clickhouse-builder-0.clickhouse-builder.ch-builder.svc.cluster.local] 2026.05.13 01:31:52 [ 0 ] MemoryTrackerPeakUsage: 241927521 (gauge)
[clickhouse-builder-0.clickhouse-builder.ch-builder.svc.cluster.local] 2026.05.13 01:31:52 [ 0 ] ReadCompressedBytes: 43814281 (increment)
[clickhouse-builder-0.clickhouse-builder.ch-builder.svc.cluster.local] 2026.05.13 01:31:52 [ 0 ] CompressedReadBufferBlocks: 131 (increment)
[clickhouse-builder-0.clickhouse-builder.ch-builder.svc.cluster.local] 2026.05.13 01:31:52 [ 0 ] CompressedReadBufferBytes: 43974656 (increment)
[clickhouse-builder-0.clickhouse-builder.ch-builder.svc.cluster.local] 2026.05.13 01:31:52 [ 0 ] IOBufferAllocs: 1 (increment)
[clickhouse-builder-0.clickhouse-builder.ch-builder.svc.cluster.local] 2026.05.13 01:31:52 [ 0 ] IOBufferAllocBytes: 84267 (increment)
[clickhouse-builder-0.clickhouse-builder.ch-builder.svc.cluster.local] 2026.05.13 01:31:52 [ 0 ] NetworkReceiveElapsedMicroseconds: 1 (increment)
[clickhouse-builder-0.clickhouse-builder.ch-builder.svc.cluster.local] 2026.05.13 01:31:52 [ 0 ] NetworkSendElapsedMicroseconds: 23 (increment)
[clickhouse-builder-0.clickhouse-builder.ch-builder.svc.cluster.local] 2026.05.13 01:31:52 [ 0 ] NetworkSendBytes: 3872 (increment)
[clickhouse-builder-0.clickhouse-builder.ch-builder.svc.cluster.local] 2026.05.13 01:31:52 [ 0 ] SelectedRows: 294912 (increment)
[clickhouse-builder-0.clickhouse-builder.ch-builder.svc.cluster.local] 2026.05.13 01:31:52 [ 0 ] SelectedBytes: 42762240 (increment)
[clickhouse-builder-0.clickhouse-builder.ch-builder.svc.cluster.local] 2026.05.13 01:31:52 [ 0 ] RowsReadByMainReader: 294912 (increment)
[clickhouse-builder-0.clickhouse-builder.ch-builder.svc.cluster.local] 2026.05.13 01:31:52 [ 0 ] RealTimeMicroseconds: 15310117 (increment)
[clickhouse-builder-0.clickhouse-builder.ch-builder.svc.cluster.local] 2026.05.13 01:31:52 [ 0 ] UserTimeMicroseconds: 23079 (increment)
[clickhouse-builder-0.clickhouse-builder.ch-builder.svc.cluster.local] 2026.05.13 01:31:52 [ 0 ] SystemTimeMicroseconds: 27557 (increment)
[clickhouse-builder-0.clickhouse-builder.ch-builder.svc.cluster.local] 2026.05.13 01:31:52 [ 0 ] SoftPageFaults: 10277 (increment)
[clickhouse-builder-0.clickhouse-builder.ch-builder.svc.cluster.local] 2026.05.13 01:31:52 [ 0 ] OSCPUWaitMicroseconds: 13 (increment)
[clickhouse-builder-0.clickhouse-builder.ch-builder.svc.cluster.local] 2026.05.13 01:31:52 [ 0 ] OSCPUVirtualTimeMicroseconds: 50624 (increment)
[clickhouse-builder-0.clickhouse-builder.ch-builder.svc.cluster.local] 2026.05.13 01:31:52 [ 0 ] OSReadChars: 16725 (increment)
[clickhouse-builder-0.clickhouse-builder.ch-builder.svc.cluster.local] 2026.05.13 01:31:52 [ 0 ] GCSReadMicroseconds: 179 (increment)
[clickhouse-builder-0.clickhouse-builder.ch-builder.svc.cluster.local] 2026.05.13 01:31:52 [ 0 ] GCSReadRequestsCount: 1 (increment)
[clickhouse-builder-0.clickhouse-builder.ch-builder.svc.cluster.local] 2026.05.13 01:31:52 [ 0 ] GCSReadRequestsErrors: 4 (increment)
[clickhouse-builder-0.clickhouse-builder.ch-builder.svc.cluster.local] 2026.05.13 01:31:52 [ 0 ] GCSReadRequestAttempts: 1 (increment)
[clickhouse-builder-0.clickhouse-builder.ch-builder.svc.cluster.local] 2026.05.13 01:31:52 [ 0 ] DiskGCSReadMicroseconds: 179 (increment)
[clickhouse-builder-0.clickhouse-builder.ch-builder.svc.cluster.local] 2026.05.13 01:31:52 [ 0 ] DiskGCSReadRequestsCount: 1 (increment)
[clickhouse-builder-0.clickhouse-builder.ch-builder.svc.cluster.local] 2026.05.13 01:31:52 [ 0 ] DiskGCSReadRequestsErrors: 4 (increment)
[clickhouse-builder-0.clickhouse-builder.ch-builder.svc.cluster.local] 2026.05.13 01:31:52 [ 0 ] DiskGCSReadRequestAttempts: 1 (increment)
[clickhouse-builder-0.clickhouse-builder.ch-builder.svc.cluster.local] 2026.05.13 01:31:52 [ 0 ] GCSReadObject: 1 (increment)
[clickhouse-builder-0.clickhouse-builder.ch-builder.svc.cluster.local] 2026.05.13 01:31:52 [ 0 ] DiskGCSReadObject: 1 (increment)
[clickhouse-builder-0.clickhouse-builder.ch-builder.svc.cluster.local] 2026.05.13 01:31:52 [ 0 ] ReadBufferFromGCSMicroseconds: 5670376 (increment)
[clickhouse-builder-0.clickhouse-builder.ch-builder.svc.cluster.local] 2026.05.13 01:31:52 [ 0 ] ReadBufferFromGCSInitMicroseconds: 183 (increment)
[clickhouse-builder-0.clickhouse-builder.ch-builder.svc.cluster.local] 2026.05.13 01:31:52 [ 0 ] ReadBufferFromGCSBytes: 50331848 (increment)
[clickhouse-builder-0.clickhouse-builder.ch-builder.svc.cluster.local] 2026.05.13 01:31:52 [ 0 ] MemoryAllocatedWithoutCheck: 36 (increment)
[clickhouse-builder-0.clickhouse-builder.ch-builder.svc.cluster.local] 2026.05.13 01:31:52 [ 0 ] MemoryAllocatedWithoutCheckBytes: 175560452 (increment)
[clickhouse-builder-0.clickhouse-builder.ch-builder.svc.cluster.local] 2026.05.13 01:31:52 [ 0 ] InterfaceNativeSendBytes: 3872 (increment)
[clickhouse-builder-0.clickhouse-builder.ch-builder.svc.cluster.local] 2026.05.13 01:31:52 [ 0 ] MemoryTrackerUsage: 218244254 (gauge)
[clickhouse-builder-0.clickhouse-builder.ch-builder.svc.cluster.local] 2026.05.13 01:31:52 [ 0 ] MemoryTrackerPeakUsage: 241927521 (gauge)
[clickhouse-builder-0.clickhouse-builder.ch-builder.svc.cluster.local] 2026.05.13 01:31:52 [ 0 ] ReadCompressedBytes: 46628233 (increment)
[clickhouse-builder-0.clickhouse-builder.ch-builder.svc.cluster.local] 2026.05.13 01:31:52 [ 0 ] CompressedReadBufferBlocks: 145 (increment)
[clickhouse-builder-0.clickhouse-builder.ch-builder.svc.cluster.local] 2026.05.13 01:31:52 [ 0 ] CompressedReadBufferBytes: 46858240 (increment)
[clickhouse-builder-0.clickhouse-builder.ch-builder.svc.cluster.local] 2026.05.13 01:31:52 [ 0 ] IOBufferAllocs: 1 (increment)
[clickhouse-builder-0.clickhouse-builder.ch-builder.svc.cluster.local] 2026.05.13 01:31:52 [ 0 ] IOBufferAllocBytes: 524551 (increment)
[clickhouse-builder-0.clickhouse-builder.ch-builder.svc.cluster.local] 2026.05.13 01:31:52 [ 0 ] NetworkReceiveElapsedMicroseconds: 2 (increment)
[clickhouse-builder-0.clickhouse-builder.ch-builder.svc.cluster.local] 2026.05.13 01:31:52 [ 0 ] NetworkSendElapsedMicroseconds: 37 (increment)
[clickhouse-builder-0.clickhouse-builder.ch-builder.svc.cluster.local] 2026.05.13 01:31:52 [ 0 ] NetworkSendBytes: 4212 (increment)
[clickhouse-builder-0.clickhouse-builder.ch-builder.svc.cluster.local] 2026.05.13 01:31:52 [ 0 ] SelectedRows: 311296 (increment)
[clickhouse-builder-0.clickhouse-builder.ch-builder.svc.cluster.local] 2026.05.13 01:31:52 [ 0 ] SelectedBytes: 45137920 (increment)
[clickhouse-builder-0.clickhouse-builder.ch-builder.svc.cluster.local] 2026.05.13 01:31:52 [ 0 ] RowsReadByMainReader: 311296 (increment)
[clickhouse-builder-0.clickhouse-builder.ch-builder.svc.cluster.local] 2026.05.13 01:31:52 [ 0 ] RealTimeMicroseconds: 15579902 (increment)
[clickhouse-builder-0.clickhouse-builder.ch-builder.svc.cluster.local] 2026.05.13 01:31:52 [ 0 ] UserTimeMicroseconds: 29836 (increment)
[clickhouse-builder-0.clickhouse-builder.ch-builder.svc.cluster.local] 2026.05.13 01:31:52 [ 0 ] SystemTimeMicroseconds: 24391 (increment)
[clickhouse-builder-0.clickhouse-builder.ch-builder.svc.cluster.local] 2026.05.13 01:31:52 [ 0 ] SoftPageFaults: 14590 (increment)
[clickhouse-builder-0.clickhouse-builder.ch-builder.svc.cluster.local] 2026.05.13 01:31:52 [ 0 ] OSCPUVirtualTimeMicroseconds: 54200 (increment)
[clickhouse-builder-0.clickhouse-builder.ch-builder.svc.cluster.local] 2026.05.13 01:31:52 [ 0 ] OSReadChars: 17310 (increment)
[clickhouse-builder-0.clickhouse-builder.ch-builder.svc.cluster.local] 2026.05.13 01:31:52 [ 0 ] GCSReadRequestsCount: 1 (increment)
[clickhouse-builder-0.clickhouse-builder.ch-builder.svc.cluster.local] 2026.05.13 01:31:52 [ 0 ] GCSReadRequestsErrors: 1 (increment)
[clickhouse-builder-0.clickhouse-builder.ch-builder.svc.cluster.local] 2026.05.13 01:31:52 [ 0 ] GCSReadRequestAttempts: 1 (increment)
[clickhouse-builder-0.clickhouse-builder.ch-builder.svc.cluster.local] 2026.05.13 01:31:52 [ 0 ] DiskGCSReadRequestsCount: 1 (increment)
[clickhouse-builder-0.clickhouse-builder.ch-builder.svc.cluster.local] 2026.05.13 01:31:52 [ 0 ] DiskGCSReadRequestsErrors: 1 (increment)
[clickhouse-builder-0.clickhouse-builder.ch-builder.svc.cluster.local] 2026.05.13 01:31:52 [ 0 ] DiskGCSReadRequestAttempts: 1 (increment)
[clickhouse-builder-0.clickhouse-builder.ch-builder.svc.cluster.local] 2026.05.13 01:31:52 [ 0 ] GCSReadObject: 1 (increment)
[clickhouse-builder-0.clickhouse-builder.ch-builder.svc.cluster.local] 2026.05.13 01:31:52 [ 0 ] DiskGCSReadObject: 1 (increment)
[clickhouse-builder-0.clickhouse-builder.ch-builder.svc.cluster.local] 2026.05.13 01:31:52 [ 0 ] ReadBufferFromGCSMicroseconds: 6180957 (increment)
[clickhouse-builder-0.clickhouse-builder.ch-builder.svc.cluster.local] 2026.05.13 01:31:52 [ 0 ] ReadBufferFromGCSBytes: 51464628 (increment)
[clickhouse-builder-0.clickhouse-builder.ch-builder.svc.cluster.local] 2026.05.13 01:31:52 [ 0 ] MemoryAllocatedWithoutCheck: 32 (increment)
[clickhouse-builder-0.clickhouse-builder.ch-builder.svc.cluster.local] 2026.05.13 01:31:52 [ 0 ] MemoryAllocatedWithoutCheckBytes: 158552204 (increment)
[clickhouse-builder-0.clickhouse-builder.ch-builder.svc.cluster.local] 2026.05.13 01:31:52 [ 0 ] InterfaceNativeSendBytes: 4212 (increment)
[clickhouse-builder-0.clickhouse-builder.ch-builder.svc.cluster.local] 2026.05.13 01:31:52 [ 0 ] MemoryTrackerUsage: 187985059 (gauge)
[clickhouse-builder-0.clickhouse-builder.ch-builder.svc.cluster.local] 2026.05.13 01:31:52 [ 0 ] MemoryTrackerPeakUsage: 241927521 (gauge)
[clickhouse-builder-0.clickhouse-builder.ch-builder.svc.cluster.local] 2026.05.13 01:31:52 [ 0 ] FileOpen: 5 (increment)
[clickhouse-builder-0.clickhouse-builder.ch-builder.svc.cluster.local] 2026.05.13 01:31:52 [ 0 ] ReadBufferFromFileDescriptorRead: 10 (increment)
[clickhouse-builder-0.clickhouse-builder.ch-builder.svc.cluster.local] 2026.05.13 01:31:52 [ 0 ] ReadBufferFromFileDescriptorReadBytes: 369 (increment)
[clickhouse-builder-0.clickhouse-builder.ch-builder.svc.cluster.local] 2026.05.13 01:31:52 [ 0 ] ReadCompressedBytes: 92825020 (increment)
[clickhouse-builder-0.clickhouse-builder.ch-builder.svc.cluster.local] 2026.05.13 01:31:52 [ 0 ] CompressedReadBufferBlocks: 267 (increment)
[clickhouse-builder-0.clickhouse-builder.ch-builder.svc.cluster.local] 2026.05.13 01:31:52 [ 0 ] CompressedReadBufferBytes: 93192192 (increment)
[clickhouse-builder-0.clickhouse-builder.ch-builder.svc.cluster.local] 2026.05.13 01:31:52 [ 0 ] OpenedFileCacheMisses: 5 (increment)
[clickhouse-builder-0.clickhouse-builder.ch-builder.svc.cluster.local] 2026.05.13 01:31:52 [ 0 ] OpenedFileCacheMicroseconds: 1 (increment)
[clickhouse-builder-0.clickhouse-builder.ch-builder.svc.cluster.local] 2026.05.13 01:31:52 [ 0 ] IOBufferAllocs: 13 (increment)
[clickhouse-builder-0.clickhouse-builder.ch-builder.svc.cluster.local] 2026.05.13 01:31:52 [ 0 ] IOBufferAllocBytes: 2894188 (increment)
[clickhouse-builder-0.clickhouse-builder.ch-builder.svc.cluster.local] 2026.05.13 01:31:52 [ 0 ] MarkCacheHits: 5 (increment)
[clickhouse-builder-0.clickhouse-builder.ch-builder.svc.cluster.local] 2026.05.13 01:31:52 [ 0 ] CreatedReadBufferOrdinary: 5 (increment)
[clickhouse-builder-0.clickhouse-builder.ch-builder.svc.cluster.local] 2026.05.13 01:31:52 [ 0 ] DiskReadElapsedMicroseconds: 47 (increment)
[clickhouse-builder-0.clickhouse-builder.ch-builder.svc.cluster.local] 2026.05.13 01:31:52 [ 0 ] NetworkReceiveElapsedMicroseconds: 3 (increment)
[clickhouse-builder-0.clickhouse-builder.ch-builder.svc.cluster.local] 2026.05.13 01:31:52 [ 0 ] NetworkSendElapsedMicroseconds: 36 (increment)
[clickhouse-builder-0.clickhouse-builder.ch-builder.svc.cluster.local] 2026.05.13 01:31:52 [ 0 ] NetworkSendBytes: 3752 (increment)
[clickhouse-builder-0.clickhouse-builder.ch-builder.svc.cluster.local] 2026.05.13 01:31:52 [ 0 ] SelectedRows: 630784 (increment)
[clickhouse-builder-0.clickhouse-builder.ch-builder.svc.cluster.local] 2026.05.13 01:31:52 [ 0 ] SelectedBytes: 91463680 (increment)
[clickhouse-builder-0.clickhouse-builder.ch-builder.svc.cluster.local] 2026.05.13 01:31:52 [ 0 ] RowsReadByMainReader: 630784 (increment)
[clickhouse-builder-0.clickhouse-builder.ch-builder.svc.cluster.local] 2026.05.13 01:31:52 [ 0 ] WaitMarksLoadMicroseconds: 65 (increment)
[clickhouse-builder-0.clickhouse-builder.ch-builder.svc.cluster.local] 2026.05.13 01:31:52 [ 0 ] RealTimeMicroseconds: 9042891 (increment)
[clickhouse-builder-0.clickhouse-builder.ch-builder.svc.cluster.local] 2026.05.13 01:31:52 [ 0 ] UserTimeMicroseconds: 44879 (increment)
[clickhouse-builder-0.clickhouse-builder.ch-builder.svc.cluster.local] 2026.05.13 01:31:52 [ 0 ] SystemTimeMicroseconds: 11545 (increment)
[clickhouse-builder-0.clickhouse-builder.ch-builder.svc.cluster.local] 2026.05.13 01:31:52 [ 0 ] SoftPageFaults: 9152 (increment)
[clickhouse-builder-0.clickhouse-builder.ch-builder.svc.cluster.local] 2026.05.13 01:31:52 [ 0 ] OSCPUWaitMicroseconds: 36 (increment)
[clickhouse-builder-0.clickhouse-builder.ch-builder.svc.cluster.local] 2026.05.13 01:31:52 [ 0 ] OSCPUVirtualTimeMicroseconds: 56397 (increment)
[clickhouse-builder-0.clickhouse-builder.ch-builder.svc.cluster.local] 2026.05.13 01:31:52 [ 0 ] OSReadChars: 21012 (increment)
[clickhouse-builder-0.clickhouse-builder.ch-builder.svc.cluster.local] 2026.05.13 01:31:52 [ 0 ] GCSReadRequestsCount: 3 (increment)
[clickhouse-builder-0.clickhouse-builder.ch-builder.svc.cluster.local] 2026.05.13 01:31:52 [ 0 ] GCSReadRequestsErrors: 19 (increment)
[clickhouse-builder-0.clickhouse-builder.ch-builder.svc.cluster.local] 2026.05.13 01:31:52 [ 0 ] GCSReadRequestAttempts: 3 (increment)
[clickhouse-builder-0.clickhouse-builder.ch-builder.svc.cluster.local] 2026.05.13 01:31:52 [ 0 ] DiskGCSReadRequestsCount: 3 (increment)
[clickhouse-builder-0.clickhouse-builder.ch-builder.svc.cluster.local] 2026.05.13 01:31:52 [ 0 ] DiskGCSReadRequestsErrors: 19 (increment)
[clickhouse-builder-0.clickhouse-builder.ch-builder.svc.cluster.local] 2026.05.13 01:31:52 [ 0 ] DiskGCSReadRequestAttempts: 3 (increment)
[clickhouse-builder-0.clickhouse-builder.ch-builder.svc.cluster.local] 2026.05.13 01:31:52 [ 0 ] GCSReadObject: 3 (increment)
[clickhouse-builder-0.clickhouse-builder.ch-builder.svc.cluster.local] 2026.05.13 01:31:52 [ 0 ] DiskGCSReadObject: 3 (increment)
[clickhouse-builder-0.clickhouse-builder.ch-builder.svc.cluster.local] 2026.05.13 01:31:52 [ 0 ] ReadBufferFromGCSMicroseconds: 5480882 (increment)
[clickhouse-builder-0.clickhouse-builder.ch-builder.svc.cluster.local] 2026.05.13 01:31:52 [ 0 ] ReadBufferFromGCSBytes: 77596024 (increment)
[clickhouse-builder-0.clickhouse-builder.ch-builder.svc.cluster.local] 2026.05.13 01:31:52 [ 0 ] MemoryAllocatedWithoutCheck: 20 (increment)
[clickhouse-builder-0.clickhouse-builder.ch-builder.svc.cluster.local] 2026.05.13 01:31:52 [ 0 ] MemoryAllocatedWithoutCheckBytes: 119033924 (increment)
[clickhouse-builder-0.clickhouse-builder.ch-builder.svc.cluster.local] 2026.05.13 01:31:52 [ 0 ] InterfaceNativeSendBytes: 3752 (increment)
[clickhouse-builder-0.clickhouse-builder.ch-builder.svc.cluster.local] 2026.05.13 01:31:52 [ 0 ] MemoryTrackerUsage: 83118053 (gauge)
[clickhouse-builder-0.clickhouse-builder.ch-builder.svc.cluster.local] 2026.05.13 01:31:52 [ 0 ] MemoryTrackerPeakUsage: 241927521 (gauge)
[clickhouse-builder-0.clickhouse-builder.ch-builder.svc.cluster.local] 2026.05.13 01:31:52 [ 0 ] FileOpen: 35 (increment)
[clickhouse-builder-0.clickhouse-builder.ch-builder.svc.cluster.local] 2026.05.13 01:31:52 [ 0 ] ReadBufferFromFileDescriptorRead: 70 (increment)
[clickhouse-builder-0.clickhouse-builder.ch-builder.svc.cluster.local] 2026.05.13 01:31:52 [ 0 ] ReadBufferFromFileDescriptorReadBytes: 2583 (increment)
[clickhouse-builder-0.clickhouse-builder.ch-builder.svc.cluster.local] 2026.05.13 01:31:52 [ 0 ] ReadCompressedBytes: 200190375 (increment)
[clickhouse-builder-0.clickhouse-builder.ch-builder.svc.cluster.local] 2026.05.13 01:31:52 [ 0 ] CompressedReadBufferBlocks: 548 (increment)
[clickhouse-builder-0.clickhouse-builder.ch-builder.svc.cluster.local] 2026.05.13 01:31:52 [ 0 ] CompressedReadBufferBytes: 201064448 (increment)
[clickhouse-builder-0.clickhouse-builder.ch-builder.svc.cluster.local] 2026.05.13 01:31:52 [ 0 ] OpenedFileCacheMisses: 35 (increment)
[clickhouse-builder-0.clickhouse-builder.ch-builder.svc.cluster.local] 2026.05.13 01:31:52 [ 0 ] OpenedFileCacheMicroseconds: 8 (increment)
[clickhouse-builder-0.clickhouse-builder.ch-builder.svc.cluster.local] 2026.05.13 01:31:52 [ 0 ] IOBufferAllocs: 104 (increment)
[clickhouse-builder-0.clickhouse-builder.ch-builder.svc.cluster.local] 2026.05.13 01:31:52 [ 0 ] IOBufferAllocBytes: 28570239 (increment)
[clickhouse-builder-0.clickhouse-builder.ch-builder.svc.cluster.local] 2026.05.13 01:31:52 [ 0 ] MarkCacheHits: 35 (increment)
[clickhouse-builder-0.clickhouse-builder.ch-builder.svc.cluster.local] 2026.05.13 01:31:52 [ 0 ] CreatedReadBufferOrdinary: 35 (increment)
[clickhouse-builder-0.clickhouse-builder.ch-builder.svc.cluster.local] 2026.05.13 01:31:52 [ 0 ] DiskReadElapsedMicroseconds: 63 (increment)
[clickhouse-builder-0.clickhouse-builder.ch-builder.svc.cluster.local] 2026.05.13 01:31:52 [ 0 ] NetworkReceiveElapsedMicroseconds: 3 (increment)
[clickhouse-builder-0.clickhouse-builder.ch-builder.svc.cluster.local] 2026.05.13 01:31:52 [ 0 ] NetworkSendElapsedMicroseconds: 34 (increment)
[clickhouse-builder-0.clickhouse-builder.ch-builder.svc.cluster.local] 2026.05.13 01:31:52 [ 0 ] NetworkSendBytes: 4898 (increment)
[clickhouse-builder-0.clickhouse-builder.ch-builder.svc.cluster.local] 2026.05.13 01:31:52 [ 0 ] SelectedRows: 1376256 (increment)
[clickhouse-builder-0.clickhouse-builder.ch-builder.svc.cluster.local] 2026.05.13 01:31:52 [ 0 ] SelectedBytes: 199557120 (increment)
[clickhouse-builder-0.clickhouse-builder.ch-builder.svc.cluster.local] 2026.05.13 01:31:52 [ 0 ] RowsReadByMainReader: 1376256 (increment)
[clickhouse-builder-0.clickhouse-builder.ch-builder.svc.cluster.local] 2026.05.13 01:31:52 [ 0 ] WaitMarksLoadMicroseconds: 100 (increment)
[clickhouse-builder-0.clickhouse-builder.ch-builder.svc.cluster.local] 2026.05.13 01:31:52 [ 0 ] RealTimeMicroseconds: 12117029 (increment)
[clickhouse-builder-0.clickhouse-builder.ch-builder.svc.cluster.local] 2026.05.13 01:31:52 [ 0 ] UserTimeMicroseconds: 70624 (increment)
[clickhouse-builder-0.clickhouse-builder.ch-builder.svc.cluster.local] 2026.05.13 01:31:52 [ 0 ] SystemTimeMicroseconds: 26899 (increment)
[clickhouse-builder-0.clickhouse-builder.ch-builder.svc.cluster.local] 2026.05.13 01:31:52 [ 0 ] SoftPageFaults: 14287 (increment)
[clickhouse-builder-0.clickhouse-builder.ch-builder.svc.cluster.local] 2026.05.13 01:31:52 [ 0 ] OSCPUWaitMicroseconds: 85 (increment)
[clickhouse-builder-0.clickhouse-builder.ch-builder.svc.cluster.local] 2026.05.13 01:31:52 [ 0 ] OSCPUVirtualTimeMicroseconds: 97481 (increment)
[clickhouse-builder-0.clickhouse-builder.ch-builder.svc.cluster.local] 2026.05.13 01:31:52 [ 0 ] OSReadChars: 34720 (increment)
[clickhouse-builder-0.clickhouse-builder.ch-builder.svc.cluster.local] 2026.05.13 01:31:52 [ 0 ] GCSReadMicroseconds: 772523 (increment)
[clickhouse-builder-0.clickhouse-builder.ch-builder.svc.cluster.local] 2026.05.13 01:31:52 [ 0 ] GCSReadRequestsCount: 34 (increment)
[clickhouse-builder-0.clickhouse-builder.ch-builder.svc.cluster.local] 2026.05.13 01:31:52 [ 0 ] GCSReadRequestsErrors: 131 (increment)
[clickhouse-builder-0.clickhouse-builder.ch-builder.svc.cluster.local] 2026.05.13 01:31:52 [ 0 ] GCSReadRequestAttempts: 34 (increment)
[clickhouse-builder-0.clickhouse-builder.ch-builder.svc.cluster.local] 2026.05.13 01:31:52 [ 0 ] DiskGCSReadMicroseconds: 772523 (increment)
[clickhouse-builder-0.clickhouse-builder.ch-builder.svc.cluster.local] 2026.05.13 01:31:52 [ 0 ] DiskGCSReadRequestsCount: 34 (increment)
[clickhouse-builder-0.clickhouse-builder.ch-builder.svc.cluster.local] 2026.05.13 01:31:52 [ 0 ] DiskGCSReadRequestsErrors: 131 (increment)
[clickhouse-builder-0.clickhouse-builder.ch-builder.svc.cluster.local] 2026.05.13 01:31:52 [ 0 ] DiskGCSReadRequestAttempts: 34 (increment)
[clickhouse-builder-0.clickhouse-builder.ch-builder.svc.cluster.local] 2026.05.13 01:31:52 [ 0 ] GCSReadObject: 34 (increment)
[clickhouse-builder-0.clickhouse-builder.ch-builder.svc.cluster.local] 2026.05.13 01:31:52 [ 0 ] DiskGCSReadObject: 34 (increment)
[clickhouse-builder-0.clickhouse-builder.ch-builder.svc.cluster.local] 2026.05.13 01:31:52 [ 0 ] ReadBufferFromGCSMicroseconds: 7582377 (increment)
[clickhouse-builder-0.clickhouse-builder.ch-builder.svc.cluster.local] 2026.05.13 01:31:52 [ 0 ] ReadBufferFromGCSInitMicroseconds: 772667 (increment)
[clickhouse-builder-0.clickhouse-builder.ch-builder.svc.cluster.local] 2026.05.13 01:31:52 [ 0 ] ReadBufferFromGCSBytes: 149952143 (increment)
[clickhouse-builder-0.clickhouse-builder.ch-builder.svc.cluster.local] 2026.05.13 01:31:52 [ 0 ] MemoryAllocatedWithoutCheck: 68 (increment)
[clickhouse-builder-0.clickhouse-builder.ch-builder.svc.cluster.local] 2026.05.13 01:31:52 [ 0 ] MemoryAllocatedWithoutCheckBytes: 399451604 (increment)
[clickhouse-builder-0.clickhouse-builder.ch-builder.svc.cluster.local] 2026.05.13 01:31:52 [ 0 ] InterfaceNativeSendBytes: 4898 (increment)
[clickhouse-builder-0.clickhouse-builder.ch-builder.svc.cluster.local] 2026.05.13 01:31:52 [ 0 ] MemoryTrackerUsage: 4450941 (gauge)
[clickhouse-builder-0.clickhouse-builder.ch-builder.svc.cluster.local] 2026.05.13 01:31:52 [ 0 ] MemoryTrackerPeakUsage: 241927521 (gauge)
[clickhouse-builder-0.clickhouse-builder.ch-builder.svc.cluster.local] 2026.05.13 01:31:53 [ 0 ] FileOpen: 15 (increment)
[clickhouse-builder-0.clickhouse-builder.ch-builder.svc.cluster.local] 2026.05.13 01:31:53 [ 0 ] ReadBufferFromFileDescriptorRead: 30 (increment)
[clickhouse-builder-0.clickhouse-builder.ch-builder.svc.cluster.local] 2026.05.13 01:31:53 [ 0 ] ReadBufferFromFileDescriptorReadBytes: 1107 (increment)
[clickhouse-builder-0.clickhouse-builder.ch-builder.svc.cluster.local] 2026.05.13 01:31:53 [ 0 ] ReadCompressedBytes: 41282166 (increment)
[clickhouse-builder-0.clickhouse-builder.ch-builder.svc.cluster.local] 2026.05.13 01:31:53 [ 0 ] CompressedReadBufferBlocks: 127 (increment)
[clickhouse-builder-0.clickhouse-builder.ch-builder.svc.cluster.local] 2026.05.13 01:31:53 [ 0 ] CompressedReadBufferBytes: 41746432 (increment)
[clickhouse-builder-0.clickhouse-builder.ch-builder.svc.cluster.local] 2026.05.13 01:31:53 [ 0 ] OpenedFileCacheMisses: 15 (increment)
[clickhouse-builder-0.clickhouse-builder.ch-builder.svc.cluster.local] 2026.05.13 01:31:53 [ 0 ] OpenedFileCacheMicroseconds: 4 (increment)
[clickhouse-builder-0.clickhouse-builder.ch-builder.svc.cluster.local] 2026.05.13 01:31:53 [ 0 ] IOBufferAllocs: 65 (increment)
[clickhouse-builder-0.clickhouse-builder.ch-builder.svc.cluster.local] 2026.05.13 01:31:53 [ 0 ] IOBufferAllocBytes: 19717320 (increment)
[clickhouse-builder-0.clickhouse-builder.ch-builder.svc.cluster.local] 2026.05.13 01:31:53 [ 0 ] MarkCacheHits: 15 (increment)
[clickhouse-builder-0.clickhouse-builder.ch-builder.svc.cluster.local] 2026.05.13 01:31:53 [ 0 ] CreatedReadBufferOrdinary: 15 (increment)
[clickhouse-builder-0.clickhouse-builder.ch-builder.svc.cluster.local] 2026.05.13 01:31:53 [ 0 ] DiskReadElapsedMicroseconds: 35 (increment)
[clickhouse-builder-0.clickhouse-builder.ch-builder.svc.cluster.local] 2026.05.13 01:31:53 [ 0 ] NetworkReceiveElapsedMicroseconds: 3 (increment)
[clickhouse-builder-0.clickhouse-builder.ch-builder.svc.cluster.local] 2026.05.13 01:31:53 [ 0 ] NetworkSendElapsedMicroseconds: 45 (increment)
[clickhouse-builder-0.clickhouse-builder.ch-builder.svc.cluster.local] 2026.05.13 01:31:53 [ 0 ] NetworkSendBytes: 5246 (increment)
[clickhouse-builder-0.clickhouse-builder.ch-builder.svc.cluster.local] 2026.05.13 01:31:53 [ 0 ] SelectedRows: 278528 (increment)
[clickhouse-builder-0.clickhouse-builder.ch-builder.svc.cluster.local] 2026.05.13 01:31:53 [ 0 ] SelectedBytes: 40386560 (increment)
[clickhouse-builder-0.clickhouse-builder.ch-builder.svc.cluster.local] 2026.05.13 01:31:53 [ 0 ] RowsReadByMainReader: 278528 (increment)
[clickhouse-builder-0.clickhouse-builder.ch-builder.svc.cluster.local] 2026.05.13 01:31:53 [ 0 ] WaitMarksLoadMicroseconds: 40 (increment)
[clickhouse-builder-0.clickhouse-builder.ch-builder.svc.cluster.local] 2026.05.13 01:31:53 [ 0 ] RealTimeMicroseconds: 344280 (increment)
[clickhouse-builder-0.clickhouse-builder.ch-builder.svc.cluster.local] 2026.05.13 01:31:53 [ 0 ] UserTimeMicroseconds: 7843 (increment)
[clickhouse-builder-0.clickhouse-builder.ch-builder.svc.cluster.local] 2026.05.13 01:31:53 [ 0 ] SystemTimeMicroseconds: 4348 (increment)
[clickhouse-builder-0.clickhouse-builder.ch-builder.svc.cluster.local] 2026.05.13 01:31:53 [ 0 ] SoftPageFaults: 754 (increment)
[clickhouse-builder-0.clickhouse-builder.ch-builder.svc.cluster.local] 2026.05.13 01:31:53 [ 0 ] OSCPUVirtualTimeMicroseconds: 12187 (increment)
[clickhouse-builder-0.clickhouse-builder.ch-builder.svc.cluster.local] 2026.05.13 01:31:53 [ 0 ] OSReadChars: 3346 (increment)
[clickhouse-builder-0.clickhouse-builder.ch-builder.svc.cluster.local] 2026.05.13 01:31:53 [ 0 ] GCSReadMicroseconds: 143462 (increment)
[clickhouse-builder-0.clickhouse-builder.ch-builder.svc.cluster.local] 2026.05.13 01:31:53 [ 0 ] GCSReadRequestsCount: 29 (increment)
[clickhouse-builder-0.clickhouse-builder.ch-builder.svc.cluster.local] 2026.05.13 01:31:53 [ 0 ] GCSReadRequestsErrors: 37 (increment)
[clickhouse-builder-0.clickhouse-builder.ch-builder.svc.cluster.local] 2026.05.13 01:31:53 [ 0 ] GCSReadRequestAttempts: 29 (increment)
[clickhouse-builder-0.clickhouse-builder.ch-builder.svc.cluster.local] 2026.05.13 01:31:53 [ 0 ] DiskGCSReadMicroseconds: 143462 (increment)
[clickhouse-builder-0.clickhouse-builder.ch-builder.svc.cluster.local] 2026.05.13 01:31:53 [ 0 ] DiskGCSReadRequestsCount: 29 (increment)
[clickhouse-builder-0.clickhouse-builder.ch-builder.svc.cluster.local] 2026.05.13 01:31:53 [ 0 ] DiskGCSReadRequestsErrors: 37 (increment)
[clickhouse-builder-0.clickhouse-builder.ch-builder.svc.cluster.local] 2026.05.13 01:31:53 [ 0 ] DiskGCSReadRequestAttempts: 29 (increment)
[clickhouse-builder-0.clickhouse-builder.ch-builder.svc.cluster.local] 2026.05.13 01:31:53 [ 0 ] GCSReadObject: 29 (increment)
[clickhouse-builder-0.clickhouse-builder.ch-builder.svc.cluster.local] 2026.05.13 01:31:53 [ 0 ] DiskGCSReadObject: 29 (increment)
[clickhouse-builder-0.clickhouse-builder.ch-builder.svc.cluster.local] 2026.05.13 01:31:53 [ 0 ] ReadBufferFromGCSMicroseconds: 4011592 (increment)
[clickhouse-builder-0.clickhouse-builder.ch-builder.svc.cluster.local] 2026.05.13 01:31:53 [ 0 ] ReadBufferFromGCSInitMicroseconds: 143594 (increment)
[clickhouse-builder-0.clickhouse-builder.ch-builder.svc.cluster.local] 2026.05.13 01:31:53 [ 0 ] ReadBufferFromGCSBytes: 30509436 (increment)
[clickhouse-builder-0.clickhouse-builder.ch-builder.svc.cluster.local] 2026.05.13 01:31:53 [ 0 ] MemoryAllocatedWithoutCheck: 4 (increment)
[clickhouse-builder-0.clickhouse-builder.ch-builder.svc.cluster.local] 2026.05.13 01:31:53 [ 0 ] MemoryAllocatedWithoutCheckBytes: 22093944 (increment)
[clickhouse-builder-0.clickhouse-builder.ch-builder.svc.cluster.local] 2026.05.13 01:31:53 [ 0 ] InterfaceNativeSendBytes: 5246 (increment)
[clickhouse-builder-0.clickhouse-builder.ch-builder.svc.cluster.local] 2026.05.13 01:31:53 [ 0 ] MemoryTrackerUsage: 0 (gauge)
[clickhouse-builder-0.clickhouse-builder.ch-builder.svc.cluster.local] 2026.05.13 01:31:53 [ 0 ] MemoryTrackerPeakUsage: 241927521 (gauge)
[clickhouse-builder-0.clickhouse-builder.ch-builder.svc.cluster.local] 2026.05.13 01:31:53 [ 0 ] ReadCompressedBytes: 1058404 (increment)
[clickhouse-builder-0.clickhouse-builder.ch-builder.svc.cluster.local] 2026.05.13 01:31:53 [ 0 ] CompressedReadBufferBlocks: 19 (increment)
[clickhouse-builder-0.clickhouse-builder.ch-builder.svc.cluster.local] 2026.05.13 01:31:53 [ 0 ] CompressedReadBufferBytes: 1245184 (increment)
[clickhouse-builder-0.clickhouse-builder.ch-builder.svc.cluster.local] 2026.05.13 01:31:53 [ 0 ] IOBufferAllocs: 24 (increment)
[clickhouse-builder-0.clickhouse-builder.ch-builder.svc.cluster.local] 2026.05.13 01:31:53 [ 0 ] IOBufferAllocBytes: 8459076 (increment)
[clickhouse-builder-0.clickhouse-builder.ch-builder.svc.cluster.local] 2026.05.13 01:31:53 [ 0 ] NetworkReceiveElapsedMicroseconds: 2 (increment)
[clickhouse-builder-0.clickhouse-builder.ch-builder.svc.cluster.local] 2026.05.13 01:31:53 [ 0 ] NetworkSendElapsedMicroseconds: 32 (increment)
[clickhouse-builder-0.clickhouse-builder.ch-builder.svc.cluster.local] 2026.05.13 01:31:53 [ 0 ] NetworkSendBytes: 5129 (increment)
[clickhouse-builder-0.clickhouse-builder.ch-builder.svc.cluster.local] 2026.05.13 01:31:53 [ 0 ] GCSReadMicroseconds: 2182 (increment)
[clickhouse-builder-0.clickhouse-builder.ch-builder.svc.cluster.local] 2026.05.13 01:31:53 [ 0 ] GCSReadRequestsCount: 19 (increment)
[clickhouse-builder-0.clickhouse-builder.ch-builder.svc.cluster.local] 2026.05.13 01:31:53 [ 0 ] GCSReadRequestAttempts: 19 (increment)
[clickhouse-builder-0.clickhouse-builder.ch-builder.svc.cluster.local] 2026.05.13 01:31:53 [ 0 ] DiskGCSReadMicroseconds: 2182 (increment)
[clickhouse-builder-0.clickhouse-builder.ch-builder.svc.cluster.local] 2026.05.13 01:31:53 [ 0 ] DiskGCSReadRequestsCount: 19 (increment)
[clickhouse-builder-0.clickhouse-builder.ch-builder.svc.cluster.local] 2026.05.13 01:31:53 [ 0 ] DiskGCSReadRequestAttempts: 19 (increment)
[clickhouse-builder-0.clickhouse-builder.ch-builder.svc.cluster.local] 2026.05.13 01:31:53 [ 0 ] GCSReadObject: 19 (increment)
[clickhouse-builder-0.clickhouse-builder.ch-builder.svc.cluster.local] 2026.05.13 01:31:53 [ 0 ] DiskGCSReadObject: 19 (increment)
[clickhouse-builder-0.clickhouse-builder.ch-builder.svc.cluster.local] 2026.05.13 01:31:53 [ 0 ] ReadBufferFromGCSMicroseconds: 3819589 (increment)
[clickhouse-builder-0.clickhouse-builder.ch-builder.svc.cluster.local] 2026.05.13 01:31:53 [ 0 ] ReadBufferFromGCSInitMicroseconds: 2263 (increment)
[clickhouse-builder-0.clickhouse-builder.ch-builder.svc.cluster.local] 2026.05.13 01:31:53 [ 0 ] ReadBufferFromGCSBytes: 4450766 (increment)
[clickhouse-builder-0.clickhouse-builder.ch-builder.svc.cluster.local] 2026.05.13 01:31:53 [ 0 ] InterfaceNativeSendBytes: 5129 (increment)
[clickhouse-builder-0.clickhouse-builder.ch-builder.svc.cluster.local] 2026.05.13 01:31:53 [ 0 ] MemoryTrackerUsage: 0 (gauge)
[clickhouse-builder-0.clickhouse-builder.ch-builder.svc.cluster.local] 2026.05.13 01:31:53 [ 0 ] MemoryTrackerPeakUsage: 241927521 (gauge)
[clickhouse-builder-0.clickhouse-builder.ch-builder.svc.cluster.local] 2026.05.13 01:31:53 [ 0 ] ReadCompressedBytes: 1835708 (increment)
[clickhouse-builder-0.clickhouse-builder.ch-builder.svc.cluster.local] 2026.05.13 01:31:53 [ 0 ] CompressedReadBufferBlocks: 28 (increment)
[clickhouse-builder-0.clickhouse-builder.ch-builder.svc.cluster.local] 2026.05.13 01:31:53 [ 0 ] CompressedReadBufferBytes: 1835008 (increment)
[clickhouse-builder-0.clickhouse-builder.ch-builder.svc.cluster.local] 2026.05.13 01:31:53 [ 0 ] IOBufferAllocs: 28 (increment)
[clickhouse-builder-0.clickhouse-builder.ch-builder.svc.cluster.local] 2026.05.13 01:31:53 [ 0 ] IOBufferAllocBytes: 13111564 (increment)
[clickhouse-builder-0.clickhouse-builder.ch-builder.svc.cluster.local] 2026.05.13 01:31:53 [ 0 ] NetworkReceiveElapsedMicroseconds: 2 (increment)
[clickhouse-builder-0.clickhouse-builder.ch-builder.svc.cluster.local] 2026.05.13 01:31:53 [ 0 ] NetworkSendElapsedMicroseconds: 33 (increment)
[clickhouse-builder-0.clickhouse-builder.ch-builder.svc.cluster.local] 2026.05.13 01:31:53 [ 0 ] NetworkSendBytes: 2647 (increment)
[clickhouse-builder-0.clickhouse-builder.ch-builder.svc.cluster.local] 2026.05.13 01:31:53 [ 0 ] GCSReadMicroseconds: 2904 (increment)
[clickhouse-builder-0.clickhouse-builder.ch-builder.svc.cluster.local] 2026.05.13 01:31:53 [ 0 ] GCSReadRequestsCount: 28 (increment)
[clickhouse-builder-0.clickhouse-builder.ch-builder.svc.cluster.local] 2026.05.13 01:31:53 [ 0 ] GCSReadRequestAttempts: 28 (increment)
[clickhouse-builder-0.clickhouse-builder.ch-builder.svc.cluster.local] 2026.05.13 01:31:53 [ 0 ] DiskGCSReadMicroseconds: 2904 (increment)
[clickhouse-builder-0.clickhouse-builder.ch-builder.svc.cluster.local] 2026.05.13 01:31:53 [ 0 ] DiskGCSReadRequestsCount: 28 (increment)
[clickhouse-builder-0.clickhouse-builder.ch-builder.svc.cluster.local] 2026.05.13 01:31:53 [ 0 ] DiskGCSReadRequestAttempts: 28 (increment)
[clickhouse-builder-0.clickhouse-builder.ch-builder.svc.cluster.local] 2026.05.13 01:31:53 [ 0 ] GCSReadObject: 28 (increment)
[clickhouse-builder-0.clickhouse-builder.ch-builder.svc.cluster.local] 2026.05.13 01:31:53 [ 0 ] DiskGCSReadObject: 28 (increment)
[clickhouse-builder-0.clickhouse-builder.ch-builder.svc.cluster.local] 2026.05.13 01:31:53 [ 0 ] ReadBufferFromGCSMicroseconds: 5775614 (increment)
[clickhouse-builder-0.clickhouse-builder.ch-builder.svc.cluster.local] 2026.05.13 01:31:53 [ 0 ] ReadBufferFromGCSInitMicroseconds: 3011 (increment)
[clickhouse-builder-0.clickhouse-builder.ch-builder.svc.cluster.local] 2026.05.13 01:31:53 [ 0 ] ReadBufferFromGCSBytes: 9336279 (increment)
[clickhouse-builder-0.clickhouse-builder.ch-builder.svc.cluster.local] 2026.05.13 01:31:53 [ 0 ] InterfaceNativeSendBytes: 2647 (increment)
[clickhouse-builder-0.clickhouse-builder.ch-builder.svc.cluster.local] 2026.05.13 01:31:53 [ 0 ] MemoryTrackerUsage: 0 (gauge)
[clickhouse-builder-0.clickhouse-builder.ch-builder.svc.cluster.local] 2026.05.13 01:31:53 [ 0 ] MemoryTrackerPeakUsage: 241927521 (gauge)
[clickhouse-builder-0.clickhouse-builder.ch-builder.svc.cluster.local] 2026.05.13 01:31:53 [ 0 ] ReadCompressedBytes: 1311220 (increment)
[clickhouse-builder-0.clickhouse-builder.ch-builder.svc.cluster.local] 2026.05.13 01:31:53 [ 0 ] CompressedReadBufferBlocks: 20 (increment)
[clickhouse-builder-0.clickhouse-builder.ch-builder.svc.cluster.local] 2026.05.13 01:31:53 [ 0 ] CompressedReadBufferBytes: 1310720 (increment)
[clickhouse-builder-0.clickhouse-builder.ch-builder.svc.cluster.local] 2026.05.13 01:31:53 [ 0 ] IOBufferAllocs: 24 (increment)
[clickhouse-builder-0.clickhouse-builder.ch-builder.svc.cluster.local] 2026.05.13 01:31:53 [ 0 ] IOBufferAllocBytes: 11668870 (increment)
[clickhouse-builder-0.clickhouse-builder.ch-builder.svc.cluster.local] 2026.05.13 01:31:53 [ 0 ] NetworkReceiveElapsedMicroseconds: 1 (increment)
[clickhouse-builder-0.clickhouse-builder.ch-builder.svc.cluster.local] 2026.05.13 01:31:53 [ 0 ] NetworkSendElapsedMicroseconds: 23 (increment)
[clickhouse-builder-0.clickhouse-builder.ch-builder.svc.cluster.local] 2026.05.13 01:31:53 [ 0 ] NetworkSendBytes: 2647 (increment)
[clickhouse-builder-0.clickhouse-builder.ch-builder.svc.cluster.local] 2026.05.13 01:31:53 [ 0 ] GCSReadMicroseconds: 1962 (increment)
[clickhouse-builder-0.clickhouse-builder.ch-builder.svc.cluster.local] 2026.05.13 01:31:53 [ 0 ] GCSReadRequestsCount: 20 (increment)
[clickhouse-builder-0.clickhouse-builder.ch-builder.svc.cluster.local] 2026.05.13 01:31:53 [ 0 ] GCSReadRequestAttempts: 20 (increment)
[clickhouse-builder-0.clickhouse-builder.ch-builder.svc.cluster.local] 2026.05.13 01:31:53 [ 0 ] DiskGCSReadMicroseconds: 1962 (increment)
[clickhouse-builder-0.clickhouse-builder.ch-builder.svc.cluster.local] 2026.05.13 01:31:53 [ 0 ] DiskGCSReadRequestsCount: 20 (increment)
[clickhouse-builder-0.clickhouse-builder.ch-builder.svc.cluster.local] 2026.05.13 01:31:53 [ 0 ] DiskGCSReadRequestAttempts: 20 (increment)
[clickhouse-builder-0.clickhouse-builder.ch-builder.svc.cluster.local] 2026.05.13 01:31:53 [ 0 ] GCSReadObject: 20 (increment)
[clickhouse-builder-0.clickhouse-builder.ch-builder.svc.cluster.local] 2026.05.13 01:31:53 [ 0 ] DiskGCSReadObject: 20 (increment)
[clickhouse-builder-0.clickhouse-builder.ch-builder.svc.cluster.local] 2026.05.13 01:31:53 [ 0 ] ReadBufferFromGCSMicroseconds: 3525034 (increment)
[clickhouse-builder-0.clickhouse-builder.ch-builder.svc.cluster.local] 2026.05.13 01:31:53 [ 0 ] ReadBufferFromGCSInitMicroseconds: 2038 (increment)
[clickhouse-builder-0.clickhouse-builder.ch-builder.svc.cluster.local] 2026.05.13 01:31:53 [ 0 ] ReadBufferFromGCSBytes: 5769368 (increment)
[clickhouse-builder-0.clickhouse-builder.ch-builder.svc.cluster.local] 2026.05.13 01:31:53 [ 0 ] InterfaceNativeSendBytes: 2647 (increment)
[clickhouse-builder-0.clickhouse-builder.ch-builder.svc.cluster.local] 2026.05.13 01:31:53 [ 0 ] MemoryTrackerUsage: 0 (gauge)
[clickhouse-builder-0.clickhouse-builder.ch-builder.svc.cluster.local] 2026.05.13 01:31:53 [ 0 ] MemoryTrackerPeakUsage: 241927521 (gauge)
[clickhouse-builder-0.clickhouse-builder.ch-builder.svc.cluster.local] 2026.05.13 01:31:53 [ 0 ] ReadCompressedBytes: 4915950 (increment)
[clickhouse-builder-0.clickhouse-builder.ch-builder.svc.cluster.local] 2026.05.13 01:31:53 [ 0 ] CompressedReadBufferBlocks: 30 (increment)
[clickhouse-builder-0.clickhouse-builder.ch-builder.svc.cluster.local] 2026.05.13 01:31:53 [ 0 ] CompressedReadBufferBytes: 4915200 (increment)
[clickhouse-builder-0.clickhouse-builder.ch-builder.svc.cluster.local] 2026.05.13 01:31:53 [ 0 ] IOBufferAllocs: 36 (increment)
[clickhouse-builder-0.clickhouse-builder.ch-builder.svc.cluster.local] 2026.05.13 01:31:53 [ 0 ] IOBufferAllocBytes: 19066584 (increment)
[clickhouse-builder-0.clickhouse-builder.ch-builder.svc.cluster.local] 2026.05.13 01:31:53 [ 0 ] NetworkReceiveElapsedMicroseconds: 1 (increment)
[clickhouse-builder-0.clickhouse-builder.ch-builder.svc.cluster.local] 2026.05.13 01:31:53 [ 0 ] NetworkSendElapsedMicroseconds: 24 (increment)
[clickhouse-builder-0.clickhouse-builder.ch-builder.svc.cluster.local] 2026.05.13 01:31:53 [ 0 ] NetworkSendBytes: 2652 (increment)
[clickhouse-builder-0.clickhouse-builder.ch-builder.svc.cluster.local] 2026.05.13 01:31:53 [ 0 ] SelectedRows: 24576 (increment)
[clickhouse-builder-0.clickhouse-builder.ch-builder.svc.cluster.local] 2026.05.13 01:31:53 [ 0 ] SelectedBytes: 3563520 (increment)
[clickhouse-builder-0.clickhouse-builder.ch-builder.svc.cluster.local] 2026.05.13 01:31:53 [ 0 ] RowsReadByMainReader: 24576 (increment)
[clickhouse-builder-0.clickhouse-builder.ch-builder.svc.cluster.local] 2026.05.13 01:31:53 [ 0 ] RealTimeMicroseconds: 1886630 (increment)
[clickhouse-builder-0.clickhouse-builder.ch-builder.svc.cluster.local] 2026.05.13 01:31:53 [ 0 ] UserTimeMicroseconds: 8565 (increment)
[clickhouse-builder-0.clickhouse-builder.ch-builder.svc.cluster.local] 2026.05.13 01:31:53 [ 0 ] SoftPageFaults: 597 (increment)
[clickhouse-builder-0.clickhouse-builder.ch-builder.svc.cluster.local] 2026.05.13 01:31:53 [ 0 ] OSCPUVirtualTimeMicroseconds: 8565 (increment)
[clickhouse-builder-0.clickhouse-builder.ch-builder.svc.cluster.local] 2026.05.13 01:31:53 [ 0 ] OSReadChars: 1426 (increment)
[clickhouse-builder-0.clickhouse-builder.ch-builder.svc.cluster.local] 2026.05.13 01:31:53 [ 0 ] GCSReadMicroseconds: 3141 (increment)
[clickhouse-builder-0.clickhouse-builder.ch-builder.svc.cluster.local] 2026.05.13 01:31:53 [ 0 ] GCSReadRequestsCount: 29 (increment)
[clickhouse-builder-0.clickhouse-builder.ch-builder.svc.cluster.local] 2026.05.13 01:31:53 [ 0 ] GCSReadRequestAttempts: 29 (increment)
[clickhouse-builder-0.clickhouse-builder.ch-builder.svc.cluster.local] 2026.05.13 01:31:53 [ 0 ] DiskGCSReadMicroseconds: 3141 (increment)
[clickhouse-builder-0.clickhouse-builder.ch-builder.svc.cluster.local] 2026.05.13 01:31:53 [ 0 ] DiskGCSReadRequestsCount: 29 (increment)
[clickhouse-builder-0.clickhouse-builder.ch-builder.svc.cluster.local] 2026.05.13 01:31:53 [ 0 ] DiskGCSReadRequestAttempts: 29 (increment)
[clickhouse-builder-0.clickhouse-builder.ch-builder.svc.cluster.local] 2026.05.13 01:31:53 [ 0 ] GCSReadObject: 29 (increment)
[clickhouse-builder-0.clickhouse-builder.ch-builder.svc.cluster.local] 2026.05.13 01:31:53 [ 0 ] DiskGCSReadObject: 29 (increment)
[clickhouse-builder-0.clickhouse-builder.ch-builder.svc.cluster.local] 2026.05.13 01:31:53 [ 0 ] ReadBufferFromGCSMicroseconds: 5359213 (increment)
[clickhouse-builder-0.clickhouse-builder.ch-builder.svc.cluster.local] 2026.05.13 01:31:53 [ 0 ] ReadBufferFromGCSInitMicroseconds: 3245 (increment)
[clickhouse-builder-0.clickhouse-builder.ch-builder.svc.cluster.local] 2026.05.13 01:31:53 [ 0 ] ReadBufferFromGCSBytes: 13090328 (increment)
[clickhouse-builder-0.clickhouse-builder.ch-builder.svc.cluster.local] 2026.05.13 01:31:53 [ 0 ] MemoryAllocatedWithoutCheck: 8 (increment)
[clickhouse-builder-0.clickhouse-builder.ch-builder.svc.cluster.local] 2026.05.13 01:31:53 [ 0 ] MemoryAllocatedWithoutCheckBytes: 34376236 (increment)
[clickhouse-builder-0.clickhouse-builder.ch-builder.svc.cluster.local] 2026.05.13 01:31:53 [ 0 ] InterfaceNativeSendBytes: 2652 (increment)
[clickhouse-builder-0.clickhouse-builder.ch-builder.svc.cluster.local] 2026.05.13 01:31:53 [ 0 ] MemoryTrackerUsage: 12487871 (gauge)
[clickhouse-builder-0.clickhouse-builder.ch-builder.svc.cluster.local] 2026.05.13 01:31:53 [ 0 ] MemoryTrackerPeakUsage: 241927521 (gauge)
[clickhouse-builder-0.clickhouse-builder.ch-builder.svc.cluster.local] 2026.05.13 01:31:53 [ 0 ] ReadCompressedBytes: 9302287 (increment)
[clickhouse-builder-0.clickhouse-builder.ch-builder.svc.cluster.local] 2026.05.13 01:31:53 [ 0 ] CompressedReadBufferBlocks: 38 (increment)
[clickhouse-builder-0.clickhouse-builder.ch-builder.svc.cluster.local] 2026.05.13 01:31:53 [ 0 ] CompressedReadBufferBytes: 9371648 (increment)
[clickhouse-builder-0.clickhouse-builder.ch-builder.svc.cluster.local] 2026.05.13 01:31:53 [ 0 ] IOBufferAllocs: 23 (increment)
[clickhouse-builder-0.clickhouse-builder.ch-builder.svc.cluster.local] 2026.05.13 01:31:53 [ 0 ] IOBufferAllocBytes: 17627437 (increment)
[clickhouse-builder-0.clickhouse-builder.ch-builder.svc.cluster.local] 2026.05.13 01:31:53 [ 0 ] NetworkReceiveElapsedMicroseconds: 2 (increment)
[clickhouse-builder-0.clickhouse-builder.ch-builder.svc.cluster.local] 2026.05.13 01:31:53 [ 0 ] NetworkSendElapsedMicroseconds: 39 (increment)
[clickhouse-builder-0.clickhouse-builder.ch-builder.svc.cluster.local] 2026.05.13 01:31:53 [ 0 ] NetworkSendBytes: 3759 (increment)
[clickhouse-builder-0.clickhouse-builder.ch-builder.svc.cluster.local] 2026.05.13 01:31:53 [ 0 ] SelectedRows: 57344 (increment)
[clickhouse-builder-0.clickhouse-builder.ch-builder.svc.cluster.local] 2026.05.13 01:31:53 [ 0 ] SelectedBytes: 8314880 (increment)
[clickhouse-builder-0.clickhouse-builder.ch-builder.svc.cluster.local] 2026.05.13 01:31:53 [ 0 ] RowsReadByMainReader: 57344 (increment)
[clickhouse-builder-0.clickhouse-builder.ch-builder.svc.cluster.local] 2026.05.13 01:31:53 [ 0 ] RealTimeMicroseconds: 4900594 (increment)
[clickhouse-builder-0.clickhouse-builder.ch-builder.svc.cluster.local] 2026.05.13 01:31:53 [ 0 ] UserTimeMicroseconds: 13363 (increment)
[clickhouse-builder-0.clickhouse-builder.ch-builder.svc.cluster.local] 2026.05.13 01:31:53 [ 0 ] SystemTimeMicroseconds: 4131 (increment)
[clickhouse-builder-0.clickhouse-builder.ch-builder.svc.cluster.local] 2026.05.13 01:31:53 [ 0 ] SoftPageFaults: 287 (increment)
[clickhouse-builder-0.clickhouse-builder.ch-builder.svc.cluster.local] 2026.05.13 01:31:53 [ 0 ] OSCPUVirtualTimeMicroseconds: 17490 (increment)
[clickhouse-builder-0.clickhouse-builder.ch-builder.svc.cluster.local] 2026.05.13 01:31:53 [ 0 ] OSReadChars: 3334 (increment)
[clickhouse-builder-0.clickhouse-builder.ch-builder.svc.cluster.local] 2026.05.13 01:31:53 [ 0 ] GCSReadMicroseconds: 2504 (increment)
[clickhouse-builder-0.clickhouse-builder.ch-builder.svc.cluster.local] 2026.05.13 01:31:53 [ 0 ] GCSReadRequestsCount: 23 (increment)
[clickhouse-builder-0.clickhouse-builder.ch-builder.svc.cluster.local] 2026.05.13 01:31:53 [ 0 ] GCSReadRequestAttempts: 23 (increment)
[clickhouse-builder-0.clickhouse-builder.ch-builder.svc.cluster.local] 2026.05.13 01:31:53 [ 0 ] DiskGCSReadMicroseconds: 2504 (increment)
[clickhouse-builder-0.clickhouse-builder.ch-builder.svc.cluster.local] 2026.05.13 01:31:53 [ 0 ] DiskGCSReadRequestsCount: 23 (increment)
[clickhouse-builder-0.clickhouse-builder.ch-builder.svc.cluster.local] 2026.05.13 01:31:53 [ 0 ] DiskGCSReadRequestAttempts: 23 (increment)
[clickhouse-builder-0.clickhouse-builder.ch-builder.svc.cluster.local] 2026.05.13 01:31:53 [ 0 ] GCSReadObject: 23 (increment)
[clickhouse-builder-0.clickhouse-builder.ch-builder.svc.cluster.local] 2026.05.13 01:31:53 [ 0 ] DiskGCSReadObject: 23 (increment)
[clickhouse-builder-0.clickhouse-builder.ch-builder.svc.cluster.local] 2026.05.13 01:31:53 [ 0 ] ReadBufferFromGCSMicroseconds: 4934412 (increment)
[clickhouse-builder-0.clickhouse-builder.ch-builder.svc.cluster.local] 2026.05.13 01:31:53 [ 0 ] ReadBufferFromGCSInitMicroseconds: 2610 (increment)
[clickhouse-builder-0.clickhouse-builder.ch-builder.svc.cluster.local] 2026.05.13 01:31:53 [ 0 ] ReadBufferFromGCSBytes: 18963796 (increment)
[clickhouse-builder-0.clickhouse-builder.ch-builder.svc.cluster.local] 2026.05.13 01:31:53 [ 0 ] MemoryAllocatedWithoutCheck: 28 (increment)
[clickhouse-builder-0.clickhouse-builder.ch-builder.svc.cluster.local] 2026.05.13 01:31:53 [ 0 ] MemoryAllocatedWithoutCheckBytes: 134807648 (increment)
[clickhouse-builder-0.clickhouse-builder.ch-builder.svc.cluster.local] 2026.05.13 01:31:53 [ 0 ] InterfaceNativeSendBytes: 3759 (increment)
[clickhouse-builder-0.clickhouse-builder.ch-builder.svc.cluster.local] 2026.05.13 01:31:53 [ 0 ] MemoryTrackerUsage: 35725158 (gauge)
[clickhouse-builder-0.clickhouse-builder.ch-builder.svc.cluster.local] 2026.05.13 01:31:53 [ 0 ] MemoryTrackerPeakUsage: 241927521 (gauge)
[clickhouse-builder-0.clickhouse-builder.ch-builder.svc.cluster.local] 2026.05.13 01:31:53 [ 0 ] ReadCompressedBytes: 31871203 (increment)
[clickhouse-builder-0.clickhouse-builder.ch-builder.svc.cluster.local] 2026.05.13 01:31:53 [ 0 ] CompressedReadBufferBlocks: 82 (increment)
[clickhouse-builder-0.clickhouse-builder.ch-builder.svc.cluster.local] 2026.05.13 01:31:53 [ 0 ] CompressedReadBufferBytes: 31916032 (increment)
[clickhouse-builder-0.clickhouse-builder.ch-builder.svc.cluster.local] 2026.05.13 01:31:53 [ 0 ] IOBufferAllocs: 12 (increment)
[clickhouse-builder-0.clickhouse-builder.ch-builder.svc.cluster.local] 2026.05.13 01:31:53 [ 0 ] IOBufferAllocBytes: 5811561 (increment)
[clickhouse-builder-0.clickhouse-builder.ch-builder.svc.cluster.local] 2026.05.13 01:31:53 [ 0 ] NetworkReceiveElapsedMicroseconds: 2 (increment)
[clickhouse-builder-0.clickhouse-builder.ch-builder.svc.cluster.local] 2026.05.13 01:31:53 [ 0 ] NetworkSendElapsedMicroseconds: 40 (increment)
[clickhouse-builder-0.clickhouse-builder.ch-builder.svc.cluster.local] 2026.05.13 01:31:53 [ 0 ] NetworkSendBytes: 3872 (increment)
[clickhouse-builder-0.clickhouse-builder.ch-builder.svc.cluster.local] 2026.05.13 01:31:53 [ 0 ] SelectedRows: 221184 (increment)
[clickhouse-builder-0.clickhouse-builder.ch-builder.svc.cluster.local] 2026.05.13 01:31:53 [ 0 ] SelectedBytes: 32071680 (increment)
[clickhouse-builder-0.clickhouse-builder.ch-builder.svc.cluster.local] 2026.05.13 01:31:53 [ 0 ] RowsReadByMainReader: 221184 (increment)
[clickhouse-builder-0.clickhouse-builder.ch-builder.svc.cluster.local] 2026.05.13 01:31:53 [ 0 ] RealTimeMicroseconds: 8400218 (increment)
[clickhouse-builder-0.clickhouse-builder.ch-builder.svc.cluster.local] 2026.05.13 01:31:53 [ 0 ] UserTimeMicroseconds: 32319 (increment)
[clickhouse-builder-0.clickhouse-builder.ch-builder.svc.cluster.local] 2026.05.13 01:31:53 [ 0 ] SystemTimeMicroseconds: 5235 (increment)
[clickhouse-builder-0.clickhouse-builder.ch-builder.svc.cluster.local] 2026.05.13 01:31:53 [ 0 ] SoftPageFaults: 2060 (increment)
[clickhouse-builder-0.clickhouse-builder.ch-builder.svc.cluster.local] 2026.05.13 01:31:53 [ 0 ] OSCPUWaitMicroseconds: 11 (increment)
[clickhouse-builder-0.clickhouse-builder.ch-builder.svc.cluster.local] 2026.05.13 01:31:53 [ 0 ] OSCPUVirtualTimeMicroseconds: 37546 (increment)
[clickhouse-builder-0.clickhouse-builder.ch-builder.svc.cluster.local] 2026.05.13 01:31:53 [ 0 ] OSReadChars: 8395 (increment)
[clickhouse-builder-0.clickhouse-builder.ch-builder.svc.cluster.local] 2026.05.13 01:31:53 [ 0 ] GCSReadMicroseconds: 3003 (increment)
[clickhouse-builder-0.clickhouse-builder.ch-builder.svc.cluster.local] 2026.05.13 01:31:53 [ 0 ] GCSReadRequestsCount: 12 (increment)
[clickhouse-builder-0.clickhouse-builder.ch-builder.svc.cluster.local] 2026.05.13 01:31:53 [ 0 ] GCSReadRequestAttempts: 12 (increment)
[clickhouse-builder-0.clickhouse-builder.ch-builder.svc.cluster.local] 2026.05.13 01:31:53 [ 0 ] DiskGCSReadMicroseconds: 3003 (increment)
[clickhouse-builder-0.clickhouse-builder.ch-builder.svc.cluster.local] 2026.05.13 01:31:53 [ 0 ] DiskGCSReadRequestsCount: 12 (increment)
[clickhouse-builder-0.clickhouse-builder.ch-builder.svc.cluster.local] 2026.05.13 01:31:53 [ 0 ] DiskGCSReadRequestAttempts: 12 (increment)
[clickhouse-builder-0.clickhouse-builder.ch-builder.svc.cluster.local] 2026.05.13 01:31:53 [ 0 ] GCSReadObject: 12 (increment)
[clickhouse-builder-0.clickhouse-builder.ch-builder.svc.cluster.local] 2026.05.13 01:31:53 [ 0 ] DiskGCSReadObject: 12 (increment)
[clickhouse-builder-0.clickhouse-builder.ch-builder.svc.cluster.local] 2026.05.13 01:31:53 [ 0 ] ReadBufferFromGCSMicroseconds: 4271135 (increment)
[clickhouse-builder-0.clickhouse-builder.ch-builder.svc.cluster.local] 2026.05.13 01:31:53 [ 0 ] ReadBufferFromGCSInitMicroseconds: 3051 (increment)
[clickhouse-builder-0.clickhouse-builder.ch-builder.svc.cluster.local] 2026.05.13 01:31:53 [ 0 ] ReadBufferFromGCSBytes: 36481247 (increment)
[clickhouse-builder-0.clickhouse-builder.ch-builder.svc.cluster.local] 2026.05.13 01:31:53 [ 0 ] MemoryAllocatedWithoutCheck: 24 (increment)
[clickhouse-builder-0.clickhouse-builder.ch-builder.svc.cluster.local] 2026.05.13 01:31:53 [ 0 ] MemoryAllocatedWithoutCheckBytes: 111867440 (increment)
[clickhouse-builder-0.clickhouse-builder.ch-builder.svc.cluster.local] 2026.05.13 01:31:53 [ 0 ] InterfaceNativeSendBytes: 3872 (increment)
[clickhouse-builder-0.clickhouse-builder.ch-builder.svc.cluster.local] 2026.05.13 01:31:53 [ 0 ] MemoryTrackerUsage: 4281736 (gauge)
[clickhouse-builder-0.clickhouse-builder.ch-builder.svc.cluster.local] 2026.05.13 01:31:53 [ 0 ] MemoryTrackerPeakUsage: 241927521 (gauge)
[clickhouse-builder-0.clickhouse-builder.ch-builder.svc.cluster.local] 2026.05.13 01:31:53 [ 0 ] ReadCompressedBytes: 57572220 (increment)
[clickhouse-builder-0.clickhouse-builder.ch-builder.svc.cluster.local] 2026.05.13 01:31:53 [ 0 ] CompressedReadBufferBlocks: 162 (increment)
[clickhouse-builder-0.clickhouse-builder.ch-builder.svc.cluster.local] 2026.05.13 01:31:53 [ 0 ] CompressedReadBufferBytes: 57802752 (increment)
[clickhouse-builder-0.clickhouse-builder.ch-builder.svc.cluster.local] 2026.05.13 01:31:53 [ 0 ] IOBufferAllocs: 9 (increment)
[clickhouse-builder-0.clickhouse-builder.ch-builder.svc.cluster.local] 2026.05.13 01:31:53 [ 0 ] IOBufferAllocBytes: 2262614 (increment)
[clickhouse-builder-0.clickhouse-builder.ch-builder.svc.cluster.local] 2026.05.13 01:31:53 [ 0 ] NetworkReceiveElapsedMicroseconds: 3 (increment)
[clickhouse-builder-0.clickhouse-builder.ch-builder.svc.cluster.local] 2026.05.13 01:31:53 [ 0 ] NetworkSendElapsedMicroseconds: 41 (increment)
[clickhouse-builder-0.clickhouse-builder.ch-builder.svc.cluster.local] 2026.05.13 01:31:53 [ 0 ] NetworkSendBytes: 3984 (increment)
[clickhouse-builder-0.clickhouse-builder.ch-builder.svc.cluster.local] 2026.05.13 01:31:53 [ 0 ] SelectedRows: 393216 (increment)
[clickhouse-builder-0.clickhouse-builder.ch-builder.svc.cluster.local] 2026.05.13 01:31:53 [ 0 ] SelectedBytes: 57016320 (increment)
[clickhouse-builder-0.clickhouse-builder.ch-builder.svc.cluster.local] 2026.05.13 01:31:53 [ 0 ] RowsReadByMainReader: 393216 (increment)
[clickhouse-builder-0.clickhouse-builder.ch-builder.svc.cluster.local] 2026.05.13 01:31:53 [ 0 ] RealTimeMicroseconds: 9186440 (increment)
[clickhouse-builder-0.clickhouse-builder.ch-builder.svc.cluster.local] 2026.05.13 01:31:53 [ 0 ] UserTimeMicroseconds: 33420 (increment)
[clickhouse-builder-0.clickhouse-builder.ch-builder.svc.cluster.local] 2026.05.13 01:31:53 [ 0 ] SystemTimeMicroseconds: 5663 (increment)
[clickhouse-builder-0.clickhouse-builder.ch-builder.svc.cluster.local] 2026.05.13 01:31:53 [ 0 ] SoftPageFaults: 2415 (increment)
[clickhouse-builder-0.clickhouse-builder.ch-builder.svc.cluster.local] 2026.05.13 01:31:53 [ 0 ] OSCPUWaitMicroseconds: 40 (increment)
[clickhouse-builder-0.clickhouse-builder.ch-builder.svc.cluster.local] 2026.05.13 01:31:53 [ 0 ] OSCPUVirtualTimeMicroseconds: 39070 (increment)
[clickhouse-builder-0.clickhouse-builder.ch-builder.svc.cluster.local] 2026.05.13 01:31:53 [ 0 ] OSReadChars: 13126 (increment)
[clickhouse-builder-0.clickhouse-builder.ch-builder.svc.cluster.local] 2026.05.13 01:31:53 [ 0 ] GCSReadMicroseconds: 2755 (increment)
[clickhouse-builder-0.clickhouse-builder.ch-builder.svc.cluster.local] 2026.05.13 01:31:53 [ 0 ] GCSReadRequestsCount: 9 (increment)
[clickhouse-builder-0.clickhouse-builder.ch-builder.svc.cluster.local] 2026.05.13 01:31:53 [ 0 ] GCSReadRequestsErrors: 4 (increment)
[clickhouse-builder-0.clickhouse-builder.ch-builder.svc.cluster.local] 2026.05.13 01:31:53 [ 0 ] GCSReadRequestAttempts: 9 (increment)
[clickhouse-builder-0.clickhouse-builder.ch-builder.svc.cluster.local] 2026.05.13 01:31:53 [ 0 ] DiskGCSReadMicroseconds: 2755 (increment)
[clickhouse-builder-0.clickhouse-builder.ch-builder.svc.cluster.local] 2026.05.13 01:31:53 [ 0 ] DiskGCSReadRequestsCount: 9 (increment)
[clickhouse-builder-0.clickhouse-builder.ch-builder.svc.cluster.local] 2026.05.13 01:31:53 [ 0 ] DiskGCSReadRequestsErrors: 4 (increment)
[clickhouse-builder-0.clickhouse-builder.ch-builder.svc.cluster.local] 2026.05.13 01:31:53 [ 0 ] DiskGCSReadRequestAttempts: 9 (increment)
[clickhouse-builder-0.clickhouse-builder.ch-builder.svc.cluster.local] 2026.05.13 01:31:53 [ 0 ] GCSReadObject: 9 (increment)
[clickhouse-builder-0.clickhouse-builder.ch-builder.svc.cluster.local] 2026.05.13 01:31:53 [ 0 ] DiskGCSReadObject: 9 (increment)
[clickhouse-builder-0.clickhouse-builder.ch-builder.svc.cluster.local] 2026.05.13 01:31:53 [ 0 ] ReadBufferFromGCSMicroseconds: 3944107 (increment)
[clickhouse-builder-0.clickhouse-builder.ch-builder.svc.cluster.local] 2026.05.13 01:31:53 [ 0 ] ReadBufferFromGCSInitMicroseconds: 2793 (increment)
[clickhouse-builder-0.clickhouse-builder.ch-builder.svc.cluster.local] 2026.05.13 01:31:53 [ 0 ] ReadBufferFromGCSBytes: 49127219 (increment)
[clickhouse-builder-0.clickhouse-builder.ch-builder.svc.cluster.local] 2026.05.13 01:31:53 [ 0 ] MemoryAllocatedWithoutCheck: 32 (increment)
[clickhouse-builder-0.clickhouse-builder.ch-builder.svc.cluster.local] 2026.05.13 01:31:53 [ 0 ] MemoryAllocatedWithoutCheckBytes: 152551040 (increment)
[clickhouse-builder-0.clickhouse-builder.ch-builder.svc.cluster.local] 2026.05.13 01:31:53 [ 0 ] InterfaceNativeSendBytes: 3984 (increment)
[clickhouse-builder-0.clickhouse-builder.ch-builder.svc.cluster.local] 2026.05.13 01:31:53 [ 0 ] MemoryTrackerUsage: 0 (gauge)
[clickhouse-builder-0.clickhouse-builder.ch-builder.svc.cluster.local] 2026.05.13 01:31:53 [ 0 ] MemoryTrackerPeakUsage: 241927521 (gauge)
[clickhouse-builder-0.clickhouse-builder.ch-builder.svc.cluster.local] 2026.05.13 01:31:53 [ 0 ] ReadCompressedBytes: 79685317 (increment)
[clickhouse-builder-0.clickhouse-builder.ch-builder.svc.cluster.local] 2026.05.13 01:31:53 [ 0 ] CompressedReadBufferBlocks: 226 (increment)
[clickhouse-builder-0.clickhouse-builder.ch-builder.svc.cluster.local] 2026.05.13 01:31:53 [ 0 ] CompressedReadBufferBytes: 80027116 (increment)
[clickhouse-builder-0.clickhouse-builder.ch-builder.svc.cluster.local] 2026.05.13 01:31:53 [ 0 ] IOBufferAllocs: 2 (increment)
[clickhouse-builder-0.clickhouse-builder.ch-builder.svc.cluster.local] 2026.05.13 01:31:53 [ 0 ] IOBufferAllocBytes: 253134 (increment)
[clickhouse-builder-0.clickhouse-builder.ch-builder.svc.cluster.local] 2026.05.13 01:31:53 [ 0 ] NetworkReceiveElapsedMicroseconds: 2 (increment)
[clickhouse-builder-0.clickhouse-builder.ch-builder.svc.cluster.local] 2026.05.13 01:31:53 [ 0 ] NetworkSendElapsedMicroseconds: 45 (increment)
[clickhouse-builder-0.clickhouse-builder.ch-builder.svc.cluster.local] 2026.05.13 01:31:53 [ 0 ] NetworkSendBytes: 4212 (increment)
[clickhouse-builder-0.clickhouse-builder.ch-builder.svc.cluster.local] 2026.05.13 01:31:53 [ 0 ] SelectedRows: 544546 (increment)
[clickhouse-builder-0.clickhouse-builder.ch-builder.svc.cluster.local] 2026.05.13 01:31:53 [ 0 ] SelectedBytes: 78959170 (increment)
[clickhouse-builder-0.clickhouse-builder.ch-builder.svc.cluster.local] 2026.05.13 01:31:53 [ 0 ] RowsReadByMainReader: 544546 (increment)
[clickhouse-builder-0.clickhouse-builder.ch-builder.svc.cluster.local] 2026.05.13 01:31:53 [ 0 ] RealTimeMicroseconds: 15965980 (increment)
[clickhouse-builder-0.clickhouse-builder.ch-builder.svc.cluster.local] 2026.05.13 01:31:53 [ 0 ] UserTimeMicroseconds: 51395 (increment)
[clickhouse-builder-0.clickhouse-builder.ch-builder.svc.cluster.local] 2026.05.13 01:31:53 [ 0 ] SystemTimeMicroseconds: 8987 (increment)
[clickhouse-builder-0.clickhouse-builder.ch-builder.svc.cluster.local] 2026.05.13 01:31:53 [ 0 ] SoftPageFaults: 5378 (increment)
[clickhouse-builder-0.clickhouse-builder.ch-builder.svc.cluster.local] 2026.05.13 01:31:53 [ 0 ] OSCPUVirtualTimeMicroseconds: 60374 (increment)
[clickhouse-builder-0.clickhouse-builder.ch-builder.svc.cluster.local] 2026.05.13 01:31:53 [ 0 ] OSReadChars: 17846 (increment)
[clickhouse-builder-0.clickhouse-builder.ch-builder.svc.cluster.local] 2026.05.13 01:31:53 [ 0 ] GCSReadMicroseconds: 267 (increment)
[clickhouse-builder-0.clickhouse-builder.ch-builder.svc.cluster.local] 2026.05.13 01:31:53 [ 0 ] GCSReadRequestsCount: 2 (increment)
[clickhouse-builder-0.clickhouse-builder.ch-builder.svc.cluster.local] 2026.05.13 01:31:53 [ 0 ] GCSReadRequestsErrors: 12 (increment)
[clickhouse-builder-0.clickhouse-builder.ch-builder.svc.cluster.local] 2026.05.13 01:31:53 [ 0 ] GCSReadRequestAttempts: 2 (increment)
[clickhouse-builder-0.clickhouse-builder.ch-builder.svc.cluster.local] 2026.05.13 01:31:53 [ 0 ] DiskGCSReadMicroseconds: 267 (increment)
[clickhouse-builder-0.clickhouse-builder.ch-builder.svc.cluster.local] 2026.05.13 01:31:53 [ 0 ] DiskGCSReadRequestsCount: 2 (increment)
[clickhouse-builder-0.clickhouse-builder.ch-builder.svc.cluster.local] 2026.05.13 01:31:53 [ 0 ] DiskGCSReadRequestsErrors: 12 (increment)
[clickhouse-builder-0.clickhouse-builder.ch-builder.svc.cluster.local] 2026.05.13 01:31:53 [ 0 ] DiskGCSReadRequestAttempts: 2 (increment)
[clickhouse-builder-0.clickhouse-builder.ch-builder.svc.cluster.local] 2026.05.13 01:31:53 [ 0 ] GCSReadObject: 2 (increment)
[clickhouse-builder-0.clickhouse-builder.ch-builder.svc.cluster.local] 2026.05.13 01:31:53 [ 0 ] DiskGCSReadObject: 2 (increment)
[clickhouse-builder-0.clickhouse-builder.ch-builder.svc.cluster.local] 2026.05.13 01:31:53 [ 0 ] ReadBufferFromGCSMicroseconds: 5712758 (increment)
[clickhouse-builder-0.clickhouse-builder.ch-builder.svc.cluster.local] 2026.05.13 01:31:53 [ 0 ] ReadBufferFromGCSInitMicroseconds: 276 (increment)
[clickhouse-builder-0.clickhouse-builder.ch-builder.svc.cluster.local] 2026.05.13 01:31:53 [ 0 ] ReadBufferFromGCSBytes: 74175918 (increment)
[clickhouse-builder-0.clickhouse-builder.ch-builder.svc.cluster.local] 2026.05.13 01:31:53 [ 0 ] MemoryAllocatedWithoutCheck: 36 (increment)
[clickhouse-builder-0.clickhouse-builder.ch-builder.svc.cluster.local] 2026.05.13 01:31:53 [ 0 ] MemoryAllocatedWithoutCheckBytes: 166677580 (increment)
[clickhouse-builder-0.clickhouse-builder.ch-builder.svc.cluster.local] 2026.05.13 01:31:53 [ 0 ] InterfaceNativeSendBytes: 4212 (increment)
[clickhouse-builder-0.clickhouse-builder.ch-builder.svc.cluster.local] 2026.05.13 01:31:53 [ 0 ] MemoryTrackerUsage: 0 (gauge)
[clickhouse-builder-0.clickhouse-builder.ch-builder.svc.cluster.local] 2026.05.13 01:31:53 [ 0 ] MemoryTrackerPeakUsage: 241927521 (gauge)
[clickhouse-builder-0.clickhouse-builder.ch-builder.svc.cluster.local] 2026.05.13 01:31:54 [ 0 ] ReadCompressedBytes: 65329990 (increment)
[clickhouse-builder-0.clickhouse-builder.ch-builder.svc.cluster.local] 2026.05.13 01:31:54 [ 0 ] CompressedReadBufferBlocks: 175 (increment)
[clickhouse-builder-0.clickhouse-builder.ch-builder.svc.cluster.local] 2026.05.13 01:31:54 [ 0 ] CompressedReadBufferBytes: 65536000 (increment)
[clickhouse-builder-0.clickhouse-builder.ch-builder.svc.cluster.local] 2026.05.13 01:31:54 [ 0 ] NetworkReceiveElapsedMicroseconds: 2 (increment)
[clickhouse-builder-0.clickhouse-builder.ch-builder.svc.cluster.local] 2026.05.13 01:31:54 [ 0 ] NetworkSendElapsedMicroseconds: 37 (increment)
[clickhouse-builder-0.clickhouse-builder.ch-builder.svc.cluster.local] 2026.05.13 01:31:54 [ 0 ] NetworkSendBytes: 4100 (increment)
[clickhouse-builder-0.clickhouse-builder.ch-builder.svc.cluster.local] 2026.05.13 01:31:54 [ 0 ] SelectedRows: 450560 (increment)
[clickhouse-builder-0.clickhouse-builder.ch-builder.svc.cluster.local] 2026.05.13 01:31:54 [ 0 ] SelectedBytes: 65331200 (increment)
[clickhouse-builder-0.clickhouse-builder.ch-builder.svc.cluster.local] 2026.05.13 01:31:54 [ 0 ] RowsReadByMainReader: 450560 (increment)
[clickhouse-builder-0.clickhouse-builder.ch-builder.svc.cluster.local] 2026.05.13 01:31:54 [ 0 ] RealTimeMicroseconds: 4794011 (increment)
[clickhouse-builder-0.clickhouse-builder.ch-builder.svc.cluster.local] 2026.05.13 01:31:54 [ 0 ] UserTimeMicroseconds: 22621 (increment)
[clickhouse-builder-0.clickhouse-builder.ch-builder.svc.cluster.local] 2026.05.13 01:31:54 [ 0 ] SystemTimeMicroseconds: 2695 (increment)
[clickhouse-builder-0.clickhouse-builder.ch-builder.svc.cluster.local] 2026.05.13 01:31:54 [ 0 ] SoftPageFaults: 992 (increment)
[clickhouse-builder-0.clickhouse-builder.ch-builder.svc.cluster.local] 2026.05.13 01:31:54 [ 0 ] OSCPUVirtualTimeMicroseconds: 25302 (increment)
[clickhouse-builder-0.clickhouse-builder.ch-builder.svc.cluster.local] 2026.05.13 01:31:54 [ 0 ] OSReadChars: 11946 (increment)
[clickhouse-builder-0.clickhouse-builder.ch-builder.svc.cluster.local] 2026.05.13 01:31:54 [ 0 ] GCSReadRequestsErrors: 28 (increment)
[clickhouse-builder-0.clickhouse-builder.ch-builder.svc.cluster.local] 2026.05.13 01:31:54 [ 0 ] DiskGCSReadRequestsErrors: 28 (increment)
[clickhouse-builder-0.clickhouse-builder.ch-builder.svc.cluster.local] 2026.05.13 01:31:54 [ 0 ] ReadBufferFromGCSMicroseconds: 2326809 (increment)
[clickhouse-builder-0.clickhouse-builder.ch-builder.svc.cluster.local] 2026.05.13 01:31:54 [ 0 ] ReadBufferFromGCSBytes: 47230125 (increment)
[clickhouse-builder-0.clickhouse-builder.ch-builder.svc.cluster.local] 2026.05.13 01:31:54 [ 0 ] MemoryAllocatedWithoutCheck: 24 (increment)
[clickhouse-builder-0.clickhouse-builder.ch-builder.svc.cluster.local] 2026.05.13 01:31:54 [ 0 ] MemoryAllocatedWithoutCheckBytes: 124710568 (increment)
[clickhouse-builder-0.clickhouse-builder.ch-builder.svc.cluster.local] 2026.05.13 01:31:54 [ 0 ] InterfaceNativeSendBytes: 4100 (increment)
[clickhouse-builder-0.clickhouse-builder.ch-builder.svc.cluster.local] 2026.05.13 01:31:54 [ 0 ] MemoryTrackerUsage: 0 (gauge)
[clickhouse-builder-0.clickhouse-builder.ch-builder.svc.cluster.local] 2026.05.13 01:31:54 [ 0 ] MemoryTrackerPeakUsage: 241927521 (gauge)
[clickhouse-builder-0.clickhouse-builder.ch-builder.svc.cluster.local] 2026.05.13 01:31:54 [ 0 ] ReadCompressedBytes: 26665278 (increment)
[clickhouse-builder-0.clickhouse-builder.ch-builder.svc.cluster.local] 2026.05.13 01:31:54 [ 0 ] CompressedReadBufferBlocks: 80 (increment)
[clickhouse-builder-0.clickhouse-builder.ch-builder.svc.cluster.local] 2026.05.13 01:31:54 [ 0 ] CompressedReadBufferBytes: 26798750 (increment)
[clickhouse-builder-0.clickhouse-builder.ch-builder.svc.cluster.local] 2026.05.13 01:31:54 [ 0 ] NetworkReceiveElapsedMicroseconds: 2 (increment)
[clickhouse-builder-0.clickhouse-builder.ch-builder.svc.cluster.local] 2026.05.13 01:31:54 [ 0 ] NetworkSendElapsedMicroseconds: 37 (increment)
[clickhouse-builder-0.clickhouse-builder.ch-builder.svc.cluster.local] 2026.05.13 01:31:54 [ 0 ] NetworkSendBytes: 2870 (increment)
[clickhouse-builder-0.clickhouse-builder.ch-builder.svc.cluster.local] 2026.05.13 01:31:54 [ 0 ] SelectedRows: 181389 (increment)
[clickhouse-builder-0.clickhouse-builder.ch-builder.svc.cluster.local] 2026.05.13 01:31:54 [ 0 ] SelectedBytes: 26301405 (increment)
[clickhouse-builder-0.clickhouse-builder.ch-builder.svc.cluster.local] 2026.05.13 01:31:54 [ 0 ] RowsReadByMainReader: 181389 (increment)
[clickhouse-builder-0.clickhouse-builder.ch-builder.svc.cluster.local] 2026.05.13 01:31:54 [ 0 ] RealTimeMicroseconds: 480768 (increment)
[clickhouse-builder-0.clickhouse-builder.ch-builder.svc.cluster.local] 2026.05.13 01:31:54 [ 0 ] UserTimeMicroseconds: 6378 (increment)
[clickhouse-builder-0.clickhouse-builder.ch-builder.svc.cluster.local] 2026.05.13 01:31:54 [ 0 ] SystemTimeMicroseconds: 95 (increment)
[clickhouse-builder-0.clickhouse-builder.ch-builder.svc.cluster.local] 2026.05.13 01:31:54 [ 0 ] OSCPUVirtualTimeMicroseconds: 6471 (increment)
[clickhouse-builder-0.clickhouse-builder.ch-builder.svc.cluster.local] 2026.05.13 01:31:54 [ 0 ] OSReadChars: 3376 (increment)
[clickhouse-builder-0.clickhouse-builder.ch-builder.svc.cluster.local] 2026.05.13 01:31:54 [ 0 ] ReadBufferFromGCSMicroseconds: 478907 (increment)
[clickhouse-builder-0.clickhouse-builder.ch-builder.svc.cluster.local] 2026.05.13 01:31:54 [ 0 ] ReadBufferFromGCSBytes: 19464589 (increment)
[clickhouse-builder-0.clickhouse-builder.ch-builder.svc.cluster.local] 2026.05.13 01:31:54 [ 0 ] MemoryAllocatedWithoutCheck: 4 (increment)
[clickhouse-builder-0.clickhouse-builder.ch-builder.svc.cluster.local] 2026.05.13 01:31:54 [ 0 ] MemoryAllocatedWithoutCheckBytes: 20152896 (increment)
[clickhouse-builder-0.clickhouse-builder.ch-builder.svc.cluster.local] 2026.05.13 01:31:54 [ 0 ] InterfaceNativeSendBytes: 2870 (increment)
[clickhouse-builder-0.clickhouse-builder.ch-builder.svc.cluster.local] 2026.05.13 01:31:54 [ 0 ] MemoryTrackerUsage: 0 (gauge)
[clickhouse-builder-0.clickhouse-builder.ch-builder.svc.cluster.local] 2026.05.13 01:31:54 [ 0 ] MemoryTrackerPeakUsage: 241927521 (gauge)
[clickhouse-builder-0.clickhouse-builder.ch-builder.svc.cluster.local] 2026.05.13 01:31:54 [ 0 ] ReadCompressedBytes: 4758278 (increment)
[clickhouse-builder-0.clickhouse-builder.ch-builder.svc.cluster.local] 2026.05.13 01:31:54 [ 0 ] CompressedReadBufferBlocks: 13 (increment)
[clickhouse-builder-0.clickhouse-builder.ch-builder.svc.cluster.local] 2026.05.13 01:31:54 [ 0 ] CompressedReadBufferBytes: 4779810 (increment)
[clickhouse-builder-0.clickhouse-builder.ch-builder.svc.cluster.local] 2026.05.13 01:31:54 [ 0 ] NetworkReceiveElapsedMicroseconds: 1 (increment)
[clickhouse-builder-0.clickhouse-builder.ch-builder.svc.cluster.local] 2026.05.13 01:31:54 [ 0 ] NetworkSendElapsedMicroseconds: 26 (increment)
[clickhouse-builder-0.clickhouse-builder.ch-builder.svc.cluster.local] 2026.05.13 01:31:54 [ 0 ] NetworkSendBytes: 2537 (increment)
[clickhouse-builder-0.clickhouse-builder.ch-builder.svc.cluster.local] 2026.05.13 01:31:54 [ 0 ] SelectedRows: 32768 (increment)
[clickhouse-builder-0.clickhouse-builder.ch-builder.svc.cluster.local] 2026.05.13 01:31:54 [ 0 ] SelectedBytes: 4751360 (increment)
[clickhouse-builder-0.clickhouse-builder.ch-builder.svc.cluster.local] 2026.05.13 01:31:54 [ 0 ] RowsReadByMainReader: 32768 (increment)
[clickhouse-builder-0.clickhouse-builder.ch-builder.svc.cluster.local] 2026.05.13 01:31:54 [ 0 ] RealTimeMicroseconds: 120813 (increment)
[clickhouse-builder-0.clickhouse-builder.ch-builder.svc.cluster.local] 2026.05.13 01:31:54 [ 0 ] UserTimeMicroseconds: 1963 (increment)
[clickhouse-builder-0.clickhouse-builder.ch-builder.svc.cluster.local] 2026.05.13 01:31:54 [ 0 ] SystemTimeMicroseconds: 183 (increment)
[clickhouse-builder-0.clickhouse-builder.ch-builder.svc.cluster.local] 2026.05.13 01:31:54 [ 0 ] OSCPUVirtualTimeMicroseconds: 2146 (increment)
[clickhouse-builder-0.clickhouse-builder.ch-builder.svc.cluster.local] 2026.05.13 01:31:54 [ 0 ] OSReadChars: 970 (increment)
[clickhouse-builder-0.clickhouse-builder.ch-builder.svc.cluster.local] 2026.05.13 01:31:54 [ 0 ] ReadBufferFromGCSMicroseconds: 119588 (increment)
[clickhouse-builder-0.clickhouse-builder.ch-builder.svc.cluster.local] 2026.05.13 01:31:54 [ 0 ] ReadBufferFromGCSBytes: 4194304 (increment)
[clickhouse-builder-0.clickhouse-builder.ch-builder.svc.cluster.local] 2026.05.13 01:31:54 [ 0 ] InterfaceNativeSendBytes: 2537 (increment)
[clickhouse-builder-0.clickhouse-builder.ch-builder.svc.cluster.local] 2026.05.13 01:31:54 [ 0 ] MemoryTrackerUsage: 0 (gauge)
[clickhouse-builder-0.clickhouse-builder.ch-builder.svc.cluster.local] 2026.05.13 01:31:54 [ 0 ] MemoryTrackerPeakUsage: 241927521 (gauge)
[clickhouse-builder-0.clickhouse-builder.ch-builder.svc.cluster.local] 2026.05.13 01:31:54 [ 0 ] ReadCompressedBytes: 3285198 (increment)
[clickhouse-builder-0.clickhouse-builder.ch-builder.svc.cluster.local] 2026.05.13 01:31:54 [ 0 ] CompressedReadBufferBlocks: 10 (increment)
[clickhouse-builder-0.clickhouse-builder.ch-builder.svc.cluster.local] 2026.05.13 01:31:54 [ 0 ] CompressedReadBufferBytes: 3284948 (increment)
[clickhouse-builder-0.clickhouse-builder.ch-builder.svc.cluster.local] 2026.05.13 01:31:54 [ 0 ] NetworkSendElapsedMicroseconds: 26 (increment)
[clickhouse-builder-0.clickhouse-builder.ch-builder.svc.cluster.local] 2026.05.13 01:31:54 [ 0 ] NetworkSendBytes: 2312 (increment)
[clickhouse-builder-0.clickhouse-builder.ch-builder.svc.cluster.local] 2026.05.13 01:31:54 [ 0 ] SelectedRows: 22417 (increment)
[clickhouse-builder-0.clickhouse-builder.ch-builder.svc.cluster.local] 2026.05.13 01:31:54 [ 0 ] SelectedBytes: 3250465 (increment)
[clickhouse-builder-0.clickhouse-builder.ch-builder.svc.cluster.local] 2026.05.13 01:31:54 [ 0 ] RowsReadByMainReader: 22417 (increment)
[clickhouse-builder-0.clickhouse-builder.ch-builder.svc.cluster.local] 2026.05.13 01:31:54 [ 0 ] RealTimeMicroseconds: 27930602 (increment)
[clickhouse-builder-0.clickhouse-builder.ch-builder.svc.cluster.local] 2026.05.13 01:31:54 [ 0 ] UserTimeMicroseconds: 59514 (increment)
[clickhouse-builder-0.clickhouse-builder.ch-builder.svc.cluster.local] 2026.05.13 01:31:54 [ 0 ] SystemTimeMicroseconds: 9698 (increment)
[clickhouse-builder-0.clickhouse-builder.ch-builder.svc.cluster.local] 2026.05.13 01:31:54 [ 0 ] SoftPageFaults: 1288 (increment)
[clickhouse-builder-0.clickhouse-builder.ch-builder.svc.cluster.local] 2026.05.13 01:31:54 [ 0 ] OSCPUVirtualTimeMicroseconds: 69188 (increment)
[clickhouse-builder-0.clickhouse-builder.ch-builder.svc.cluster.local] 2026.05.13 01:31:54 [ 0 ] OSReadChars: 23341 (increment)
[clickhouse-builder-0.clickhouse-builder.ch-builder.svc.cluster.local] 2026.05.13 01:31:54 [ 0 ] OSWriteChars: 8 (increment)
[clickhouse-builder-0.clickhouse-builder.ch-builder.svc.cluster.local] 2026.05.13 01:31:54 [ 0 ] ReadBufferFromGCSMicroseconds: 187 (increment)
[clickhouse-builder-0.clickhouse-builder.ch-builder.svc.cluster.local] 2026.05.13 01:31:54 [ 0 ] ReadBufferFromGCSBytes: 2236822 (increment)
[clickhouse-builder-0.clickhouse-builder.ch-builder.svc.cluster.local] 2026.05.13 01:31:54 [ 0 ] MemoryAllocatedWithoutCheck: 8 (increment)
[clickhouse-builder-0.clickhouse-builder.ch-builder.svc.cluster.local] 2026.05.13 01:31:54 [ 0 ] MemoryAllocatedWithoutCheckBytes: 2682028 (increment)
[clickhouse-builder-0.clickhouse-builder.ch-builder.svc.cluster.local] 2026.05.13 01:31:54 [ 0 ] InterfaceNativeSendBytes: 2312 (increment)
[clickhouse-builder-0.clickhouse-builder.ch-builder.svc.cluster.local] 2026.05.13 01:31:54 [ 0 ] MemoryTrackerUsage: 54288 (gauge)
[clickhouse-builder-0.clickhouse-builder.ch-builder.svc.cluster.local] 2026.05.13 01:31:54 [ 0 ] MemoryTrackerPeakUsage: 241927521 (gauge)
2.856
exit_code=0
