Defaulted container "builder" out of: builder, bootstrap (init)
[clickhouse-builder-0.clickhouse-builder.ch-builder.svc.cluster.local] 2026.05.13 01:31:42 [ 0 ] Query: 1 (increment)
[clickhouse-builder-0.clickhouse-builder.ch-builder.svc.cluster.local] 2026.05.13 01:31:42 [ 0 ] SelectQuery: 1 (increment)
[clickhouse-builder-0.clickhouse-builder.ch-builder.svc.cluster.local] 2026.05.13 01:31:42 [ 0 ] InitialQuery: 1 (increment)
[clickhouse-builder-0.clickhouse-builder.ch-builder.svc.cluster.local] 2026.05.13 01:31:42 [ 0 ] InitialSelectQuery: 1 (increment)
[clickhouse-builder-0.clickhouse-builder.ch-builder.svc.cluster.local] 2026.05.13 01:31:42 [ 0 ] QueriesWithSubqueries: 1 (increment)
[clickhouse-builder-0.clickhouse-builder.ch-builder.svc.cluster.local] 2026.05.13 01:31:42 [ 0 ] SelectQueriesWithSubqueries: 1 (increment)
[clickhouse-builder-0.clickhouse-builder.ch-builder.svc.cluster.local] 2026.05.13 01:31:42 [ 0 ] FileOpen: 81 (increment)
[clickhouse-builder-0.clickhouse-builder.ch-builder.svc.cluster.local] 2026.05.13 01:31:42 [ 0 ] ReadBufferFromFileDescriptorRead: 480 (increment)
[clickhouse-builder-0.clickhouse-builder.ch-builder.svc.cluster.local] 2026.05.13 01:31:42 [ 0 ] ReadBufferFromFileDescriptorReadBytes: 17680 (increment)
[clickhouse-builder-0.clickhouse-builder.ch-builder.svc.cluster.local] 2026.05.13 01:31:42 [ 0 ] OpenedFileCacheHits: 159 (increment)
[clickhouse-builder-0.clickhouse-builder.ch-builder.svc.cluster.local] 2026.05.13 01:31:42 [ 0 ] OpenedFileCacheMisses: 81 (increment)
[clickhouse-builder-0.clickhouse-builder.ch-builder.svc.cluster.local] 2026.05.13 01:31:42 [ 0 ] OpenedFileCacheMicroseconds: 156 (increment)
[clickhouse-builder-0.clickhouse-builder.ch-builder.svc.cluster.local] 2026.05.13 01:31:42 [ 0 ] IOBufferAllocs: 528 (increment)
[clickhouse-builder-0.clickhouse-builder.ch-builder.svc.cluster.local] 2026.05.13 01:31:42 [ 0 ] IOBufferAllocBytes: 155540793 (increment)
[clickhouse-builder-0.clickhouse-builder.ch-builder.svc.cluster.local] 2026.05.13 01:31:42 [ 0 ] MarkCacheHits: 240 (increment)
[clickhouse-builder-0.clickhouse-builder.ch-builder.svc.cluster.local] 2026.05.13 01:31:42 [ 0 ] CreatedReadBufferOrdinary: 240 (increment)
[clickhouse-builder-0.clickhouse-builder.ch-builder.svc.cluster.local] 2026.05.13 01:31:42 [ 0 ] DiskReadElapsedMicroseconds: 462 (increment)
[clickhouse-builder-0.clickhouse-builder.ch-builder.svc.cluster.local] 2026.05.13 01:31:42 [ 0 ] NetworkReceiveElapsedMicroseconds: 2 (increment)
[clickhouse-builder-0.clickhouse-builder.ch-builder.svc.cluster.local] 2026.05.13 01:31:42 [ 0 ] NetworkSendElapsedMicroseconds: 40 (increment)
[clickhouse-builder-0.clickhouse-builder.ch-builder.svc.cluster.local] 2026.05.13 01:31:42 [ 0 ] NetworkSendBytes: 69 (increment)
[clickhouse-builder-0.clickhouse-builder.ch-builder.svc.cluster.local] 2026.05.13 01:31:42 [ 0 ] GlobalThreadPoolLockWaitMicroseconds: 107 (increment)
[clickhouse-builder-0.clickhouse-builder.ch-builder.svc.cluster.local] 2026.05.13 01:31:42 [ 0 ] GlobalThreadPoolJobs: 54 (increment)
[clickhouse-builder-0.clickhouse-builder.ch-builder.svc.cluster.local] 2026.05.13 01:31:42 [ 0 ] LocalThreadPoolExpansions: 53 (increment)
[clickhouse-builder-0.clickhouse-builder.ch-builder.svc.cluster.local] 2026.05.13 01:31:42 [ 0 ] LocalThreadPoolShrinks: 5 (increment)
[clickhouse-builder-0.clickhouse-builder.ch-builder.svc.cluster.local] 2026.05.13 01:31:42 [ 0 ] LocalThreadPoolThreadCreationMicroseconds: 368 (increment)
[clickhouse-builder-0.clickhouse-builder.ch-builder.svc.cluster.local] 2026.05.13 01:31:42 [ 0 ] LocalThreadPoolLockWaitMicroseconds: 1 (increment)
[clickhouse-builder-0.clickhouse-builder.ch-builder.svc.cluster.local] 2026.05.13 01:31:42 [ 0 ] LocalThreadPoolJobs: 53 (increment)
[clickhouse-builder-0.clickhouse-builder.ch-builder.svc.cluster.local] 2026.05.13 01:31:42 [ 0 ] QueryPlanOptimizeMicroseconds: 86 (increment)
[clickhouse-builder-0.clickhouse-builder.ch-builder.svc.cluster.local] 2026.05.13 01:31:42 [ 0 ] IndexAnalysisRounds: 1 (increment)
[clickhouse-builder-0.clickhouse-builder.ch-builder.svc.cluster.local] 2026.05.13 01:31:42 [ 0 ] SelectedParts: 5 (increment)
[clickhouse-builder-0.clickhouse-builder.ch-builder.svc.cluster.local] 2026.05.13 01:31:42 [ 0 ] SelectedPartsTotal: 5 (increment)
[clickhouse-builder-0.clickhouse-builder.ch-builder.svc.cluster.local] 2026.05.13 01:31:42 [ 0 ] SelectedRanges: 5 (increment)
[clickhouse-builder-0.clickhouse-builder.ch-builder.svc.cluster.local] 2026.05.13 01:31:42 [ 0 ] SelectedMarks: 612 (increment)
[clickhouse-builder-0.clickhouse-builder.ch-builder.svc.cluster.local] 2026.05.13 01:31:42 [ 0 ] SelectedMarksTotal: 612 (increment)
[clickhouse-builder-0.clickhouse-builder.ch-builder.svc.cluster.local] 2026.05.13 01:31:42 [ 0 ] FilteringMarksWithPrimaryKeyProcessedMarks: 612 (increment)
[clickhouse-builder-0.clickhouse-builder.ch-builder.svc.cluster.local] 2026.05.13 01:31:42 [ 0 ] FilteringMarksWithPrimaryKeyMicroseconds: 8 (increment)
[clickhouse-builder-0.clickhouse-builder.ch-builder.svc.cluster.local] 2026.05.13 01:31:42 [ 0 ] WaitMarksLoadMicroseconds: 1325 (increment)
[clickhouse-builder-0.clickhouse-builder.ch-builder.svc.cluster.local] 2026.05.13 01:31:42 [ 0 ] ContextLock: 32 (increment)
[clickhouse-builder-0.clickhouse-builder.ch-builder.svc.cluster.local] 2026.05.13 01:31:42 [ 0 ] RWLockAcquiredReadLocks: 1 (increment)
[clickhouse-builder-0.clickhouse-builder.ch-builder.svc.cluster.local] 2026.05.13 01:31:42 [ 0 ] SharedPartsLockHoldMicroseconds: 1 (increment)
[clickhouse-builder-0.clickhouse-builder.ch-builder.svc.cluster.local] 2026.05.13 01:31:42 [ 0 ] SharedPartsLocks: 2 (increment)
[clickhouse-builder-0.clickhouse-builder.ch-builder.svc.cluster.local] 2026.05.13 01:31:42 [ 0 ] RealTimeMicroseconds: 112 (increment)
[clickhouse-builder-0.clickhouse-builder.ch-builder.svc.cluster.local] 2026.05.13 01:31:42 [ 0 ] OSReadChars: 2372 (increment)
[clickhouse-builder-0.clickhouse-builder.ch-builder.svc.cluster.local] 2026.05.13 01:31:42 [ 0 ] GCSReadMicroseconds: 32491 (increment)
[clickhouse-builder-0.clickhouse-builder.ch-builder.svc.cluster.local] 2026.05.13 01:31:42 [ 0 ] GCSReadRequestsCount: 48 (increment)
[clickhouse-builder-0.clickhouse-builder.ch-builder.svc.cluster.local] 2026.05.13 01:31:42 [ 0 ] GCSReadRequestAttempts: 48 (increment)
[clickhouse-builder-0.clickhouse-builder.ch-builder.svc.cluster.local] 2026.05.13 01:31:42 [ 0 ] DiskGCSReadMicroseconds: 32491 (increment)
[clickhouse-builder-0.clickhouse-builder.ch-builder.svc.cluster.local] 2026.05.13 01:31:42 [ 0 ] DiskGCSReadRequestsCount: 48 (increment)
[clickhouse-builder-0.clickhouse-builder.ch-builder.svc.cluster.local] 2026.05.13 01:31:42 [ 0 ] DiskGCSReadRequestAttempts: 48 (increment)
[clickhouse-builder-0.clickhouse-builder.ch-builder.svc.cluster.local] 2026.05.13 01:31:42 [ 0 ] GCSReadObject: 48 (increment)
[clickhouse-builder-0.clickhouse-builder.ch-builder.svc.cluster.local] 2026.05.13 01:31:42 [ 0 ] DiskGCSReadObject: 48 (increment)
[clickhouse-builder-0.clickhouse-builder.ch-builder.svc.cluster.local] 2026.05.13 01:31:42 [ 0 ] ReadBufferFromGCSInitMicroseconds: 32775 (increment)
[clickhouse-builder-0.clickhouse-builder.ch-builder.svc.cluster.local] 2026.05.13 01:31:42 [ 0 ] MemoryAllocatedWithoutCheck: 149 (increment)
[clickhouse-builder-0.clickhouse-builder.ch-builder.svc.cluster.local] 2026.05.13 01:31:42 [ 0 ] MemoryAllocatedWithoutCheckBytes: 703624 (increment)
[clickhouse-builder-0.clickhouse-builder.ch-builder.svc.cluster.local] 2026.05.13 01:31:42 [ 0 ] LogTrace: 4 (increment)
[clickhouse-builder-0.clickhouse-builder.ch-builder.svc.cluster.local] 2026.05.13 01:31:42 [ 0 ] LogDebug: 5 (increment)
[clickhouse-builder-0.clickhouse-builder.ch-builder.svc.cluster.local] 2026.05.13 01:31:42 [ 0 ] LoggerElapsedNanoseconds: 78867 (increment)
[clickhouse-builder-0.clickhouse-builder.ch-builder.svc.cluster.local] 2026.05.13 01:31:42 [ 0 ] InterfaceNativeSendBytes: 69 (increment)
[clickhouse-builder-0.clickhouse-builder.ch-builder.svc.cluster.local] 2026.05.13 01:31:42 [ 0 ] ConcurrencyControlSlotsGranted: 1 (increment)
[clickhouse-builder-0.clickhouse-builder.ch-builder.svc.cluster.local] 2026.05.13 01:31:42 [ 0 ] ConcurrencyControlSlotsAcquired: 47 (increment)
[clickhouse-builder-0.clickhouse-builder.ch-builder.svc.cluster.local] 2026.05.13 01:31:42 [ 0 ] ConcurrencyControlSlotsAcquiredNonCompeting: 1 (increment)
[clickhouse-builder-0.clickhouse-builder.ch-builder.svc.cluster.local] 2026.05.13 01:31:42 [ 0 ] AsyncLoggingConsoleTotalMessages: 9 (increment)
[clickhouse-builder-0.clickhouse-builder.ch-builder.svc.cluster.local] 2026.05.13 01:31:42 [ 0 ] MemoryTrackerUsage: 174320 (gauge)
[clickhouse-builder-0.clickhouse-builder.ch-builder.svc.cluster.local] 2026.05.13 01:31:42 [ 0 ] MemoryTrackerPeakUsage: 174320 (gauge)
[clickhouse-builder-0.clickhouse-builder.ch-builder.svc.cluster.local] 2026.05.13 01:31:42 [ 0 ] NetworkReceiveElapsedMicroseconds: 1 (increment)
[clickhouse-builder-0.clickhouse-builder.ch-builder.svc.cluster.local] 2026.05.13 01:31:42 [ 0 ] NetworkSendElapsedMicroseconds: 29 (increment)
[clickhouse-builder-0.clickhouse-builder.ch-builder.svc.cluster.local] 2026.05.13 01:31:42 [ 0 ] NetworkSendBytes: 7427 (increment)
[clickhouse-builder-0.clickhouse-builder.ch-builder.svc.cluster.local] 2026.05.13 01:31:42 [ 0 ] InterfaceNativeSendBytes: 7427 (increment)
[clickhouse-builder-0.clickhouse-builder.ch-builder.svc.cluster.local] 2026.05.13 01:31:42 [ 0 ] MemoryTrackerUsage: 174320 (gauge)
[clickhouse-builder-0.clickhouse-builder.ch-builder.svc.cluster.local] 2026.05.13 01:31:42 [ 0 ] MemoryTrackerPeakUsage: 174320 (gauge)
[clickhouse-builder-0.clickhouse-builder.ch-builder.svc.cluster.local] 2026.05.13 01:31:42 [ 0 ] ReadCompressedBytes: 2023804 (increment)
[clickhouse-builder-0.clickhouse-builder.ch-builder.svc.cluster.local] 2026.05.13 01:31:42 [ 0 ] CompressedReadBufferBlocks: 48 (increment)
[clickhouse-builder-0.clickhouse-builder.ch-builder.svc.cluster.local] 2026.05.13 01:31:42 [ 0 ] CompressedReadBufferBytes: 3145728 (increment)
[clickhouse-builder-0.clickhouse-builder.ch-builder.svc.cluster.local] 2026.05.13 01:31:42 [ 0 ] IOBufferAllocs: 96 (increment)
[clickhouse-builder-0.clickhouse-builder.ch-builder.svc.cluster.local] 2026.05.13 01:31:42 [ 0 ] IOBufferAllocBytes: 27740223 (increment)
[clickhouse-builder-0.clickhouse-builder.ch-builder.svc.cluster.local] 2026.05.13 01:31:42 [ 0 ] NetworkReceiveElapsedMicroseconds: 2 (increment)
[clickhouse-builder-0.clickhouse-builder.ch-builder.svc.cluster.local] 2026.05.13 01:31:42 [ 0 ] NetworkSendElapsedMicroseconds: 31 (increment)
[clickhouse-builder-0.clickhouse-builder.ch-builder.svc.cluster.local] 2026.05.13 01:31:42 [ 0 ] NetworkSendBytes: 841 (increment)
[clickhouse-builder-0.clickhouse-builder.ch-builder.svc.cluster.local] 2026.05.13 01:31:42 [ 0 ] GCSReadMicroseconds: 7467 (increment)
[clickhouse-builder-0.clickhouse-builder.ch-builder.svc.cluster.local] 2026.05.13 01:31:42 [ 0 ] GCSReadRequestsCount: 48 (increment)
[clickhouse-builder-0.clickhouse-builder.ch-builder.svc.cluster.local] 2026.05.13 01:31:42 [ 0 ] GCSReadRequestAttempts: 48 (increment)
[clickhouse-builder-0.clickhouse-builder.ch-builder.svc.cluster.local] 2026.05.13 01:31:42 [ 0 ] DiskGCSReadMicroseconds: 7467 (increment)
[clickhouse-builder-0.clickhouse-builder.ch-builder.svc.cluster.local] 2026.05.13 01:31:42 [ 0 ] DiskGCSReadRequestsCount: 48 (increment)
[clickhouse-builder-0.clickhouse-builder.ch-builder.svc.cluster.local] 2026.05.13 01:31:42 [ 0 ] DiskGCSReadRequestAttempts: 48 (increment)
[clickhouse-builder-0.clickhouse-builder.ch-builder.svc.cluster.local] 2026.05.13 01:31:42 [ 0 ] GCSReadObject: 48 (increment)
[clickhouse-builder-0.clickhouse-builder.ch-builder.svc.cluster.local] 2026.05.13 01:31:42 [ 0 ] DiskGCSReadObject: 48 (increment)
[clickhouse-builder-0.clickhouse-builder.ch-builder.svc.cluster.local] 2026.05.13 01:31:42 [ 0 ] ReadBufferFromGCSMicroseconds: 12056282 (increment)
[clickhouse-builder-0.clickhouse-builder.ch-builder.svc.cluster.local] 2026.05.13 01:31:42 [ 0 ] ReadBufferFromGCSInitMicroseconds: 7658 (increment)
[clickhouse-builder-0.clickhouse-builder.ch-builder.svc.cluster.local] 2026.05.13 01:31:42 [ 0 ] ReadBufferFromGCSBytes: 5357240 (increment)
[clickhouse-builder-0.clickhouse-builder.ch-builder.svc.cluster.local] 2026.05.13 01:31:42 [ 0 ] InterfaceNativeSendBytes: 841 (increment)
[clickhouse-builder-0.clickhouse-builder.ch-builder.svc.cluster.local] 2026.05.13 01:31:42 [ 0 ] MemoryTrackerUsage: 174320 (gauge)
[clickhouse-builder-0.clickhouse-builder.ch-builder.svc.cluster.local] 2026.05.13 01:31:42 [ 0 ] MemoryTrackerPeakUsage: 174320 (gauge)
[clickhouse-builder-0.clickhouse-builder.ch-builder.svc.cluster.local] 2026.05.13 01:31:42 [ 0 ] NetworkReceiveElapsedMicroseconds: 1 (increment)
[clickhouse-builder-0.clickhouse-builder.ch-builder.svc.cluster.local] 2026.05.13 01:31:42 [ 0 ] NetworkSendElapsedMicroseconds: 24 (increment)
[clickhouse-builder-0.clickhouse-builder.ch-builder.svc.cluster.local] 2026.05.13 01:31:42 [ 0 ] NetworkSendBytes: 2647 (increment)
[clickhouse-builder-0.clickhouse-builder.ch-builder.svc.cluster.local] 2026.05.13 01:31:42 [ 0 ] InterfaceNativeSendBytes: 2647 (increment)
[clickhouse-builder-0.clickhouse-builder.ch-builder.svc.cluster.local] 2026.05.13 01:31:42 [ 0 ] MemoryTrackerUsage: 174320 (gauge)
[clickhouse-builder-0.clickhouse-builder.ch-builder.svc.cluster.local] 2026.05.13 01:31:42 [ 0 ] MemoryTrackerPeakUsage: 174320 (gauge)
[clickhouse-builder-0.clickhouse-builder.ch-builder.svc.cluster.local] 2026.05.13 01:31:42 [ 0 ] ReadCompressedBytes: 983415 (increment)
[clickhouse-builder-0.clickhouse-builder.ch-builder.svc.cluster.local] 2026.05.13 01:31:42 [ 0 ] CompressedReadBufferBlocks: 15 (increment)
[clickhouse-builder-0.clickhouse-builder.ch-builder.svc.cluster.local] 2026.05.13 01:31:42 [ 0 ] CompressedReadBufferBytes: 983040 (increment)
[clickhouse-builder-0.clickhouse-builder.ch-builder.svc.cluster.local] 2026.05.13 01:31:42 [ 0 ] IOBufferAllocs: 15 (increment)
[clickhouse-builder-0.clickhouse-builder.ch-builder.svc.cluster.local] 2026.05.13 01:31:42 [ 0 ] IOBufferAllocBytes: 3934605 (increment)
[clickhouse-builder-0.clickhouse-builder.ch-builder.svc.cluster.local] 2026.05.13 01:31:42 [ 0 ] NetworkReceiveElapsedMicroseconds: 1 (increment)
[clickhouse-builder-0.clickhouse-builder.ch-builder.svc.cluster.local] 2026.05.13 01:31:42 [ 0 ] NetworkSendElapsedMicroseconds: 21 (increment)
[clickhouse-builder-0.clickhouse-builder.ch-builder.svc.cluster.local] 2026.05.13 01:31:42 [ 0 ] NetworkSendBytes: 841 (increment)
[clickhouse-builder-0.clickhouse-builder.ch-builder.svc.cluster.local] 2026.05.13 01:31:42 [ 0 ] GCSReadMicroseconds: 4059 (increment)
[clickhouse-builder-0.clickhouse-builder.ch-builder.svc.cluster.local] 2026.05.13 01:31:42 [ 0 ] GCSReadRequestsCount: 15 (increment)
[clickhouse-builder-0.clickhouse-builder.ch-builder.svc.cluster.local] 2026.05.13 01:31:42 [ 0 ] GCSReadRequestAttempts: 15 (increment)
[clickhouse-builder-0.clickhouse-builder.ch-builder.svc.cluster.local] 2026.05.13 01:31:42 [ 0 ] DiskGCSReadMicroseconds: 4059 (increment)
[clickhouse-builder-0.clickhouse-builder.ch-builder.svc.cluster.local] 2026.05.13 01:31:42 [ 0 ] DiskGCSReadRequestsCount: 15 (increment)
[clickhouse-builder-0.clickhouse-builder.ch-builder.svc.cluster.local] 2026.05.13 01:31:42 [ 0 ] DiskGCSReadRequestAttempts: 15 (increment)
[clickhouse-builder-0.clickhouse-builder.ch-builder.svc.cluster.local] 2026.05.13 01:31:42 [ 0 ] GCSReadObject: 15 (increment)
[clickhouse-builder-0.clickhouse-builder.ch-builder.svc.cluster.local] 2026.05.13 01:31:42 [ 0 ] DiskGCSReadObject: 15 (increment)
[clickhouse-builder-0.clickhouse-builder.ch-builder.svc.cluster.local] 2026.05.13 01:31:42 [ 0 ] ReadBufferFromGCSMicroseconds: 3233532 (increment)
[clickhouse-builder-0.clickhouse-builder.ch-builder.svc.cluster.local] 2026.05.13 01:31:42 [ 0 ] ReadBufferFromGCSInitMicroseconds: 4119 (increment)
[clickhouse-builder-0.clickhouse-builder.ch-builder.svc.cluster.local] 2026.05.13 01:31:42 [ 0 ] ReadBufferFromGCSBytes: 7473954 (increment)
[clickhouse-builder-0.clickhouse-builder.ch-builder.svc.cluster.local] 2026.05.13 01:31:42 [ 0 ] InterfaceNativeSendBytes: 841 (increment)
[clickhouse-builder-0.clickhouse-builder.ch-builder.svc.cluster.local] 2026.05.13 01:31:42 [ 0 ] MemoryTrackerUsage: 174320 (gauge)
[clickhouse-builder-0.clickhouse-builder.ch-builder.svc.cluster.local] 2026.05.13 01:31:42 [ 0 ] MemoryTrackerPeakUsage: 174320 (gauge)
[clickhouse-builder-0.clickhouse-builder.ch-builder.svc.cluster.local] 2026.05.13 01:31:42 [ 0 ] ReadCompressedBytes: 1704586 (increment)
[clickhouse-builder-0.clickhouse-builder.ch-builder.svc.cluster.local] 2026.05.13 01:31:42 [ 0 ] CompressedReadBufferBlocks: 26 (increment)
[clickhouse-builder-0.clickhouse-builder.ch-builder.svc.cluster.local] 2026.05.13 01:31:42 [ 0 ] CompressedReadBufferBytes: 1703936 (increment)
[clickhouse-builder-0.clickhouse-builder.ch-builder.svc.cluster.local] 2026.05.13 01:31:42 [ 0 ] IOBufferAllocs: 31 (increment)
[clickhouse-builder-0.clickhouse-builder.ch-builder.svc.cluster.local] 2026.05.13 01:31:42 [ 0 ] IOBufferAllocBytes: 8655880 (increment)
[clickhouse-builder-0.clickhouse-builder.ch-builder.svc.cluster.local] 2026.05.13 01:31:42 [ 0 ] NetworkReceiveElapsedMicroseconds: 1 (increment)
[clickhouse-builder-0.clickhouse-builder.ch-builder.svc.cluster.local] 2026.05.13 01:31:42 [ 0 ] NetworkSendElapsedMicroseconds: 29 (increment)
[clickhouse-builder-0.clickhouse-builder.ch-builder.svc.cluster.local] 2026.05.13 01:31:42 [ 0 ] NetworkSendBytes: 2647 (increment)
[clickhouse-builder-0.clickhouse-builder.ch-builder.svc.cluster.local] 2026.05.13 01:31:42 [ 0 ] GCSReadMicroseconds: 3461 (increment)
[clickhouse-builder-0.clickhouse-builder.ch-builder.svc.cluster.local] 2026.05.13 01:31:42 [ 0 ] GCSReadRequestsCount: 26 (increment)
[clickhouse-builder-0.clickhouse-builder.ch-builder.svc.cluster.local] 2026.05.13 01:31:42 [ 0 ] GCSReadRequestAttempts: 26 (increment)
[clickhouse-builder-0.clickhouse-builder.ch-builder.svc.cluster.local] 2026.05.13 01:31:42 [ 0 ] DiskGCSReadMicroseconds: 3461 (increment)
[clickhouse-builder-0.clickhouse-builder.ch-builder.svc.cluster.local] 2026.05.13 01:31:42 [ 0 ] DiskGCSReadRequestsCount: 26 (increment)
[clickhouse-builder-0.clickhouse-builder.ch-builder.svc.cluster.local] 2026.05.13 01:31:42 [ 0 ] DiskGCSReadRequestAttempts: 26 (increment)
[clickhouse-builder-0.clickhouse-builder.ch-builder.svc.cluster.local] 2026.05.13 01:31:42 [ 0 ] GCSReadObject: 26 (increment)
[clickhouse-builder-0.clickhouse-builder.ch-builder.svc.cluster.local] 2026.05.13 01:31:42 [ 0 ] DiskGCSReadObject: 26 (increment)
[clickhouse-builder-0.clickhouse-builder.ch-builder.svc.cluster.local] 2026.05.13 01:31:42 [ 0 ] ReadBufferFromGCSMicroseconds: 7038819 (increment)
[clickhouse-builder-0.clickhouse-builder.ch-builder.svc.cluster.local] 2026.05.13 01:31:42 [ 0 ] ReadBufferFromGCSInitMicroseconds: 3565 (increment)
[clickhouse-builder-0.clickhouse-builder.ch-builder.svc.cluster.local] 2026.05.13 01:31:42 [ 0 ] ReadBufferFromGCSBytes: 12063224 (increment)
[clickhouse-builder-0.clickhouse-builder.ch-builder.svc.cluster.local] 2026.05.13 01:31:42 [ 0 ] InterfaceNativeSendBytes: 2647 (increment)
[clickhouse-builder-0.clickhouse-builder.ch-builder.svc.cluster.local] 2026.05.13 01:31:42 [ 0 ] MemoryTrackerUsage: 174320 (gauge)
[clickhouse-builder-0.clickhouse-builder.ch-builder.svc.cluster.local] 2026.05.13 01:31:42 [ 0 ] MemoryTrackerPeakUsage: 174320 (gauge)
[clickhouse-builder-0.clickhouse-builder.ch-builder.svc.cluster.local] 2026.05.13 01:31:42 [ 0 ] ReadCompressedBytes: 1639025 (increment)
[clickhouse-builder-0.clickhouse-builder.ch-builder.svc.cluster.local] 2026.05.13 01:31:42 [ 0 ] CompressedReadBufferBlocks: 25 (increment)
[clickhouse-builder-0.clickhouse-builder.ch-builder.svc.cluster.local] 2026.05.13 01:31:42 [ 0 ] CompressedReadBufferBytes: 1638400 (increment)
[clickhouse-builder-0.clickhouse-builder.ch-builder.svc.cluster.local] 2026.05.13 01:31:42 [ 0 ] IOBufferAllocs: 38 (increment)
[clickhouse-builder-0.clickhouse-builder.ch-builder.svc.cluster.local] 2026.05.13 01:31:42 [ 0 ] IOBufferAllocBytes: 11475244 (increment)
[clickhouse-builder-0.clickhouse-builder.ch-builder.svc.cluster.local] 2026.05.13 01:31:42 [ 0 ] NetworkReceiveElapsedMicroseconds: 1 (increment)
[clickhouse-builder-0.clickhouse-builder.ch-builder.svc.cluster.local] 2026.05.13 01:31:42 [ 0 ] NetworkSendElapsedMicroseconds: 25 (increment)
[clickhouse-builder-0.clickhouse-builder.ch-builder.svc.cluster.local] 2026.05.13 01:31:42 [ 0 ] NetworkSendBytes: 2647 (increment)
[clickhouse-builder-0.clickhouse-builder.ch-builder.svc.cluster.local] 2026.05.13 01:31:42 [ 0 ] GCSReadMicroseconds: 2705 (increment)
[clickhouse-builder-0.clickhouse-builder.ch-builder.svc.cluster.local] 2026.05.13 01:31:42 [ 0 ] GCSReadRequestsCount: 25 (increment)
[clickhouse-builder-0.clickhouse-builder.ch-builder.svc.cluster.local] 2026.05.13 01:31:42 [ 0 ] GCSReadRequestAttempts: 25 (increment)
[clickhouse-builder-0.clickhouse-builder.ch-builder.svc.cluster.local] 2026.05.13 01:31:42 [ 0 ] DiskGCSReadMicroseconds: 2705 (increment)
[clickhouse-builder-0.clickhouse-builder.ch-builder.svc.cluster.local] 2026.05.13 01:31:42 [ 0 ] DiskGCSReadRequestsCount: 25 (increment)
[clickhouse-builder-0.clickhouse-builder.ch-builder.svc.cluster.local] 2026.05.13 01:31:42 [ 0 ] DiskGCSReadRequestAttempts: 25 (increment)
[clickhouse-builder-0.clickhouse-builder.ch-builder.svc.cluster.local] 2026.05.13 01:31:42 [ 0 ] GCSReadObject: 25 (increment)
[clickhouse-builder-0.clickhouse-builder.ch-builder.svc.cluster.local] 2026.05.13 01:31:42 [ 0 ] DiskGCSReadObject: 25 (increment)
[clickhouse-builder-0.clickhouse-builder.ch-builder.svc.cluster.local] 2026.05.13 01:31:42 [ 0 ] ReadBufferFromGCSMicroseconds: 6436321 (increment)
[clickhouse-builder-0.clickhouse-builder.ch-builder.svc.cluster.local] 2026.05.13 01:31:42 [ 0 ] ReadBufferFromGCSInitMicroseconds: 2810 (increment)
[clickhouse-builder-0.clickhouse-builder.ch-builder.svc.cluster.local] 2026.05.13 01:31:42 [ 0 ] ReadBufferFromGCSBytes: 9899711 (increment)
[clickhouse-builder-0.clickhouse-builder.ch-builder.svc.cluster.local] 2026.05.13 01:31:42 [ 0 ] InterfaceNativeSendBytes: 2647 (increment)
[clickhouse-builder-0.clickhouse-builder.ch-builder.svc.cluster.local] 2026.05.13 01:31:42 [ 0 ] MemoryTrackerUsage: 174320 (gauge)
[clickhouse-builder-0.clickhouse-builder.ch-builder.svc.cluster.local] 2026.05.13 01:31:42 [ 0 ] MemoryTrackerPeakUsage: 174320 (gauge)
[clickhouse-builder-0.clickhouse-builder.ch-builder.svc.cluster.local] 2026.05.13 01:31:42 [ 0 ] ReadCompressedBytes: 917854 (increment)
[clickhouse-builder-0.clickhouse-builder.ch-builder.svc.cluster.local] 2026.05.13 01:31:42 [ 0 ] CompressedReadBufferBlocks: 14 (increment)
[clickhouse-builder-0.clickhouse-builder.ch-builder.svc.cluster.local] 2026.05.13 01:31:42 [ 0 ] CompressedReadBufferBytes: 917504 (increment)
[clickhouse-builder-0.clickhouse-builder.ch-builder.svc.cluster.local] 2026.05.13 01:31:42 [ 0 ] IOBufferAllocs: 27 (increment)
[clickhouse-builder-0.clickhouse-builder.ch-builder.svc.cluster.local] 2026.05.13 01:31:42 [ 0 ] IOBufferAllocBytes: 8523906 (increment)
[clickhouse-builder-0.clickhouse-builder.ch-builder.svc.cluster.local] 2026.05.13 01:31:42 [ 0 ] NetworkReceiveElapsedMicroseconds: 1 (increment)
[clickhouse-builder-0.clickhouse-builder.ch-builder.svc.cluster.local] 2026.05.13 01:31:42 [ 0 ] NetworkSendElapsedMicroseconds: 29 (increment)
[clickhouse-builder-0.clickhouse-builder.ch-builder.svc.cluster.local] 2026.05.13 01:31:42 [ 0 ] NetworkSendBytes: 2647 (increment)
[clickhouse-builder-0.clickhouse-builder.ch-builder.svc.cluster.local] 2026.05.13 01:31:42 [ 0 ] GCSReadMicroseconds: 1455 (increment)
[clickhouse-builder-0.clickhouse-builder.ch-builder.svc.cluster.local] 2026.05.13 01:31:42 [ 0 ] GCSReadRequestsCount: 14 (increment)
[clickhouse-builder-0.clickhouse-builder.ch-builder.svc.cluster.local] 2026.05.13 01:31:42 [ 0 ] GCSReadRequestAttempts: 14 (increment)
[clickhouse-builder-0.clickhouse-builder.ch-builder.svc.cluster.local] 2026.05.13 01:31:42 [ 0 ] DiskGCSReadMicroseconds: 1455 (increment)
[clickhouse-builder-0.clickhouse-builder.ch-builder.svc.cluster.local] 2026.05.13 01:31:42 [ 0 ] DiskGCSReadRequestsCount: 14 (increment)
[clickhouse-builder-0.clickhouse-builder.ch-builder.svc.cluster.local] 2026.05.13 01:31:42 [ 0 ] DiskGCSReadRequestAttempts: 14 (increment)
[clickhouse-builder-0.clickhouse-builder.ch-builder.svc.cluster.local] 2026.05.13 01:31:42 [ 0 ] GCSReadObject: 14 (increment)
[clickhouse-builder-0.clickhouse-builder.ch-builder.svc.cluster.local] 2026.05.13 01:31:42 [ 0 ] DiskGCSReadObject: 14 (increment)
[clickhouse-builder-0.clickhouse-builder.ch-builder.svc.cluster.local] 2026.05.13 01:31:42 [ 0 ] ReadBufferFromGCSMicroseconds: 2693327 (increment)
[clickhouse-builder-0.clickhouse-builder.ch-builder.svc.cluster.local] 2026.05.13 01:31:42 [ 0 ] ReadBufferFromGCSInitMicroseconds: 1507 (increment)
[clickhouse-builder-0.clickhouse-builder.ch-builder.svc.cluster.local] 2026.05.13 01:31:42 [ 0 ] ReadBufferFromGCSBytes: 3999221 (increment)
[clickhouse-builder-0.clickhouse-builder.ch-builder.svc.cluster.local] 2026.05.13 01:31:42 [ 0 ] InterfaceNativeSendBytes: 2647 (increment)
[clickhouse-builder-0.clickhouse-builder.ch-builder.svc.cluster.local] 2026.05.13 01:31:42 [ 0 ] MemoryTrackerUsage: 4798145 (gauge)
[clickhouse-builder-0.clickhouse-builder.ch-builder.svc.cluster.local] 2026.05.13 01:31:42 [ 0 ] MemoryTrackerPeakUsage: 4798145 (gauge)
[clickhouse-builder-0.clickhouse-builder.ch-builder.svc.cluster.local] 2026.05.13 01:31:42 [ 0 ] ReadCompressedBytes: 1376781 (increment)
[clickhouse-builder-0.clickhouse-builder.ch-builder.svc.cluster.local] 2026.05.13 01:31:42 [ 0 ] CompressedReadBufferBlocks: 21 (increment)
[clickhouse-builder-0.clickhouse-builder.ch-builder.svc.cluster.local] 2026.05.13 01:31:42 [ 0 ] CompressedReadBufferBytes: 1376256 (increment)
[clickhouse-builder-0.clickhouse-builder.ch-builder.svc.cluster.local] 2026.05.13 01:31:42 [ 0 ] IOBufferAllocs: 36 (increment)
[clickhouse-builder-0.clickhouse-builder.ch-builder.svc.cluster.local] 2026.05.13 01:31:42 [ 0 ] IOBufferAllocBytes: 15144084 (increment)
[clickhouse-builder-0.clickhouse-builder.ch-builder.svc.cluster.local] 2026.05.13 01:31:42 [ 0 ] NetworkReceiveElapsedMicroseconds: 1 (increment)
[clickhouse-builder-0.clickhouse-builder.ch-builder.svc.cluster.local] 2026.05.13 01:31:42 [ 0 ] NetworkSendElapsedMicroseconds: 20 (increment)
[clickhouse-builder-0.clickhouse-builder.ch-builder.svc.cluster.local] 2026.05.13 01:31:42 [ 0 ] NetworkSendBytes: 2647 (increment)
[clickhouse-builder-0.clickhouse-builder.ch-builder.svc.cluster.local] 2026.05.13 01:31:42 [ 0 ] GCSReadMicroseconds: 2446 (increment)
[clickhouse-builder-0.clickhouse-builder.ch-builder.svc.cluster.local] 2026.05.13 01:31:42 [ 0 ] GCSReadRequestsCount: 21 (increment)
[clickhouse-builder-0.clickhouse-builder.ch-builder.svc.cluster.local] 2026.05.13 01:31:42 [ 0 ] GCSReadRequestAttempts: 21 (increment)
[clickhouse-builder-0.clickhouse-builder.ch-builder.svc.cluster.local] 2026.05.13 01:31:42 [ 0 ] DiskGCSReadMicroseconds: 2446 (increment)
[clickhouse-builder-0.clickhouse-builder.ch-builder.svc.cluster.local] 2026.05.13 01:31:42 [ 0 ] DiskGCSReadRequestsCount: 21 (increment)
[clickhouse-builder-0.clickhouse-builder.ch-builder.svc.cluster.local] 2026.05.13 01:31:42 [ 0 ] DiskGCSReadRequestAttempts: 21 (increment)
[clickhouse-builder-0.clickhouse-builder.ch-builder.svc.cluster.local] 2026.05.13 01:31:42 [ 0 ] GCSReadObject: 21 (increment)
[clickhouse-builder-0.clickhouse-builder.ch-builder.svc.cluster.local] 2026.05.13 01:31:42 [ 0 ] DiskGCSReadObject: 21 (increment)
[clickhouse-builder-0.clickhouse-builder.ch-builder.svc.cluster.local] 2026.05.13 01:31:42 [ 0 ] ReadBufferFromGCSMicroseconds: 5154190 (increment)
[clickhouse-builder-0.clickhouse-builder.ch-builder.svc.cluster.local] 2026.05.13 01:31:42 [ 0 ] ReadBufferFromGCSInitMicroseconds: 2533 (increment)
[clickhouse-builder-0.clickhouse-builder.ch-builder.svc.cluster.local] 2026.05.13 01:31:42 [ 0 ] ReadBufferFromGCSBytes: 7605076 (increment)
[clickhouse-builder-0.clickhouse-builder.ch-builder.svc.cluster.local] 2026.05.13 01:31:42 [ 0 ] InterfaceNativeSendBytes: 2647 (increment)
[clickhouse-builder-0.clickhouse-builder.ch-builder.svc.cluster.local] 2026.05.13 01:31:42 [ 0 ] MemoryTrackerUsage: 34321133 (gauge)
[clickhouse-builder-0.clickhouse-builder.ch-builder.svc.cluster.local] 2026.05.13 01:31:42 [ 0 ] MemoryTrackerPeakUsage: 34321133 (gauge)
[clickhouse-builder-0.clickhouse-builder.ch-builder.svc.cluster.local] 2026.05.13 01:31:42 [ 0 ] ReadCompressedBytes: 1442342 (increment)
[clickhouse-builder-0.clickhouse-builder.ch-builder.svc.cluster.local] 2026.05.13 01:31:42 [ 0 ] CompressedReadBufferBlocks: 22 (increment)
[clickhouse-builder-0.clickhouse-builder.ch-builder.svc.cluster.local] 2026.05.13 01:31:42 [ 0 ] CompressedReadBufferBytes: 1441792 (increment)
[clickhouse-builder-0.clickhouse-builder.ch-builder.svc.cluster.local] 2026.05.13 01:31:42 [ 0 ] IOBufferAllocs: 24 (increment)
[clickhouse-builder-0.clickhouse-builder.ch-builder.svc.cluster.local] 2026.05.13 01:31:42 [ 0 ] IOBufferAllocBytes: 22153080 (increment)
[clickhouse-builder-0.clickhouse-builder.ch-builder.svc.cluster.local] 2026.05.13 01:31:42 [ 0 ] NetworkReceiveElapsedMicroseconds: 2 (increment)
[clickhouse-builder-0.clickhouse-builder.ch-builder.svc.cluster.local] 2026.05.13 01:31:42 [ 0 ] NetworkSendElapsedMicroseconds: 26 (increment)
[clickhouse-builder-0.clickhouse-builder.ch-builder.svc.cluster.local] 2026.05.13 01:31:42 [ 0 ] NetworkSendBytes: 2647 (increment)
[clickhouse-builder-0.clickhouse-builder.ch-builder.svc.cluster.local] 2026.05.13 01:31:42 [ 0 ] GCSReadMicroseconds: 2721 (increment)
[clickhouse-builder-0.clickhouse-builder.ch-builder.svc.cluster.local] 2026.05.13 01:31:42 [ 0 ] GCSReadRequestsCount: 22 (increment)
[clickhouse-builder-0.clickhouse-builder.ch-builder.svc.cluster.local] 2026.05.13 01:31:42 [ 0 ] GCSReadRequestAttempts: 22 (increment)
[clickhouse-builder-0.clickhouse-builder.ch-builder.svc.cluster.local] 2026.05.13 01:31:42 [ 0 ] DiskGCSReadMicroseconds: 2721 (increment)
[clickhouse-builder-0.clickhouse-builder.ch-builder.svc.cluster.local] 2026.05.13 01:31:42 [ 0 ] DiskGCSReadRequestsCount: 22 (increment)
[clickhouse-builder-0.clickhouse-builder.ch-builder.svc.cluster.local] 2026.05.13 01:31:42 [ 0 ] DiskGCSReadRequestAttempts: 22 (increment)
[clickhouse-builder-0.clickhouse-builder.ch-builder.svc.cluster.local] 2026.05.13 01:31:42 [ 0 ] GCSReadObject: 22 (increment)
[clickhouse-builder-0.clickhouse-builder.ch-builder.svc.cluster.local] 2026.05.13 01:31:42 [ 0 ] DiskGCSReadObject: 22 (increment)
[clickhouse-builder-0.clickhouse-builder.ch-builder.svc.cluster.local] 2026.05.13 01:31:42 [ 0 ] ReadBufferFromGCSMicroseconds: 5701176 (increment)
[clickhouse-builder-0.clickhouse-builder.ch-builder.svc.cluster.local] 2026.05.13 01:31:42 [ 0 ] ReadBufferFromGCSInitMicroseconds: 2810 (increment)
[clickhouse-builder-0.clickhouse-builder.ch-builder.svc.cluster.local] 2026.05.13 01:31:42 [ 0 ] ReadBufferFromGCSBytes: 10948687 (increment)
[clickhouse-builder-0.clickhouse-builder.ch-builder.svc.cluster.local] 2026.05.13 01:31:42 [ 0 ] InterfaceNativeSendBytes: 2647 (increment)
[clickhouse-builder-0.clickhouse-builder.ch-builder.svc.cluster.local] 2026.05.13 01:31:42 [ 0 ] MemoryTrackerUsage: 133849943 (gauge)
[clickhouse-builder-0.clickhouse-builder.ch-builder.svc.cluster.local] 2026.05.13 01:31:42 [ 0 ] MemoryTrackerPeakUsage: 133849943 (gauge)
[clickhouse-builder-0.clickhouse-builder.ch-builder.svc.cluster.local] 2026.05.13 01:31:43 [ 0 ] ReadCompressedBytes: 852293 (increment)
[clickhouse-builder-0.clickhouse-builder.ch-builder.svc.cluster.local] 2026.05.13 01:31:43 [ 0 ] CompressedReadBufferBlocks: 13 (increment)
[clickhouse-builder-0.clickhouse-builder.ch-builder.svc.cluster.local] 2026.05.13 01:31:43 [ 0 ] CompressedReadBufferBytes: 851968 (increment)
[clickhouse-builder-0.clickhouse-builder.ch-builder.svc.cluster.local] 2026.05.13 01:31:43 [ 0 ] IOBufferAllocs: 13 (increment)
[clickhouse-builder-0.clickhouse-builder.ch-builder.svc.cluster.local] 2026.05.13 01:31:43 [ 0 ] IOBufferAllocBytes: 13632307 (increment)
[clickhouse-builder-0.clickhouse-builder.ch-builder.svc.cluster.local] 2026.05.13 01:31:43 [ 0 ] NetworkReceiveElapsedMicroseconds: 1 (increment)
[clickhouse-builder-0.clickhouse-builder.ch-builder.svc.cluster.local] 2026.05.13 01:31:43 [ 0 ] NetworkSendElapsedMicroseconds: 20 (increment)
[clickhouse-builder-0.clickhouse-builder.ch-builder.svc.cluster.local] 2026.05.13 01:31:43 [ 0 ] NetworkSendBytes: 2647 (increment)
[clickhouse-builder-0.clickhouse-builder.ch-builder.svc.cluster.local] 2026.05.13 01:31:43 [ 0 ] GCSReadMicroseconds: 1536 (increment)
[clickhouse-builder-0.clickhouse-builder.ch-builder.svc.cluster.local] 2026.05.13 01:31:43 [ 0 ] GCSReadRequestsCount: 13 (increment)
[clickhouse-builder-0.clickhouse-builder.ch-builder.svc.cluster.local] 2026.05.13 01:31:43 [ 0 ] GCSReadRequestAttempts: 13 (increment)
[clickhouse-builder-0.clickhouse-builder.ch-builder.svc.cluster.local] 2026.05.13 01:31:43 [ 0 ] DiskGCSReadMicroseconds: 1536 (increment)
[clickhouse-builder-0.clickhouse-builder.ch-builder.svc.cluster.local] 2026.05.13 01:31:43 [ 0 ] DiskGCSReadRequestsCount: 13 (increment)
[clickhouse-builder-0.clickhouse-builder.ch-builder.svc.cluster.local] 2026.05.13 01:31:43 [ 0 ] DiskGCSReadRequestAttempts: 13 (increment)
[clickhouse-builder-0.clickhouse-builder.ch-builder.svc.cluster.local] 2026.05.13 01:31:43 [ 0 ] GCSReadObject: 13 (increment)
[clickhouse-builder-0.clickhouse-builder.ch-builder.svc.cluster.local] 2026.05.13 01:31:43 [ 0 ] DiskGCSReadObject: 13 (increment)
[clickhouse-builder-0.clickhouse-builder.ch-builder.svc.cluster.local] 2026.05.13 01:31:43 [ 0 ] ReadBufferFromGCSMicroseconds: 3344611 (increment)
[clickhouse-builder-0.clickhouse-builder.ch-builder.svc.cluster.local] 2026.05.13 01:31:43 [ 0 ] ReadBufferFromGCSInitMicroseconds: 1593 (increment)
[clickhouse-builder-0.clickhouse-builder.ch-builder.svc.cluster.local] 2026.05.13 01:31:43 [ 0 ] ReadBufferFromGCSBytes: 7866920 (increment)
[clickhouse-builder-0.clickhouse-builder.ch-builder.svc.cluster.local] 2026.05.13 01:31:43 [ 0 ] MemoryAllocatedWithoutCheck: 4 (increment)
[clickhouse-builder-0.clickhouse-builder.ch-builder.svc.cluster.local] 2026.05.13 01:31:43 [ 0 ] MemoryAllocatedWithoutCheckBytes: 17867964 (increment)
[clickhouse-builder-0.clickhouse-builder.ch-builder.svc.cluster.local] 2026.05.13 01:31:43 [ 0 ] InterfaceNativeSendBytes: 2647 (increment)
[clickhouse-builder-0.clickhouse-builder.ch-builder.svc.cluster.local] 2026.05.13 01:31:43 [ 0 ] MemoryTrackerUsage: 202872303 (gauge)
[clickhouse-builder-0.clickhouse-builder.ch-builder.svc.cluster.local] 2026.05.13 01:31:43 [ 0 ] MemoryTrackerPeakUsage: 202872303 (gauge)
[clickhouse-builder-0.clickhouse-builder.ch-builder.svc.cluster.local] 2026.05.13 01:31:43 [ 0 ] ReadCompressedBytes: 5177819 (increment)
[clickhouse-builder-0.clickhouse-builder.ch-builder.svc.cluster.local] 2026.05.13 01:31:43 [ 0 ] CompressedReadBufferBlocks: 19 (increment)
[clickhouse-builder-0.clickhouse-builder.ch-builder.svc.cluster.local] 2026.05.13 01:31:43 [ 0 ] CompressedReadBufferBytes: 5177344 (increment)
[clickhouse-builder-0.clickhouse-builder.ch-builder.svc.cluster.local] 2026.05.13 01:31:43 [ 0 ] IOBufferAllocs: 7 (increment)
[clickhouse-builder-0.clickhouse-builder.ch-builder.svc.cluster.local] 2026.05.13 01:31:43 [ 0 ] IOBufferAllocBytes: 7340473 (increment)
[clickhouse-builder-0.clickhouse-builder.ch-builder.svc.cluster.local] 2026.05.13 01:31:43 [ 0 ] NetworkReceiveElapsedMicroseconds: 1 (increment)
[clickhouse-builder-0.clickhouse-builder.ch-builder.svc.cluster.local] 2026.05.13 01:31:43 [ 0 ] NetworkSendElapsedMicroseconds: 20 (increment)
[clickhouse-builder-0.clickhouse-builder.ch-builder.svc.cluster.local] 2026.05.13 01:31:43 [ 0 ] NetworkSendBytes: 2893 (increment)
[clickhouse-builder-0.clickhouse-builder.ch-builder.svc.cluster.local] 2026.05.13 01:31:43 [ 0 ] SelectedRows: 32768 (increment)
[clickhouse-builder-0.clickhouse-builder.ch-builder.svc.cluster.local] 2026.05.13 01:31:43 [ 0 ] SelectedBytes: 4751360 (increment)
[clickhouse-builder-0.clickhouse-builder.ch-builder.svc.cluster.local] 2026.05.13 01:31:43 [ 0 ] RowsReadByMainReader: 32768 (increment)
[clickhouse-builder-0.clickhouse-builder.ch-builder.svc.cluster.local] 2026.05.13 01:31:43 [ 0 ] RealTimeMicroseconds: 2368791 (increment)
[clickhouse-builder-0.clickhouse-builder.ch-builder.svc.cluster.local] 2026.05.13 01:31:43 [ 0 ] UserTimeMicroseconds: 2159 (increment)
[clickhouse-builder-0.clickhouse-builder.ch-builder.svc.cluster.local] 2026.05.13 01:31:43 [ 0 ] SystemTimeMicroseconds: 7500 (increment)
[clickhouse-builder-0.clickhouse-builder.ch-builder.svc.cluster.local] 2026.05.13 01:31:43 [ 0 ] SoftPageFaults: 3855 (increment)
[clickhouse-builder-0.clickhouse-builder.ch-builder.svc.cluster.local] 2026.05.13 01:31:43 [ 0 ] OSCPUVirtualTimeMicroseconds: 9658 (increment)
[clickhouse-builder-0.clickhouse-builder.ch-builder.svc.cluster.local] 2026.05.13 01:31:43 [ 0 ] OSReadChars: 2644 (increment)
[clickhouse-builder-0.clickhouse-builder.ch-builder.svc.cluster.local] 2026.05.13 01:31:43 [ 0 ] GCSReadMicroseconds: 796 (increment)
[clickhouse-builder-0.clickhouse-builder.ch-builder.svc.cluster.local] 2026.05.13 01:31:43 [ 0 ] GCSReadRequestsCount: 7 (increment)
[clickhouse-builder-0.clickhouse-builder.ch-builder.svc.cluster.local] 2026.05.13 01:31:43 [ 0 ] GCSReadRequestAttempts: 7 (increment)
[clickhouse-builder-0.clickhouse-builder.ch-builder.svc.cluster.local] 2026.05.13 01:31:43 [ 0 ] DiskGCSReadMicroseconds: 796 (increment)
[clickhouse-builder-0.clickhouse-builder.ch-builder.svc.cluster.local] 2026.05.13 01:31:43 [ 0 ] DiskGCSReadRequestsCount: 7 (increment)
[clickhouse-builder-0.clickhouse-builder.ch-builder.svc.cluster.local] 2026.05.13 01:31:43 [ 0 ] DiskGCSReadRequestAttempts: 7 (increment)
[clickhouse-builder-0.clickhouse-builder.ch-builder.svc.cluster.local] 2026.05.13 01:31:43 [ 0 ] GCSReadObject: 7 (increment)
[clickhouse-builder-0.clickhouse-builder.ch-builder.svc.cluster.local] 2026.05.13 01:31:43 [ 0 ] DiskGCSReadObject: 7 (increment)
[clickhouse-builder-0.clickhouse-builder.ch-builder.svc.cluster.local] 2026.05.13 01:31:43 [ 0 ] ReadBufferFromGCSMicroseconds: 2335174 (increment)
[clickhouse-builder-0.clickhouse-builder.ch-builder.svc.cluster.local] 2026.05.13 01:31:43 [ 0 ] ReadBufferFromGCSInitMicroseconds: 825 (increment)
[clickhouse-builder-0.clickhouse-builder.ch-builder.svc.cluster.local] 2026.05.13 01:31:43 [ 0 ] ReadBufferFromGCSBytes: 8914296 (increment)
[clickhouse-builder-0.clickhouse-builder.ch-builder.svc.cluster.local] 2026.05.13 01:31:43 [ 0 ] MemoryAllocatedWithoutCheck: 4 (increment)
[clickhouse-builder-0.clickhouse-builder.ch-builder.svc.cluster.local] 2026.05.13 01:31:43 [ 0 ] MemoryAllocatedWithoutCheckBytes: 25544792 (increment)
[clickhouse-builder-0.clickhouse-builder.ch-builder.svc.cluster.local] 2026.05.13 01:31:43 [ 0 ] InterfaceNativeSendBytes: 2893 (increment)
[clickhouse-builder-0.clickhouse-builder.ch-builder.svc.cluster.local] 2026.05.13 01:31:43 [ 0 ] MemoryTrackerUsage: 235084794 (gauge)
[clickhouse-builder-0.clickhouse-builder.ch-builder.svc.cluster.local] 2026.05.13 01:31:43 [ 0 ] MemoryTrackerPeakUsage: 239286954 (gauge)
[clickhouse-builder-0.clickhouse-builder.ch-builder.svc.cluster.local] 2026.05.13 01:31:43 [ 0 ] ReadCompressedBytes: 25509444 (increment)
[clickhouse-builder-0.clickhouse-builder.ch-builder.svc.cluster.local] 2026.05.13 01:31:43 [ 0 ] CompressedReadBufferBlocks: 76 (increment)
[clickhouse-builder-0.clickhouse-builder.ch-builder.svc.cluster.local] 2026.05.13 01:31:43 [ 0 ] CompressedReadBufferBytes: 25624576 (increment)
[clickhouse-builder-0.clickhouse-builder.ch-builder.svc.cluster.local] 2026.05.13 01:31:43 [ 0 ] IOBufferAllocs: 2 (increment)
[clickhouse-builder-0.clickhouse-builder.ch-builder.svc.cluster.local] 2026.05.13 01:31:43 [ 0 ] IOBufferAllocBytes: 1133171 (increment)
[clickhouse-builder-0.clickhouse-builder.ch-builder.svc.cluster.local] 2026.05.13 01:31:43 [ 0 ] NetworkReceiveElapsedMicroseconds: 1 (increment)
[clickhouse-builder-0.clickhouse-builder.ch-builder.svc.cluster.local] 2026.05.13 01:31:43 [ 0 ] NetworkSendElapsedMicroseconds: 28 (increment)
[clickhouse-builder-0.clickhouse-builder.ch-builder.svc.cluster.local] 2026.05.13 01:31:43 [ 0 ] NetworkSendBytes: 3875 (increment)
[clickhouse-builder-0.clickhouse-builder.ch-builder.svc.cluster.local] 2026.05.13 01:31:43 [ 0 ] SelectedRows: 172032 (increment)
[clickhouse-builder-0.clickhouse-builder.ch-builder.svc.cluster.local] 2026.05.13 01:31:43 [ 0 ] SelectedBytes: 24944640 (increment)
[clickhouse-builder-0.clickhouse-builder.ch-builder.svc.cluster.local] 2026.05.13 01:31:43 [ 0 ] RowsReadByMainReader: 172032 (increment)
[clickhouse-builder-0.clickhouse-builder.ch-builder.svc.cluster.local] 2026.05.13 01:31:43 [ 0 ] RealTimeMicroseconds: 17890804 (increment)
[clickhouse-builder-0.clickhouse-builder.ch-builder.svc.cluster.local] 2026.05.13 01:31:43 [ 0 ] UserTimeMicroseconds: 22635 (increment)
[clickhouse-builder-0.clickhouse-builder.ch-builder.svc.cluster.local] 2026.05.13 01:31:43 [ 0 ] SystemTimeMicroseconds: 21567 (increment)
[clickhouse-builder-0.clickhouse-builder.ch-builder.svc.cluster.local] 2026.05.13 01:31:43 [ 0 ] SoftPageFaults: 10964 (increment)
[clickhouse-builder-0.clickhouse-builder.ch-builder.svc.cluster.local] 2026.05.13 01:31:43 [ 0 ] OSCPUVirtualTimeMicroseconds: 44194 (increment)
[clickhouse-builder-0.clickhouse-builder.ch-builder.svc.cluster.local] 2026.05.13 01:31:43 [ 0 ] OSReadChars: 13265 (increment)
[clickhouse-builder-0.clickhouse-builder.ch-builder.svc.cluster.local] 2026.05.13 01:31:43 [ 0 ] GCSReadMicroseconds: 3386 (increment)
[clickhouse-builder-0.clickhouse-builder.ch-builder.svc.cluster.local] 2026.05.13 01:31:43 [ 0 ] GCSReadRequestsCount: 2 (increment)
[clickhouse-builder-0.clickhouse-builder.ch-builder.svc.cluster.local] 2026.05.13 01:31:43 [ 0 ] GCSReadRequestsErrors: 4 (increment)
[clickhouse-builder-0.clickhouse-builder.ch-builder.svc.cluster.local] 2026.05.13 01:31:43 [ 0 ] GCSReadRequestAttempts: 2 (increment)
[clickhouse-builder-0.clickhouse-builder.ch-builder.svc.cluster.local] 2026.05.13 01:31:43 [ 0 ] DiskGCSReadMicroseconds: 3386 (increment)
[clickhouse-builder-0.clickhouse-builder.ch-builder.svc.cluster.local] 2026.05.13 01:31:43 [ 0 ] DiskGCSReadRequestsCount: 2 (increment)
[clickhouse-builder-0.clickhouse-builder.ch-builder.svc.cluster.local] 2026.05.13 01:31:43 [ 0 ] DiskGCSReadRequestsErrors: 4 (increment)
[clickhouse-builder-0.clickhouse-builder.ch-builder.svc.cluster.local] 2026.05.13 01:31:43 [ 0 ] DiskGCSReadRequestAttempts: 2 (increment)
[clickhouse-builder-0.clickhouse-builder.ch-builder.svc.cluster.local] 2026.05.13 01:31:43 [ 0 ] GCSReadObject: 2 (increment)
[clickhouse-builder-0.clickhouse-builder.ch-builder.svc.cluster.local] 2026.05.13 01:31:43 [ 0 ] DiskGCSReadObject: 2 (increment)
[clickhouse-builder-0.clickhouse-builder.ch-builder.svc.cluster.local] 2026.05.13 01:31:43 [ 0 ] ReadBufferFromGCSMicroseconds: 5450888 (increment)
[clickhouse-builder-0.clickhouse-builder.ch-builder.svc.cluster.local] 2026.05.13 01:31:43 [ 0 ] ReadBufferFromGCSInitMicroseconds: 3396 (increment)
[clickhouse-builder-0.clickhouse-builder.ch-builder.svc.cluster.local] 2026.05.13 01:31:43 [ 0 ] ReadBufferFromGCSBytes: 36176197 (increment)
[clickhouse-builder-0.clickhouse-builder.ch-builder.svc.cluster.local] 2026.05.13 01:31:43 [ 0 ] MemoryAllocatedWithoutCheck: 20 (increment)
[clickhouse-builder-0.clickhouse-builder.ch-builder.svc.cluster.local] 2026.05.13 01:31:43 [ 0 ] MemoryAllocatedWithoutCheckBytes: 97530448 (increment)
[clickhouse-builder-0.clickhouse-builder.ch-builder.svc.cluster.local] 2026.05.13 01:31:43 [ 0 ] InterfaceNativeSendBytes: 3875 (increment)
[clickhouse-builder-0.clickhouse-builder.ch-builder.svc.cluster.local] 2026.05.13 01:31:43 [ 0 ] MemoryTrackerUsage: 233708106 (gauge)
[clickhouse-builder-0.clickhouse-builder.ch-builder.svc.cluster.local] 2026.05.13 01:31:43 [ 0 ] MemoryTrackerPeakUsage: 243545666 (gauge)
[clickhouse-builder-0.clickhouse-builder.ch-builder.svc.cluster.local] 2026.05.13 01:31:43 [ 0 ] ReadCompressedBytes: 46628386 (increment)
[clickhouse-builder-0.clickhouse-builder.ch-builder.svc.cluster.local] 2026.05.13 01:31:43 [ 0 ] CompressedReadBufferBlocks: 145 (increment)
[clickhouse-builder-0.clickhouse-builder.ch-builder.svc.cluster.local] 2026.05.13 01:31:43 [ 0 ] CompressedReadBufferBytes: 46858240 (increment)
[clickhouse-builder-0.clickhouse-builder.ch-builder.svc.cluster.local] 2026.05.13 01:31:43 [ 0 ] IOBufferAllocs: 2 (increment)
[clickhouse-builder-0.clickhouse-builder.ch-builder.svc.cluster.local] 2026.05.13 01:31:43 [ 0 ] IOBufferAllocBytes: 412173 (increment)
[clickhouse-builder-0.clickhouse-builder.ch-builder.svc.cluster.local] 2026.05.13 01:31:43 [ 0 ] NetworkReceiveElapsedMicroseconds: 2 (increment)
[clickhouse-builder-0.clickhouse-builder.ch-builder.svc.cluster.local] 2026.05.13 01:31:43 [ 0 ] NetworkSendElapsedMicroseconds: 36 (increment)
[clickhouse-builder-0.clickhouse-builder.ch-builder.svc.cluster.local] 2026.05.13 01:31:43 [ 0 ] NetworkSendBytes: 4100 (increment)
[clickhouse-builder-0.clickhouse-builder.ch-builder.svc.cluster.local] 2026.05.13 01:31:43 [ 0 ] SelectedRows: 311296 (increment)
[clickhouse-builder-0.clickhouse-builder.ch-builder.svc.cluster.local] 2026.05.13 01:31:43 [ 0 ] SelectedBytes: 45137920 (increment)
[clickhouse-builder-0.clickhouse-builder.ch-builder.svc.cluster.local] 2026.05.13 01:31:43 [ 0 ] RowsReadByMainReader: 311296 (increment)
[clickhouse-builder-0.clickhouse-builder.ch-builder.svc.cluster.local] 2026.05.13 01:31:43 [ 0 ] RealTimeMicroseconds: 17729171 (increment)
[clickhouse-builder-0.clickhouse-builder.ch-builder.svc.cluster.local] 2026.05.13 01:31:43 [ 0 ] UserTimeMicroseconds: 27912 (increment)
[clickhouse-builder-0.clickhouse-builder.ch-builder.svc.cluster.local] 2026.05.13 01:31:43 [ 0 ] SystemTimeMicroseconds: 22379 (increment)
[clickhouse-builder-0.clickhouse-builder.ch-builder.svc.cluster.local] 2026.05.13 01:31:43 [ 0 ] SoftPageFaults: 11192 (increment)
[clickhouse-builder-0.clickhouse-builder.ch-builder.svc.cluster.local] 2026.05.13 01:31:43 [ 0 ] OSCPUVirtualTimeMicroseconds: 51148 (increment)
[clickhouse-builder-0.clickhouse-builder.ch-builder.svc.cluster.local] 2026.05.13 01:31:43 [ 0 ] OSReadChars: 17744 (increment)
[clickhouse-builder-0.clickhouse-builder.ch-builder.svc.cluster.local] 2026.05.13 01:31:43 [ 0 ] GCSReadMicroseconds: 17058 (increment)
[clickhouse-builder-0.clickhouse-builder.ch-builder.svc.cluster.local] 2026.05.13 01:31:43 [ 0 ] GCSReadRequestsCount: 2 (increment)
[clickhouse-builder-0.clickhouse-builder.ch-builder.svc.cluster.local] 2026.05.13 01:31:43 [ 0 ] GCSReadRequestsErrors: 4 (increment)
[clickhouse-builder-0.clickhouse-builder.ch-builder.svc.cluster.local] 2026.05.13 01:31:43 [ 0 ] GCSReadRequestAttempts: 2 (increment)
[clickhouse-builder-0.clickhouse-builder.ch-builder.svc.cluster.local] 2026.05.13 01:31:43 [ 0 ] DiskGCSReadMicroseconds: 17058 (increment)
[clickhouse-builder-0.clickhouse-builder.ch-builder.svc.cluster.local] 2026.05.13 01:31:43 [ 0 ] DiskGCSReadRequestsCount: 2 (increment)
[clickhouse-builder-0.clickhouse-builder.ch-builder.svc.cluster.local] 2026.05.13 01:31:43 [ 0 ] DiskGCSReadRequestsErrors: 4 (increment)
[clickhouse-builder-0.clickhouse-builder.ch-builder.svc.cluster.local] 2026.05.13 01:31:43 [ 0 ] DiskGCSReadRequestAttempts: 2 (increment)
[clickhouse-builder-0.clickhouse-builder.ch-builder.svc.cluster.local] 2026.05.13 01:31:43 [ 0 ] GCSReadObject: 2 (increment)
[clickhouse-builder-0.clickhouse-builder.ch-builder.svc.cluster.local] 2026.05.13 01:31:43 [ 0 ] DiskGCSReadObject: 2 (increment)
[clickhouse-builder-0.clickhouse-builder.ch-builder.svc.cluster.local] 2026.05.13 01:31:43 [ 0 ] ReadBufferFromGCSMicroseconds: 6212446 (increment)
[clickhouse-builder-0.clickhouse-builder.ch-builder.svc.cluster.local] 2026.05.13 01:31:43 [ 0 ] ReadBufferFromGCSInitMicroseconds: 17062 (increment)
[clickhouse-builder-0.clickhouse-builder.ch-builder.svc.cluster.local] 2026.05.13 01:31:43 [ 0 ] ReadBufferFromGCSBytes: 51464769 (increment)
[clickhouse-builder-0.clickhouse-builder.ch-builder.svc.cluster.local] 2026.05.13 01:31:43 [ 0 ] MemoryAllocatedWithoutCheck: 28 (increment)
[clickhouse-builder-0.clickhouse-builder.ch-builder.svc.cluster.local] 2026.05.13 01:31:43 [ 0 ] MemoryAllocatedWithoutCheckBytes: 167971660 (increment)
[clickhouse-builder-0.clickhouse-builder.ch-builder.svc.cluster.local] 2026.05.13 01:31:43 [ 0 ] InterfaceNativeSendBytes: 4100 (increment)
[clickhouse-builder-0.clickhouse-builder.ch-builder.svc.cluster.local] 2026.05.13 01:31:43 [ 0 ] MemoryTrackerUsage: 186589992 (gauge)
[clickhouse-builder-0.clickhouse-builder.ch-builder.svc.cluster.local] 2026.05.13 01:31:43 [ 0 ] MemoryTrackerPeakUsage: 243545666 (gauge)
[clickhouse-builder-0.clickhouse-builder.ch-builder.svc.cluster.local] 2026.05.13 01:31:43 [ 0 ] ReadCompressedBytes: 65630834 (increment)
[clickhouse-builder-0.clickhouse-builder.ch-builder.svc.cluster.local] 2026.05.13 01:31:43 [ 0 ] CompressedReadBufferBlocks: 196 (increment)
[clickhouse-builder-0.clickhouse-builder.ch-builder.svc.cluster.local] 2026.05.13 01:31:43 [ 0 ] CompressedReadBufferBytes: 65929216 (increment)
[clickhouse-builder-0.clickhouse-builder.ch-builder.svc.cluster.local] 2026.05.13 01:31:43 [ 0 ] IOBufferAllocs: 2 (increment)
[clickhouse-builder-0.clickhouse-builder.ch-builder.svc.cluster.local] 2026.05.13 01:31:43 [ 0 ] IOBufferAllocBytes: 608970 (increment)
[clickhouse-builder-0.clickhouse-builder.ch-builder.svc.cluster.local] 2026.05.13 01:31:43 [ 0 ] NetworkReceiveElapsedMicroseconds: 2 (increment)
[clickhouse-builder-0.clickhouse-builder.ch-builder.svc.cluster.local] 2026.05.13 01:31:43 [ 0 ] NetworkSendElapsedMicroseconds: 31 (increment)
[clickhouse-builder-0.clickhouse-builder.ch-builder.svc.cluster.local] 2026.05.13 01:31:43 [ 0 ] NetworkSendBytes: 4100 (increment)
[clickhouse-builder-0.clickhouse-builder.ch-builder.svc.cluster.local] 2026.05.13 01:31:43 [ 0 ] SelectedRows: 442368 (increment)
[clickhouse-builder-0.clickhouse-builder.ch-builder.svc.cluster.local] 2026.05.13 01:31:43 [ 0 ] SelectedBytes: 64143360 (increment)
[clickhouse-builder-0.clickhouse-builder.ch-builder.svc.cluster.local] 2026.05.13 01:31:43 [ 0 ] RowsReadByMainReader: 442368 (increment)
[clickhouse-builder-0.clickhouse-builder.ch-builder.svc.cluster.local] 2026.05.13 01:31:43 [ 0 ] RealTimeMicroseconds: 18516184 (increment)
[clickhouse-builder-0.clickhouse-builder.ch-builder.svc.cluster.local] 2026.05.13 01:31:43 [ 0 ] UserTimeMicroseconds: 39611 (increment)
[clickhouse-builder-0.clickhouse-builder.ch-builder.svc.cluster.local] 2026.05.13 01:31:43 [ 0 ] SystemTimeMicroseconds: 32524 (increment)
[clickhouse-builder-0.clickhouse-builder.ch-builder.svc.cluster.local] 2026.05.13 01:31:43 [ 0 ] SoftPageFaults: 16102 (increment)
[clickhouse-builder-0.clickhouse-builder.ch-builder.svc.cluster.local] 2026.05.13 01:31:43 [ 0 ] OSCPUVirtualTimeMicroseconds: 71253 (increment)
[clickhouse-builder-0.clickhouse-builder.ch-builder.svc.cluster.local] 2026.05.13 01:31:43 [ 0 ] OSReadChars: 21651 (increment)
[clickhouse-builder-0.clickhouse-builder.ch-builder.svc.cluster.local] 2026.05.13 01:31:43 [ 0 ] GCSReadRequestsCount: 2 (increment)
[clickhouse-builder-0.clickhouse-builder.ch-builder.svc.cluster.local] 2026.05.13 01:31:43 [ 0 ] GCSReadRequestsErrors: 11 (increment)
[clickhouse-builder-0.clickhouse-builder.ch-builder.svc.cluster.local] 2026.05.13 01:31:43 [ 0 ] GCSReadRequestAttempts: 2 (increment)
[clickhouse-builder-0.clickhouse-builder.ch-builder.svc.cluster.local] 2026.05.13 01:31:43 [ 0 ] DiskGCSReadRequestsCount: 2 (increment)
[clickhouse-builder-0.clickhouse-builder.ch-builder.svc.cluster.local] 2026.05.13 01:31:43 [ 0 ] DiskGCSReadRequestsErrors: 11 (increment)
[clickhouse-builder-0.clickhouse-builder.ch-builder.svc.cluster.local] 2026.05.13 01:31:43 [ 0 ] DiskGCSReadRequestAttempts: 2 (increment)
[clickhouse-builder-0.clickhouse-builder.ch-builder.svc.cluster.local] 2026.05.13 01:31:43 [ 0 ] GCSReadObject: 2 (increment)
[clickhouse-builder-0.clickhouse-builder.ch-builder.svc.cluster.local] 2026.05.13 01:31:43 [ 0 ] DiskGCSReadObject: 2 (increment)
[clickhouse-builder-0.clickhouse-builder.ch-builder.svc.cluster.local] 2026.05.13 01:31:43 [ 0 ] ReadBufferFromGCSMicroseconds: 7267824 (increment)
[clickhouse-builder-0.clickhouse-builder.ch-builder.svc.cluster.local] 2026.05.13 01:31:43 [ 0 ] ReadBufferFromGCSBytes: 66060738 (increment)
[clickhouse-builder-0.clickhouse-builder.ch-builder.svc.cluster.local] 2026.05.13 01:31:43 [ 0 ] MemoryAllocatedWithoutCheck: 44 (increment)
[clickhouse-builder-0.clickhouse-builder.ch-builder.svc.cluster.local] 2026.05.13 01:31:43 [ 0 ] MemoryAllocatedWithoutCheckBytes: 245971260 (increment)
[clickhouse-builder-0.clickhouse-builder.ch-builder.svc.cluster.local] 2026.05.13 01:31:43 [ 0 ] InterfaceNativeSendBytes: 4100 (increment)
[clickhouse-builder-0.clickhouse-builder.ch-builder.svc.cluster.local] 2026.05.13 01:31:43 [ 0 ] MemoryTrackerUsage: 141959171 (gauge)
[clickhouse-builder-0.clickhouse-builder.ch-builder.svc.cluster.local] 2026.05.13 01:31:43 [ 0 ] MemoryTrackerPeakUsage: 243545666 (gauge)
[clickhouse-builder-0.clickhouse-builder.ch-builder.svc.cluster.local] 2026.05.13 01:31:43 [ 0 ] FileOpen: 5 (increment)
[clickhouse-builder-0.clickhouse-builder.ch-builder.svc.cluster.local] 2026.05.13 01:31:43 [ 0 ] ReadBufferFromFileDescriptorRead: 10 (increment)
[clickhouse-builder-0.clickhouse-builder.ch-builder.svc.cluster.local] 2026.05.13 01:31:43 [ 0 ] ReadBufferFromFileDescriptorReadBytes: 369 (increment)
[clickhouse-builder-0.clickhouse-builder.ch-builder.svc.cluster.local] 2026.05.13 01:31:43 [ 0 ] ReadCompressedBytes: 99720920 (increment)
[clickhouse-builder-0.clickhouse-builder.ch-builder.svc.cluster.local] 2026.05.13 01:31:43 [ 0 ] CompressedReadBufferBlocks: 284 (increment)
[clickhouse-builder-0.clickhouse-builder.ch-builder.svc.cluster.local] 2026.05.13 01:31:43 [ 0 ] CompressedReadBufferBytes: 100204544 (increment)
[clickhouse-builder-0.clickhouse-builder.ch-builder.svc.cluster.local] 2026.05.13 01:31:43 [ 0 ] OpenedFileCacheMisses: 5 (increment)
[clickhouse-builder-0.clickhouse-builder.ch-builder.svc.cluster.local] 2026.05.13 01:31:43 [ 0 ] OpenedFileCacheMicroseconds: 1 (increment)
[clickhouse-builder-0.clickhouse-builder.ch-builder.svc.cluster.local] 2026.05.13 01:31:43 [ 0 ] IOBufferAllocs: 16 (increment)
[clickhouse-builder-0.clickhouse-builder.ch-builder.svc.cluster.local] 2026.05.13 01:31:43 [ 0 ] IOBufferAllocBytes: 4908008 (increment)
[clickhouse-builder-0.clickhouse-builder.ch-builder.svc.cluster.local] 2026.05.13 01:31:43 [ 0 ] MarkCacheHits: 5 (increment)
[clickhouse-builder-0.clickhouse-builder.ch-builder.svc.cluster.local] 2026.05.13 01:31:43 [ 0 ] CreatedReadBufferOrdinary: 5 (increment)
[clickhouse-builder-0.clickhouse-builder.ch-builder.svc.cluster.local] 2026.05.13 01:31:43 [ 0 ] DiskReadElapsedMicroseconds: 9 (increment)
[clickhouse-builder-0.clickhouse-builder.ch-builder.svc.cluster.local] 2026.05.13 01:31:43 [ 0 ] NetworkReceiveElapsedMicroseconds: 2 (increment)
[clickhouse-builder-0.clickhouse-builder.ch-builder.svc.cluster.local] 2026.05.13 01:31:43 [ 0 ] NetworkSendElapsedMicroseconds: 38 (increment)
[clickhouse-builder-0.clickhouse-builder.ch-builder.svc.cluster.local] 2026.05.13 01:31:43 [ 0 ] NetworkSendBytes: 3752 (increment)
[clickhouse-builder-0.clickhouse-builder.ch-builder.svc.cluster.local] 2026.05.13 01:31:43 [ 0 ] SelectedRows: 671744 (increment)
[clickhouse-builder-0.clickhouse-builder.ch-builder.svc.cluster.local] 2026.05.13 01:31:43 [ 0 ] SelectedBytes: 97402880 (increment)
[clickhouse-builder-0.clickhouse-builder.ch-builder.svc.cluster.local] 2026.05.13 01:31:43 [ 0 ] RowsReadByMainReader: 671744 (increment)
[clickhouse-builder-0.clickhouse-builder.ch-builder.svc.cluster.local] 2026.05.13 01:31:43 [ 0 ] WaitMarksLoadMicroseconds: 16 (increment)
[clickhouse-builder-0.clickhouse-builder.ch-builder.svc.cluster.local] 2026.05.13 01:31:43 [ 0 ] RealTimeMicroseconds: 14239443 (increment)
[clickhouse-builder-0.clickhouse-builder.ch-builder.svc.cluster.local] 2026.05.13 01:31:43 [ 0 ] UserTimeMicroseconds: 37954 (increment)
[clickhouse-builder-0.clickhouse-builder.ch-builder.svc.cluster.local] 2026.05.13 01:31:43 [ 0 ] SystemTimeMicroseconds: 33854 (increment)
[clickhouse-builder-0.clickhouse-builder.ch-builder.svc.cluster.local] 2026.05.13 01:31:43 [ 0 ] SoftPageFaults: 14815 (increment)
[clickhouse-builder-0.clickhouse-builder.ch-builder.svc.cluster.local] 2026.05.13 01:31:43 [ 0 ] OSCPUVirtualTimeMicroseconds: 71783 (increment)
[clickhouse-builder-0.clickhouse-builder.ch-builder.svc.cluster.local] 2026.05.13 01:31:43 [ 0 ] OSReadChars: 23527 (increment)
[clickhouse-builder-0.clickhouse-builder.ch-builder.svc.cluster.local] 2026.05.13 01:31:43 [ 0 ] GCSReadMicroseconds: 550689 (increment)
[clickhouse-builder-0.clickhouse-builder.ch-builder.svc.cluster.local] 2026.05.13 01:31:43 [ 0 ] GCSReadRequestsCount: 6 (increment)
[clickhouse-builder-0.clickhouse-builder.ch-builder.svc.cluster.local] 2026.05.13 01:31:43 [ 0 ] GCSReadRequestsErrors: 24 (increment)
[clickhouse-builder-0.clickhouse-builder.ch-builder.svc.cluster.local] 2026.05.13 01:31:43 [ 0 ] GCSReadRequestAttempts: 6 (increment)
[clickhouse-builder-0.clickhouse-builder.ch-builder.svc.cluster.local] 2026.05.13 01:31:43 [ 0 ] DiskGCSReadMicroseconds: 550689 (increment)
[clickhouse-builder-0.clickhouse-builder.ch-builder.svc.cluster.local] 2026.05.13 01:31:43 [ 0 ] DiskGCSReadRequestsCount: 6 (increment)
[clickhouse-builder-0.clickhouse-builder.ch-builder.svc.cluster.local] 2026.05.13 01:31:43 [ 0 ] DiskGCSReadRequestsErrors: 24 (increment)
[clickhouse-builder-0.clickhouse-builder.ch-builder.svc.cluster.local] 2026.05.13 01:31:43 [ 0 ] DiskGCSReadRequestAttempts: 6 (increment)
[clickhouse-builder-0.clickhouse-builder.ch-builder.svc.cluster.local] 2026.05.13 01:31:43 [ 0 ] GCSReadObject: 6 (increment)
[clickhouse-builder-0.clickhouse-builder.ch-builder.svc.cluster.local] 2026.05.13 01:31:43 [ 0 ] DiskGCSReadObject: 6 (increment)
[clickhouse-builder-0.clickhouse-builder.ch-builder.svc.cluster.local] 2026.05.13 01:31:43 [ 0 ] ReadBufferFromGCSMicroseconds: 6570382 (increment)
[clickhouse-builder-0.clickhouse-builder.ch-builder.svc.cluster.local] 2026.05.13 01:31:43 [ 0 ] ReadBufferFromGCSInitMicroseconds: 550711 (increment)
[clickhouse-builder-0.clickhouse-builder.ch-builder.svc.cluster.local] 2026.05.13 01:31:43 [ 0 ] ReadBufferFromGCSBytes: 83972026 (increment)
[clickhouse-builder-0.clickhouse-builder.ch-builder.svc.cluster.local] 2026.05.13 01:31:43 [ 0 ] MemoryAllocatedWithoutCheck: 36 (increment)
[clickhouse-builder-0.clickhouse-builder.ch-builder.svc.cluster.local] 2026.05.13 01:31:43 [ 0 ] MemoryAllocatedWithoutCheckBytes: 186934900 (increment)
[clickhouse-builder-0.clickhouse-builder.ch-builder.svc.cluster.local] 2026.05.13 01:31:43 [ 0 ] InterfaceNativeSendBytes: 3752 (increment)
[clickhouse-builder-0.clickhouse-builder.ch-builder.svc.cluster.local] 2026.05.13 01:31:43 [ 0 ] MemoryTrackerUsage: 52531957 (gauge)
[clickhouse-builder-0.clickhouse-builder.ch-builder.svc.cluster.local] 2026.05.13 01:31:43 [ 0 ] MemoryTrackerPeakUsage: 243545666 (gauge)
[clickhouse-builder-0.clickhouse-builder.ch-builder.svc.cluster.local] 2026.05.13 01:31:43 [ 0 ] FileOpen: 65 (increment)
[clickhouse-builder-0.clickhouse-builder.ch-builder.svc.cluster.local] 2026.05.13 01:31:43 [ 0 ] ReadBufferFromFileDescriptorRead: 130 (increment)
[clickhouse-builder-0.clickhouse-builder.ch-builder.svc.cluster.local] 2026.05.13 01:31:43 [ 0 ] ReadBufferFromFileDescriptorReadBytes: 4797 (increment)
[clickhouse-builder-0.clickhouse-builder.ch-builder.svc.cluster.local] 2026.05.13 01:31:43 [ 0 ] ReadCompressedBytes: 199871031 (increment)
[clickhouse-builder-0.clickhouse-builder.ch-builder.svc.cluster.local] 2026.05.13 01:31:43 [ 0 ] CompressedReadBufferBlocks: 541 (increment)
[clickhouse-builder-0.clickhouse-builder.ch-builder.svc.cluster.local] 2026.05.13 01:31:43 [ 0 ] CompressedReadBufferBytes: 200605696 (increment)
[clickhouse-builder-0.clickhouse-builder.ch-builder.svc.cluster.local] 2026.05.13 01:31:43 [ 0 ] OpenedFileCacheMisses: 65 (increment)
[clickhouse-builder-0.clickhouse-builder.ch-builder.svc.cluster.local] 2026.05.13 01:31:43 [ 0 ] OpenedFileCacheMicroseconds: 13 (increment)
[clickhouse-builder-0.clickhouse-builder.ch-builder.svc.cluster.local] 2026.05.13 01:31:43 [ 0 ] IOBufferAllocs: 164 (increment)
[clickhouse-builder-0.clickhouse-builder.ch-builder.svc.cluster.local] 2026.05.13 01:31:43 [ 0 ] IOBufferAllocBytes: 45293341 (increment)
[clickhouse-builder-0.clickhouse-builder.ch-builder.svc.cluster.local] 2026.05.13 01:31:43 [ 0 ] MarkCacheHits: 65 (increment)
[clickhouse-builder-0.clickhouse-builder.ch-builder.svc.cluster.local] 2026.05.13 01:31:43 [ 0 ] CreatedReadBufferOrdinary: 65 (increment)
[clickhouse-builder-0.clickhouse-builder.ch-builder.svc.cluster.local] 2026.05.13 01:31:43 [ 0 ] DiskReadElapsedMicroseconds: 103 (increment)
[clickhouse-builder-0.clickhouse-builder.ch-builder.svc.cluster.local] 2026.05.13 01:31:43 [ 0 ] NetworkReceiveElapsedMicroseconds: 2 (increment)
[clickhouse-builder-0.clickhouse-builder.ch-builder.svc.cluster.local] 2026.05.13 01:31:43 [ 0 ] NetworkSendElapsedMicroseconds: 39 (increment)
[clickhouse-builder-0.clickhouse-builder.ch-builder.svc.cluster.local] 2026.05.13 01:31:43 [ 0 ] NetworkSendBytes: 5134 (increment)
[clickhouse-builder-0.clickhouse-builder.ch-builder.svc.cluster.local] 2026.05.13 01:31:43 [ 0 ] SelectedRows: 1384448 (increment)
[clickhouse-builder-0.clickhouse-builder.ch-builder.svc.cluster.local] 2026.05.13 01:31:43 [ 0 ] SelectedBytes: 200744960 (increment)
[clickhouse-builder-0.clickhouse-builder.ch-builder.svc.cluster.local] 2026.05.13 01:31:43 [ 0 ] RowsReadByMainReader: 1384448 (increment)
[clickhouse-builder-0.clickhouse-builder.ch-builder.svc.cluster.local] 2026.05.13 01:31:43 [ 0 ] WaitMarksLoadMicroseconds: 156 (increment)
[clickhouse-builder-0.clickhouse-builder.ch-builder.svc.cluster.local] 2026.05.13 01:31:43 [ 0 ] RealTimeMicroseconds: 7595186 (increment)
[clickhouse-builder-0.clickhouse-builder.ch-builder.svc.cluster.local] 2026.05.13 01:31:43 [ 0 ] UserTimeMicroseconds: 66769 (increment)
[clickhouse-builder-0.clickhouse-builder.ch-builder.svc.cluster.local] 2026.05.13 01:31:43 [ 0 ] SystemTimeMicroseconds: 25617 (increment)
[clickhouse-builder-0.clickhouse-builder.ch-builder.svc.cluster.local] 2026.05.13 01:31:43 [ 0 ] SoftPageFaults: 16056 (increment)
[clickhouse-builder-0.clickhouse-builder.ch-builder.svc.cluster.local] 2026.05.13 01:31:43 [ 0 ] OSCPUWaitMicroseconds: 6 (increment)
[clickhouse-builder-0.clickhouse-builder.ch-builder.svc.cluster.local] 2026.05.13 01:31:43 [ 0 ] OSCPUVirtualTimeMicroseconds: 92355 (increment)
[clickhouse-builder-0.clickhouse-builder.ch-builder.svc.cluster.local] 2026.05.13 01:31:43 [ 0 ] OSReadChars: 33547 (increment)
[clickhouse-builder-0.clickhouse-builder.ch-builder.svc.cluster.local] 2026.05.13 01:31:43 [ 0 ] GCSReadMicroseconds: 658687 (increment)
[clickhouse-builder-0.clickhouse-builder.ch-builder.svc.cluster.local] 2026.05.13 01:31:43 [ 0 ] GCSReadRequestsCount: 34 (increment)
[clickhouse-builder-0.clickhouse-builder.ch-builder.svc.cluster.local] 2026.05.13 01:31:43 [ 0 ] GCSReadRequestsErrors: 141 (increment)
[clickhouse-builder-0.clickhouse-builder.ch-builder.svc.cluster.local] 2026.05.13 01:31:43 [ 0 ] GCSReadRequestAttempts: 34 (increment)
[clickhouse-builder-0.clickhouse-builder.ch-builder.svc.cluster.local] 2026.05.13 01:31:43 [ 0 ] DiskGCSReadMicroseconds: 658687 (increment)
[clickhouse-builder-0.clickhouse-builder.ch-builder.svc.cluster.local] 2026.05.13 01:31:43 [ 0 ] DiskGCSReadRequestsCount: 34 (increment)
[clickhouse-builder-0.clickhouse-builder.ch-builder.svc.cluster.local] 2026.05.13 01:31:43 [ 0 ] DiskGCSReadRequestsErrors: 141 (increment)
[clickhouse-builder-0.clickhouse-builder.ch-builder.svc.cluster.local] 2026.05.13 01:31:43 [ 0 ] DiskGCSReadRequestAttempts: 34 (increment)
[clickhouse-builder-0.clickhouse-builder.ch-builder.svc.cluster.local] 2026.05.13 01:31:43 [ 0 ] GCSReadObject: 34 (increment)
[clickhouse-builder-0.clickhouse-builder.ch-builder.svc.cluster.local] 2026.05.13 01:31:43 [ 0 ] DiskGCSReadObject: 34 (increment)
[clickhouse-builder-0.clickhouse-builder.ch-builder.svc.cluster.local] 2026.05.13 01:31:43 [ 0 ] ReadBufferFromGCSMicroseconds: 5321958 (increment)
[clickhouse-builder-0.clickhouse-builder.ch-builder.svc.cluster.local] 2026.05.13 01:31:43 [ 0 ] ReadBufferFromGCSInitMicroseconds: 658861 (increment)
[clickhouse-builder-0.clickhouse-builder.ch-builder.svc.cluster.local] 2026.05.13 01:31:43 [ 0 ] ReadBufferFromGCSBytes: 144787925 (increment)
[clickhouse-builder-0.clickhouse-builder.ch-builder.svc.cluster.local] 2026.05.13 01:31:43 [ 0 ] MemoryAllocatedWithoutCheck: 36 (increment)
[clickhouse-builder-0.clickhouse-builder.ch-builder.svc.cluster.local] 2026.05.13 01:31:43 [ 0 ] MemoryAllocatedWithoutCheckBytes: 214517020 (increment)
[clickhouse-builder-0.clickhouse-builder.ch-builder.svc.cluster.local] 2026.05.13 01:31:43 [ 0 ] InterfaceNativeSendBytes: 5134 (increment)
[clickhouse-builder-0.clickhouse-builder.ch-builder.svc.cluster.local] 2026.05.13 01:31:43 [ 0 ] MemoryTrackerUsage: 0 (gauge)
[clickhouse-builder-0.clickhouse-builder.ch-builder.svc.cluster.local] 2026.05.13 01:31:43 [ 0 ] MemoryTrackerPeakUsage: 243545666 (gauge)
[clickhouse-builder-0.clickhouse-builder.ch-builder.svc.cluster.local] 2026.05.13 01:31:43 [ 0 ] ReadCompressedBytes: 9208811 (increment)
[clickhouse-builder-0.clickhouse-builder.ch-builder.svc.cluster.local] 2026.05.13 01:31:43 [ 0 ] CompressedReadBufferBlocks: 38 (increment)
[clickhouse-builder-0.clickhouse-builder.ch-builder.svc.cluster.local] 2026.05.13 01:31:43 [ 0 ] CompressedReadBufferBytes: 9371648 (increment)
[clickhouse-builder-0.clickhouse-builder.ch-builder.svc.cluster.local] 2026.05.13 01:31:43 [ 0 ] IOBufferAllocs: 20 (increment)
[clickhouse-builder-0.clickhouse-builder.ch-builder.svc.cluster.local] 2026.05.13 01:31:43 [ 0 ] IOBufferAllocBytes: 7409770 (increment)
[clickhouse-builder-0.clickhouse-builder.ch-builder.svc.cluster.local] 2026.05.13 01:31:43 [ 0 ] NetworkReceiveElapsedMicroseconds: 1 (increment)
[clickhouse-builder-0.clickhouse-builder.ch-builder.svc.cluster.local] 2026.05.13 01:31:43 [ 0 ] NetworkSendElapsedMicroseconds: 28 (increment)
[clickhouse-builder-0.clickhouse-builder.ch-builder.svc.cluster.local] 2026.05.13 01:31:43 [ 0 ] NetworkSendBytes: 5246 (increment)
[clickhouse-builder-0.clickhouse-builder.ch-builder.svc.cluster.local] 2026.05.13 01:31:43 [ 0 ] SelectedRows: 57344 (increment)
[clickhouse-builder-0.clickhouse-builder.ch-builder.svc.cluster.local] 2026.05.13 01:31:43 [ 0 ] SelectedBytes: 8314880 (increment)
[clickhouse-builder-0.clickhouse-builder.ch-builder.svc.cluster.local] 2026.05.13 01:31:43 [ 0 ] RowsReadByMainReader: 57344 (increment)
[clickhouse-builder-0.clickhouse-builder.ch-builder.svc.cluster.local] 2026.05.13 01:31:43 [ 0 ] RealTimeMicroseconds: 62977 (increment)
[clickhouse-builder-0.clickhouse-builder.ch-builder.svc.cluster.local] 2026.05.13 01:31:43 [ 0 ] UserTimeMicroseconds: 2865 (increment)
[clickhouse-builder-0.clickhouse-builder.ch-builder.svc.cluster.local] 2026.05.13 01:31:43 [ 0 ] SystemTimeMicroseconds: 586 (increment)
[clickhouse-builder-0.clickhouse-builder.ch-builder.svc.cluster.local] 2026.05.13 01:31:43 [ 0 ] SoftPageFaults: 305 (increment)
[clickhouse-builder-0.clickhouse-builder.ch-builder.svc.cluster.local] 2026.05.13 01:31:43 [ 0 ] OSCPUVirtualTimeMicroseconds: 3451 (increment)
[clickhouse-builder-0.clickhouse-builder.ch-builder.svc.cluster.local] 2026.05.13 01:31:43 [ 0 ] OSReadChars: 951 (increment)
[clickhouse-builder-0.clickhouse-builder.ch-builder.svc.cluster.local] 2026.05.13 01:31:43 [ 0 ] GCSReadMicroseconds: 1864 (increment)
[clickhouse-builder-0.clickhouse-builder.ch-builder.svc.cluster.local] 2026.05.13 01:31:43 [ 0 ] GCSReadRequestsCount: 17 (increment)
[clickhouse-builder-0.clickhouse-builder.ch-builder.svc.cluster.local] 2026.05.13 01:31:43 [ 0 ] GCSReadRequestsErrors: 8 (increment)
[clickhouse-builder-0.clickhouse-builder.ch-builder.svc.cluster.local] 2026.05.13 01:31:43 [ 0 ] GCSReadRequestAttempts: 17 (increment)
[clickhouse-builder-0.clickhouse-builder.ch-builder.svc.cluster.local] 2026.05.13 01:31:43 [ 0 ] DiskGCSReadMicroseconds: 1864 (increment)
[clickhouse-builder-0.clickhouse-builder.ch-builder.svc.cluster.local] 2026.05.13 01:31:43 [ 0 ] DiskGCSReadRequestsCount: 17 (increment)
[clickhouse-builder-0.clickhouse-builder.ch-builder.svc.cluster.local] 2026.05.13 01:31:43 [ 0 ] DiskGCSReadRequestsErrors: 8 (increment)
[clickhouse-builder-0.clickhouse-builder.ch-builder.svc.cluster.local] 2026.05.13 01:31:43 [ 0 ] DiskGCSReadRequestAttempts: 17 (increment)
[clickhouse-builder-0.clickhouse-builder.ch-builder.svc.cluster.local] 2026.05.13 01:31:43 [ 0 ] GCSReadObject: 17 (increment)
[clickhouse-builder-0.clickhouse-builder.ch-builder.svc.cluster.local] 2026.05.13 01:31:43 [ 0 ] DiskGCSReadObject: 17 (increment)
[clickhouse-builder-0.clickhouse-builder.ch-builder.svc.cluster.local] 2026.05.13 01:31:43 [ 0 ] ReadBufferFromGCSMicroseconds: 3459875 (increment)
[clickhouse-builder-0.clickhouse-builder.ch-builder.svc.cluster.local] 2026.05.13 01:31:43 [ 0 ] ReadBufferFromGCSInitMicroseconds: 1927 (increment)
[clickhouse-builder-0.clickhouse-builder.ch-builder.svc.cluster.local] 2026.05.13 01:31:43 [ 0 ] ReadBufferFromGCSBytes: 9354866 (increment)
[clickhouse-builder-0.clickhouse-builder.ch-builder.svc.cluster.local] 2026.05.13 01:31:43 [ 0 ] InterfaceNativeSendBytes: 5246 (increment)
[clickhouse-builder-0.clickhouse-builder.ch-builder.svc.cluster.local] 2026.05.13 01:31:43 [ 0 ] MemoryTrackerUsage: 0 (gauge)
[clickhouse-builder-0.clickhouse-builder.ch-builder.svc.cluster.local] 2026.05.13 01:31:43 [ 0 ] MemoryTrackerPeakUsage: 243545666 (gauge)
[clickhouse-builder-0.clickhouse-builder.ch-builder.svc.cluster.local] 2026.05.13 01:31:43 [ 0 ] ReadCompressedBytes: 1199349 (increment)
[clickhouse-builder-0.clickhouse-builder.ch-builder.svc.cluster.local] 2026.05.13 01:31:43 [ 0 ] CompressedReadBufferBlocks: 24 (increment)
[clickhouse-builder-0.clickhouse-builder.ch-builder.svc.cluster.local] 2026.05.13 01:31:43 [ 0 ] CompressedReadBufferBytes: 1572864 (increment)
[clickhouse-builder-0.clickhouse-builder.ch-builder.svc.cluster.local] 2026.05.13 01:31:43 [ 0 ] IOBufferAllocs: 35 (increment)
[clickhouse-builder-0.clickhouse-builder.ch-builder.svc.cluster.local] 2026.05.13 01:31:43 [ 0 ] IOBufferAllocBytes: 12948368 (increment)
[clickhouse-builder-0.clickhouse-builder.ch-builder.svc.cluster.local] 2026.05.13 01:31:43 [ 0 ] NetworkReceiveElapsedMicroseconds: 1 (increment)
[clickhouse-builder-0.clickhouse-builder.ch-builder.svc.cluster.local] 2026.05.13 01:31:43 [ 0 ] NetworkSendElapsedMicroseconds: 24 (increment)
[clickhouse-builder-0.clickhouse-builder.ch-builder.svc.cluster.local] 2026.05.13 01:31:43 [ 0 ] NetworkSendBytes: 3854 (increment)
[clickhouse-builder-0.clickhouse-builder.ch-builder.svc.cluster.local] 2026.05.13 01:31:43 [ 0 ] GCSReadMicroseconds: 2495 (increment)
[clickhouse-builder-0.clickhouse-builder.ch-builder.svc.cluster.local] 2026.05.13 01:31:43 [ 0 ] GCSReadRequestsCount: 24 (increment)
[clickhouse-builder-0.clickhouse-builder.ch-builder.svc.cluster.local] 2026.05.13 01:31:43 [ 0 ] GCSReadRequestAttempts: 24 (increment)
[clickhouse-builder-0.clickhouse-builder.ch-builder.svc.cluster.local] 2026.05.13 01:31:43 [ 0 ] DiskGCSReadMicroseconds: 2495 (increment)
[clickhouse-builder-0.clickhouse-builder.ch-builder.svc.cluster.local] 2026.05.13 01:31:43 [ 0 ] DiskGCSReadRequestsCount: 24 (increment)
[clickhouse-builder-0.clickhouse-builder.ch-builder.svc.cluster.local] 2026.05.13 01:31:43 [ 0 ] DiskGCSReadRequestAttempts: 24 (increment)
[clickhouse-builder-0.clickhouse-builder.ch-builder.svc.cluster.local] 2026.05.13 01:31:43 [ 0 ] GCSReadObject: 24 (increment)
[clickhouse-builder-0.clickhouse-builder.ch-builder.svc.cluster.local] 2026.05.13 01:31:43 [ 0 ] DiskGCSReadObject: 24 (increment)
[clickhouse-builder-0.clickhouse-builder.ch-builder.svc.cluster.local] 2026.05.13 01:31:43 [ 0 ] ReadBufferFromGCSMicroseconds: 5070277 (increment)
[clickhouse-builder-0.clickhouse-builder.ch-builder.svc.cluster.local] 2026.05.13 01:31:43 [ 0 ] ReadBufferFromGCSInitMicroseconds: 2587 (increment)
[clickhouse-builder-0.clickhouse-builder.ch-builder.svc.cluster.local] 2026.05.13 01:31:43 [ 0 ] ReadBufferFromGCSBytes: 3985138 (increment)
[clickhouse-builder-0.clickhouse-builder.ch-builder.svc.cluster.local] 2026.05.13 01:31:43 [ 0 ] InterfaceNativeSendBytes: 3854 (increment)
[clickhouse-builder-0.clickhouse-builder.ch-builder.svc.cluster.local] 2026.05.13 01:31:43 [ 0 ] MemoryTrackerUsage: 0 (gauge)
[clickhouse-builder-0.clickhouse-builder.ch-builder.svc.cluster.local] 2026.05.13 01:31:43 [ 0 ] MemoryTrackerPeakUsage: 243545666 (gauge)
[clickhouse-builder-0.clickhouse-builder.ch-builder.svc.cluster.local] 2026.05.13 01:31:44 [ 0 ] ReadCompressedBytes: 1442342 (increment)
[clickhouse-builder-0.clickhouse-builder.ch-builder.svc.cluster.local] 2026.05.13 01:31:44 [ 0 ] CompressedReadBufferBlocks: 22 (increment)
[clickhouse-builder-0.clickhouse-builder.ch-builder.svc.cluster.local] 2026.05.13 01:31:44 [ 0 ] CompressedReadBufferBytes: 1441792 (increment)
[clickhouse-builder-0.clickhouse-builder.ch-builder.svc.cluster.local] 2026.05.13 01:31:44 [ 0 ] IOBufferAllocs: 22 (increment)
[clickhouse-builder-0.clickhouse-builder.ch-builder.svc.cluster.local] 2026.05.13 01:31:44 [ 0 ] IOBufferAllocBytes: 10750990 (increment)
[clickhouse-builder-0.clickhouse-builder.ch-builder.svc.cluster.local] 2026.05.13 01:31:44 [ 0 ] NetworkReceiveElapsedMicroseconds: 1 (increment)
[clickhouse-builder-0.clickhouse-builder.ch-builder.svc.cluster.local] 2026.05.13 01:31:44 [ 0 ] NetworkSendElapsedMicroseconds: 28 (increment)
[clickhouse-builder-0.clickhouse-builder.ch-builder.svc.cluster.local] 2026.05.13 01:31:44 [ 0 ] NetworkSendBytes: 2647 (increment)
[clickhouse-builder-0.clickhouse-builder.ch-builder.svc.cluster.local] 2026.05.13 01:31:44 [ 0 ] GCSReadMicroseconds: 2504 (increment)
[clickhouse-builder-0.clickhouse-builder.ch-builder.svc.cluster.local] 2026.05.13 01:31:44 [ 0 ] GCSReadRequestsCount: 22 (increment)
[clickhouse-builder-0.clickhouse-builder.ch-builder.svc.cluster.local] 2026.05.13 01:31:44 [ 0 ] GCSReadRequestAttempts: 22 (increment)
[clickhouse-builder-0.clickhouse-builder.ch-builder.svc.cluster.local] 2026.05.13 01:31:44 [ 0 ] DiskGCSReadMicroseconds: 2504 (increment)
[clickhouse-builder-0.clickhouse-builder.ch-builder.svc.cluster.local] 2026.05.13 01:31:44 [ 0 ] DiskGCSReadRequestsCount: 22 (increment)
[clickhouse-builder-0.clickhouse-builder.ch-builder.svc.cluster.local] 2026.05.13 01:31:44 [ 0 ] DiskGCSReadRequestAttempts: 22 (increment)
[clickhouse-builder-0.clickhouse-builder.ch-builder.svc.cluster.local] 2026.05.13 01:31:44 [ 0 ] GCSReadObject: 22 (increment)
[clickhouse-builder-0.clickhouse-builder.ch-builder.svc.cluster.local] 2026.05.13 01:31:44 [ 0 ] DiskGCSReadObject: 22 (increment)
[clickhouse-builder-0.clickhouse-builder.ch-builder.svc.cluster.local] 2026.05.13 01:31:44 [ 0 ] ReadBufferFromGCSMicroseconds: 4660842 (increment)
[clickhouse-builder-0.clickhouse-builder.ch-builder.svc.cluster.local] 2026.05.13 01:31:44 [ 0 ] ReadBufferFromGCSInitMicroseconds: 2605 (increment)
[clickhouse-builder-0.clickhouse-builder.ch-builder.svc.cluster.local] 2026.05.13 01:31:44 [ 0 ] ReadBufferFromGCSBytes: 7146149 (increment)
[clickhouse-builder-0.clickhouse-builder.ch-builder.svc.cluster.local] 2026.05.13 01:31:44 [ 0 ] InterfaceNativeSendBytes: 2647 (increment)
[clickhouse-builder-0.clickhouse-builder.ch-builder.svc.cluster.local] 2026.05.13 01:31:44 [ 0 ] MemoryTrackerUsage: 0 (gauge)
[clickhouse-builder-0.clickhouse-builder.ch-builder.svc.cluster.local] 2026.05.13 01:31:44 [ 0 ] MemoryTrackerPeakUsage: 243545666 (gauge)
[clickhouse-builder-0.clickhouse-builder.ch-builder.svc.cluster.local] 2026.05.13 01:31:44 [ 0 ] ReadCompressedBytes: 852293 (increment)
[clickhouse-builder-0.clickhouse-builder.ch-builder.svc.cluster.local] 2026.05.13 01:31:44 [ 0 ] CompressedReadBufferBlocks: 13 (increment)
[clickhouse-builder-0.clickhouse-builder.ch-builder.svc.cluster.local] 2026.05.13 01:31:44 [ 0 ] CompressedReadBufferBytes: 851968 (increment)
[clickhouse-builder-0.clickhouse-builder.ch-builder.svc.cluster.local] 2026.05.13 01:31:44 [ 0 ] IOBufferAllocs: 13 (increment)
[clickhouse-builder-0.clickhouse-builder.ch-builder.svc.cluster.local] 2026.05.13 01:31:44 [ 0 ] IOBufferAllocBytes: 4711775 (increment)
[clickhouse-builder-0.clickhouse-builder.ch-builder.svc.cluster.local] 2026.05.13 01:31:44 [ 0 ] NetworkReceiveElapsedMicroseconds: 1 (increment)
[clickhouse-builder-0.clickhouse-builder.ch-builder.svc.cluster.local] 2026.05.13 01:31:44 [ 0 ] NetworkSendElapsedMicroseconds: 22 (increment)
[clickhouse-builder-0.clickhouse-builder.ch-builder.svc.cluster.local] 2026.05.13 01:31:44 [ 0 ] NetworkSendBytes: 2647 (increment)
[clickhouse-builder-0.clickhouse-builder.ch-builder.svc.cluster.local] 2026.05.13 01:31:44 [ 0 ] GCSReadMicroseconds: 1466 (increment)
[clickhouse-builder-0.clickhouse-builder.ch-builder.svc.cluster.local] 2026.05.13 01:31:44 [ 0 ] GCSReadRequestsCount: 13 (increment)
[clickhouse-builder-0.clickhouse-builder.ch-builder.svc.cluster.local] 2026.05.13 01:31:44 [ 0 ] GCSReadRequestAttempts: 13 (increment)
[clickhouse-builder-0.clickhouse-builder.ch-builder.svc.cluster.local] 2026.05.13 01:31:44 [ 0 ] DiskGCSReadMicroseconds: 1466 (increment)
[clickhouse-builder-0.clickhouse-builder.ch-builder.svc.cluster.local] 2026.05.13 01:31:44 [ 0 ] DiskGCSReadRequestsCount: 13 (increment)
[clickhouse-builder-0.clickhouse-builder.ch-builder.svc.cluster.local] 2026.05.13 01:31:44 [ 0 ] DiskGCSReadRequestAttempts: 13 (increment)
[clickhouse-builder-0.clickhouse-builder.ch-builder.svc.cluster.local] 2026.05.13 01:31:44 [ 0 ] GCSReadObject: 13 (increment)
[clickhouse-builder-0.clickhouse-builder.ch-builder.svc.cluster.local] 2026.05.13 01:31:44 [ 0 ] DiskGCSReadObject: 13 (increment)
[clickhouse-builder-0.clickhouse-builder.ch-builder.svc.cluster.local] 2026.05.13 01:31:44 [ 0 ] ReadBufferFromGCSMicroseconds: 2615073 (increment)
[clickhouse-builder-0.clickhouse-builder.ch-builder.svc.cluster.local] 2026.05.13 01:31:44 [ 0 ] ReadBufferFromGCSInitMicroseconds: 1520 (increment)
[clickhouse-builder-0.clickhouse-builder.ch-builder.svc.cluster.local] 2026.05.13 01:31:44 [ 0 ] ReadBufferFromGCSBytes: 4637559 (increment)
[clickhouse-builder-0.clickhouse-builder.ch-builder.svc.cluster.local] 2026.05.13 01:31:44 [ 0 ] InterfaceNativeSendBytes: 2647 (increment)
[clickhouse-builder-0.clickhouse-builder.ch-builder.svc.cluster.local] 2026.05.13 01:31:44 [ 0 ] MemoryTrackerUsage: 0 (gauge)
[clickhouse-builder-0.clickhouse-builder.ch-builder.svc.cluster.local] 2026.05.13 01:31:44 [ 0 ] MemoryTrackerPeakUsage: 243545666 (gauge)
[clickhouse-builder-0.clickhouse-builder.ch-builder.svc.cluster.local] 2026.05.13 01:31:44 [ 0 ] ReadCompressedBytes: 1376781 (increment)
[clickhouse-builder-0.clickhouse-builder.ch-builder.svc.cluster.local] 2026.05.13 01:31:44 [ 0 ] CompressedReadBufferBlocks: 21 (increment)
[clickhouse-builder-0.clickhouse-builder.ch-builder.svc.cluster.local] 2026.05.13 01:31:44 [ 0 ] CompressedReadBufferBytes: 1376256 (increment)
[clickhouse-builder-0.clickhouse-builder.ch-builder.svc.cluster.local] 2026.05.13 01:31:44 [ 0 ] IOBufferAllocs: 25 (increment)
[clickhouse-builder-0.clickhouse-builder.ch-builder.svc.cluster.local] 2026.05.13 01:31:44 [ 0 ] IOBufferAllocBytes: 12447429 (increment)
[clickhouse-builder-0.clickhouse-builder.ch-builder.svc.cluster.local] 2026.05.13 01:31:44 [ 0 ] NetworkReceiveElapsedMicroseconds: 1 (increment)
[clickhouse-builder-0.clickhouse-builder.ch-builder.svc.cluster.local] 2026.05.13 01:31:44 [ 0 ] NetworkSendElapsedMicroseconds: 21 (increment)
[clickhouse-builder-0.clickhouse-builder.ch-builder.svc.cluster.local] 2026.05.13 01:31:44 [ 0 ] NetworkSendBytes: 2647 (increment)
[clickhouse-builder-0.clickhouse-builder.ch-builder.svc.cluster.local] 2026.05.13 01:31:44 [ 0 ] GCSReadMicroseconds: 2442 (increment)
[clickhouse-builder-0.clickhouse-builder.ch-builder.svc.cluster.local] 2026.05.13 01:31:44 [ 0 ] GCSReadRequestsCount: 21 (increment)
[clickhouse-builder-0.clickhouse-builder.ch-builder.svc.cluster.local] 2026.05.13 01:31:44 [ 0 ] GCSReadRequestAttempts: 21 (increment)
[clickhouse-builder-0.clickhouse-builder.ch-builder.svc.cluster.local] 2026.05.13 01:31:44 [ 0 ] DiskGCSReadMicroseconds: 2442 (increment)
[clickhouse-builder-0.clickhouse-builder.ch-builder.svc.cluster.local] 2026.05.13 01:31:44 [ 0 ] DiskGCSReadRequestsCount: 21 (increment)
[clickhouse-builder-0.clickhouse-builder.ch-builder.svc.cluster.local] 2026.05.13 01:31:44 [ 0 ] DiskGCSReadRequestAttempts: 21 (increment)
[clickhouse-builder-0.clickhouse-builder.ch-builder.svc.cluster.local] 2026.05.13 01:31:44 [ 0 ] GCSReadObject: 21 (increment)
[clickhouse-builder-0.clickhouse-builder.ch-builder.svc.cluster.local] 2026.05.13 01:31:44 [ 0 ] DiskGCSReadObject: 21 (increment)
[clickhouse-builder-0.clickhouse-builder.ch-builder.svc.cluster.local] 2026.05.13 01:31:44 [ 0 ] ReadBufferFromGCSMicroseconds: 4465805 (increment)
[clickhouse-builder-0.clickhouse-builder.ch-builder.svc.cluster.local] 2026.05.13 01:31:44 [ 0 ] ReadBufferFromGCSInitMicroseconds: 2520 (increment)
[clickhouse-builder-0.clickhouse-builder.ch-builder.svc.cluster.local] 2026.05.13 01:31:44 [ 0 ] ReadBufferFromGCSBytes: 5620974 (increment)
[clickhouse-builder-0.clickhouse-builder.ch-builder.svc.cluster.local] 2026.05.13 01:31:44 [ 0 ] InterfaceNativeSendBytes: 2647 (increment)
[clickhouse-builder-0.clickhouse-builder.ch-builder.svc.cluster.local] 2026.05.13 01:31:44 [ 0 ] MemoryTrackerUsage: 0 (gauge)
[clickhouse-builder-0.clickhouse-builder.ch-builder.svc.cluster.local] 2026.05.13 01:31:44 [ 0 ] MemoryTrackerPeakUsage: 243545666 (gauge)
[clickhouse-builder-0.clickhouse-builder.ch-builder.svc.cluster.local] 2026.05.13 01:31:44 [ 0 ] ReadCompressedBytes: 6291981 (increment)
[clickhouse-builder-0.clickhouse-builder.ch-builder.svc.cluster.local] 2026.05.13 01:31:44 [ 0 ] CompressedReadBufferBlocks: 21 (increment)
[clickhouse-builder-0.clickhouse-builder.ch-builder.svc.cluster.local] 2026.05.13 01:31:44 [ 0 ] CompressedReadBufferBytes: 6291456 (increment)
[clickhouse-builder-0.clickhouse-builder.ch-builder.svc.cluster.local] 2026.05.13 01:31:44 [ 0 ] IOBufferAllocs: 26 (increment)
[clickhouse-builder-0.clickhouse-builder.ch-builder.svc.cluster.local] 2026.05.13 01:31:44 [ 0 ] IOBufferAllocBytes: 8955444 (increment)
[clickhouse-builder-0.clickhouse-builder.ch-builder.svc.cluster.local] 2026.05.13 01:31:44 [ 0 ] NetworkReceiveElapsedMicroseconds: 1 (increment)
[clickhouse-builder-0.clickhouse-builder.ch-builder.svc.cluster.local] 2026.05.13 01:31:44 [ 0 ] NetworkSendElapsedMicroseconds: 18 (increment)
[clickhouse-builder-0.clickhouse-builder.ch-builder.svc.cluster.local] 2026.05.13 01:31:44 [ 0 ] NetworkSendBytes: 2652 (increment)
[clickhouse-builder-0.clickhouse-builder.ch-builder.svc.cluster.local] 2026.05.13 01:31:44 [ 0 ] SelectedRows: 40960 (increment)
[clickhouse-builder-0.clickhouse-builder.ch-builder.svc.cluster.local] 2026.05.13 01:31:44 [ 0 ] SelectedBytes: 5939200 (increment)
[clickhouse-builder-0.clickhouse-builder.ch-builder.svc.cluster.local] 2026.05.13 01:31:44 [ 0 ] RowsReadByMainReader: 40960 (increment)
[clickhouse-builder-0.clickhouse-builder.ch-builder.svc.cluster.local] 2026.05.13 01:31:44 [ 0 ] RealTimeMicroseconds: 3712096 (increment)
[clickhouse-builder-0.clickhouse-builder.ch-builder.svc.cluster.local] 2026.05.13 01:31:44 [ 0 ] UserTimeMicroseconds: 12765 (increment)
[clickhouse-builder-0.clickhouse-builder.ch-builder.svc.cluster.local] 2026.05.13 01:31:44 [ 0 ] SystemTimeMicroseconds: 1647 (increment)
[clickhouse-builder-0.clickhouse-builder.ch-builder.svc.cluster.local] 2026.05.13 01:31:44 [ 0 ] SoftPageFaults: 2817 (increment)
[clickhouse-builder-0.clickhouse-builder.ch-builder.svc.cluster.local] 2026.05.13 01:31:44 [ 0 ] OSCPUVirtualTimeMicroseconds: 14410 (increment)
[clickhouse-builder-0.clickhouse-builder.ch-builder.svc.cluster.local] 2026.05.13 01:31:44 [ 0 ] OSReadChars: 2381 (increment)
[clickhouse-builder-0.clickhouse-builder.ch-builder.svc.cluster.local] 2026.05.13 01:31:44 [ 0 ] GCSReadMicroseconds: 1885 (increment)
[clickhouse-builder-0.clickhouse-builder.ch-builder.svc.cluster.local] 2026.05.13 01:31:44 [ 0 ] GCSReadRequestsCount: 18 (increment)
[clickhouse-builder-0.clickhouse-builder.ch-builder.svc.cluster.local] 2026.05.13 01:31:44 [ 0 ] GCSReadRequestAttempts: 18 (increment)
[clickhouse-builder-0.clickhouse-builder.ch-builder.svc.cluster.local] 2026.05.13 01:31:44 [ 0 ] DiskGCSReadMicroseconds: 1885 (increment)
[clickhouse-builder-0.clickhouse-builder.ch-builder.svc.cluster.local] 2026.05.13 01:31:44 [ 0 ] DiskGCSReadRequestsCount: 18 (increment)
[clickhouse-builder-0.clickhouse-builder.ch-builder.svc.cluster.local] 2026.05.13 01:31:44 [ 0 ] DiskGCSReadRequestAttempts: 18 (increment)
[clickhouse-builder-0.clickhouse-builder.ch-builder.svc.cluster.local] 2026.05.13 01:31:44 [ 0 ] GCSReadObject: 18 (increment)
[clickhouse-builder-0.clickhouse-builder.ch-builder.svc.cluster.local] 2026.05.13 01:31:44 [ 0 ] DiskGCSReadObject: 18 (increment)
[clickhouse-builder-0.clickhouse-builder.ch-builder.svc.cluster.local] 2026.05.13 01:31:44 [ 0 ] ReadBufferFromGCSMicroseconds: 4266893 (increment)
[clickhouse-builder-0.clickhouse-builder.ch-builder.svc.cluster.local] 2026.05.13 01:31:44 [ 0 ] ReadBufferFromGCSInitMicroseconds: 1956 (increment)
[clickhouse-builder-0.clickhouse-builder.ch-builder.svc.cluster.local] 2026.05.13 01:31:44 [ 0 ] ReadBufferFromGCSBytes: 13820735 (increment)
[clickhouse-builder-0.clickhouse-builder.ch-builder.svc.cluster.local] 2026.05.13 01:31:44 [ 0 ] MemoryAllocatedWithoutCheck: 16 (increment)
[clickhouse-builder-0.clickhouse-builder.ch-builder.svc.cluster.local] 2026.05.13 01:31:44 [ 0 ] MemoryAllocatedWithoutCheckBytes: 70549524 (increment)
[clickhouse-builder-0.clickhouse-builder.ch-builder.svc.cluster.local] 2026.05.13 01:31:44 [ 0 ] InterfaceNativeSendBytes: 2652 (increment)
[clickhouse-builder-0.clickhouse-builder.ch-builder.svc.cluster.local] 2026.05.13 01:31:44 [ 0 ] MemoryTrackerUsage: 22047661 (gauge)
[clickhouse-builder-0.clickhouse-builder.ch-builder.svc.cluster.local] 2026.05.13 01:31:44 [ 0 ] MemoryTrackerPeakUsage: 243545666 (gauge)
[clickhouse-builder-0.clickhouse-builder.ch-builder.svc.cluster.local] 2026.05.13 01:31:44 [ 0 ] ReadCompressedBytes: 7359386 (increment)
[clickhouse-builder-0.clickhouse-builder.ch-builder.svc.cluster.local] 2026.05.13 01:31:44 [ 0 ] CompressedReadBufferBlocks: 23 (increment)
[clickhouse-builder-0.clickhouse-builder.ch-builder.svc.cluster.local] 2026.05.13 01:31:44 [ 0 ] CompressedReadBufferBytes: 7405568 (increment)
[clickhouse-builder-0.clickhouse-builder.ch-builder.svc.cluster.local] 2026.05.13 01:31:44 [ 0 ] IOBufferAllocs: 18 (increment)
[clickhouse-builder-0.clickhouse-builder.ch-builder.svc.cluster.local] 2026.05.13 01:31:44 [ 0 ] IOBufferAllocBytes: 10194805 (increment)
[clickhouse-builder-0.clickhouse-builder.ch-builder.svc.cluster.local] 2026.05.13 01:31:44 [ 0 ] NetworkReceiveElapsedMicroseconds: 1 (increment)
[clickhouse-builder-0.clickhouse-builder.ch-builder.svc.cluster.local] 2026.05.13 01:31:44 [ 0 ] NetworkSendElapsedMicroseconds: 21 (increment)
[clickhouse-builder-0.clickhouse-builder.ch-builder.svc.cluster.local] 2026.05.13 01:31:44 [ 0 ] NetworkSendBytes: 3872 (increment)
[clickhouse-builder-0.clickhouse-builder.ch-builder.svc.cluster.local] 2026.05.13 01:31:44 [ 0 ] SelectedRows: 49152 (increment)
[clickhouse-builder-0.clickhouse-builder.ch-builder.svc.cluster.local] 2026.05.13 01:31:44 [ 0 ] SelectedBytes: 7127040 (increment)
[clickhouse-builder-0.clickhouse-builder.ch-builder.svc.cluster.local] 2026.05.13 01:31:44 [ 0 ] RowsReadByMainReader: 49152 (increment)
[clickhouse-builder-0.clickhouse-builder.ch-builder.svc.cluster.local] 2026.05.13 01:31:44 [ 0 ] RealTimeMicroseconds: 5068830 (increment)
[clickhouse-builder-0.clickhouse-builder.ch-builder.svc.cluster.local] 2026.05.13 01:31:44 [ 0 ] UserTimeMicroseconds: 12841 (increment)
[clickhouse-builder-0.clickhouse-builder.ch-builder.svc.cluster.local] 2026.05.13 01:31:44 [ 0 ] SystemTimeMicroseconds: 3756 (increment)
[clickhouse-builder-0.clickhouse-builder.ch-builder.svc.cluster.local] 2026.05.13 01:31:44 [ 0 ] SoftPageFaults: 1472 (increment)
[clickhouse-builder-0.clickhouse-builder.ch-builder.svc.cluster.local] 2026.05.13 01:31:44 [ 0 ] OSCPUVirtualTimeMicroseconds: 16591 (increment)
[clickhouse-builder-0.clickhouse-builder.ch-builder.svc.cluster.local] 2026.05.13 01:31:44 [ 0 ] OSReadChars: 2855 (increment)
[clickhouse-builder-0.clickhouse-builder.ch-builder.svc.cluster.local] 2026.05.13 01:31:44 [ 0 ] GCSReadMicroseconds: 1760 (increment)
[clickhouse-builder-0.clickhouse-builder.ch-builder.svc.cluster.local] 2026.05.13 01:31:44 [ 0 ] GCSReadRequestsCount: 16 (increment)
[clickhouse-builder-0.clickhouse-builder.ch-builder.svc.cluster.local] 2026.05.13 01:31:44 [ 0 ] GCSReadRequestAttempts: 16 (increment)
[clickhouse-builder-0.clickhouse-builder.ch-builder.svc.cluster.local] 2026.05.13 01:31:44 [ 0 ] DiskGCSReadMicroseconds: 1760 (increment)
[clickhouse-builder-0.clickhouse-builder.ch-builder.svc.cluster.local] 2026.05.13 01:31:44 [ 0 ] DiskGCSReadRequestsCount: 16 (increment)
[clickhouse-builder-0.clickhouse-builder.ch-builder.svc.cluster.local] 2026.05.13 01:31:44 [ 0 ] DiskGCSReadRequestAttempts: 16 (increment)
[clickhouse-builder-0.clickhouse-builder.ch-builder.svc.cluster.local] 2026.05.13 01:31:44 [ 0 ] GCSReadObject: 16 (increment)
[clickhouse-builder-0.clickhouse-builder.ch-builder.svc.cluster.local] 2026.05.13 01:31:44 [ 0 ] DiskGCSReadObject: 16 (increment)
[clickhouse-builder-0.clickhouse-builder.ch-builder.svc.cluster.local] 2026.05.13 01:31:44 [ 0 ] ReadBufferFromGCSMicroseconds: 4287582 (increment)
[clickhouse-builder-0.clickhouse-builder.ch-builder.svc.cluster.local] 2026.05.13 01:31:44 [ 0 ] ReadBufferFromGCSInitMicroseconds: 1823 (increment)
[clickhouse-builder-0.clickhouse-builder.ch-builder.svc.cluster.local] 2026.05.13 01:31:44 [ 0 ] ReadBufferFromGCSBytes: 15543325 (increment)
[clickhouse-builder-0.clickhouse-builder.ch-builder.svc.cluster.local] 2026.05.13 01:31:44 [ 0 ] MemoryAllocatedWithoutCheck: 20 (increment)
[clickhouse-builder-0.clickhouse-builder.ch-builder.svc.cluster.local] 2026.05.13 01:31:44 [ 0 ] MemoryAllocatedWithoutCheckBytes: 86789752 (increment)
[clickhouse-builder-0.clickhouse-builder.ch-builder.svc.cluster.local] 2026.05.13 01:31:44 [ 0 ] InterfaceNativeSendBytes: 3872 (increment)
[clickhouse-builder-0.clickhouse-builder.ch-builder.svc.cluster.local] 2026.05.13 01:31:44 [ 0 ] MemoryTrackerUsage: 38354689 (gauge)
[clickhouse-builder-0.clickhouse-builder.ch-builder.svc.cluster.local] 2026.05.13 01:31:44 [ 0 ] MemoryTrackerPeakUsage: 243545666 (gauge)
[clickhouse-builder-0.clickhouse-builder.ch-builder.svc.cluster.local] 2026.05.13 01:31:44 [ 0 ] ReadCompressedBytes: 22452378 (increment)
[clickhouse-builder-0.clickhouse-builder.ch-builder.svc.cluster.local] 2026.05.13 01:31:44 [ 0 ] CompressedReadBufferBlocks: 74 (increment)
[clickhouse-builder-0.clickhouse-builder.ch-builder.svc.cluster.local] 2026.05.13 01:31:44 [ 0 ] CompressedReadBufferBytes: 22544384 (increment)
[clickhouse-builder-0.clickhouse-builder.ch-builder.svc.cluster.local] 2026.05.13 01:31:44 [ 0 ] IOBufferAllocs: 23 (increment)
[clickhouse-builder-0.clickhouse-builder.ch-builder.svc.cluster.local] 2026.05.13 01:31:44 [ 0 ] IOBufferAllocBytes: 17145989 (increment)
[clickhouse-builder-0.clickhouse-builder.ch-builder.svc.cluster.local] 2026.05.13 01:31:44 [ 0 ] NetworkReceiveElapsedMicroseconds: 1 (increment)
[clickhouse-builder-0.clickhouse-builder.ch-builder.svc.cluster.local] 2026.05.13 01:31:44 [ 0 ] NetworkSendElapsedMicroseconds: 22 (increment)
[clickhouse-builder-0.clickhouse-builder.ch-builder.svc.cluster.local] 2026.05.13 01:31:44 [ 0 ] NetworkSendBytes: 3872 (increment)
[clickhouse-builder-0.clickhouse-builder.ch-builder.svc.cluster.local] 2026.05.13 01:31:44 [ 0 ] SelectedRows: 147456 (increment)
[clickhouse-builder-0.clickhouse-builder.ch-builder.svc.cluster.local] 2026.05.13 01:31:44 [ 0 ] SelectedBytes: 21381120 (increment)
[clickhouse-builder-0.clickhouse-builder.ch-builder.svc.cluster.local] 2026.05.13 01:31:44 [ 0 ] RowsReadByMainReader: 147456 (increment)
[clickhouse-builder-0.clickhouse-builder.ch-builder.svc.cluster.local] 2026.05.13 01:31:44 [ 0 ] RealTimeMicroseconds: 4290343 (increment)
[clickhouse-builder-0.clickhouse-builder.ch-builder.svc.cluster.local] 2026.05.13 01:31:44 [ 0 ] UserTimeMicroseconds: 13094 (increment)
[clickhouse-builder-0.clickhouse-builder.ch-builder.svc.cluster.local] 2026.05.13 01:31:44 [ 0 ] SystemTimeMicroseconds: 6117 (increment)
[clickhouse-builder-0.clickhouse-builder.ch-builder.svc.cluster.local] 2026.05.13 01:31:44 [ 0 ] SoftPageFaults: 3781 (increment)
[clickhouse-builder-0.clickhouse-builder.ch-builder.svc.cluster.local] 2026.05.13 01:31:44 [ 0 ] OSCPUVirtualTimeMicroseconds: 19206 (increment)
[clickhouse-builder-0.clickhouse-builder.ch-builder.svc.cluster.local] 2026.05.13 01:31:44 [ 0 ] OSReadChars: 5242 (increment)
[clickhouse-builder-0.clickhouse-builder.ch-builder.svc.cluster.local] 2026.05.13 01:31:44 [ 0 ] GCSReadMicroseconds: 2461 (increment)
[clickhouse-builder-0.clickhouse-builder.ch-builder.svc.cluster.local] 2026.05.13 01:31:44 [ 0 ] GCSReadRequestsCount: 23 (increment)
[clickhouse-builder-0.clickhouse-builder.ch-builder.svc.cluster.local] 2026.05.13 01:31:44 [ 0 ] GCSReadRequestAttempts: 23 (increment)
[clickhouse-builder-0.clickhouse-builder.ch-builder.svc.cluster.local] 2026.05.13 01:31:44 [ 0 ] DiskGCSReadMicroseconds: 2461 (increment)
[clickhouse-builder-0.clickhouse-builder.ch-builder.svc.cluster.local] 2026.05.13 01:31:44 [ 0 ] DiskGCSReadRequestsCount: 23 (increment)
[clickhouse-builder-0.clickhouse-builder.ch-builder.svc.cluster.local] 2026.05.13 01:31:44 [ 0 ] DiskGCSReadRequestAttempts: 23 (increment)
[clickhouse-builder-0.clickhouse-builder.ch-builder.svc.cluster.local] 2026.05.13 01:31:44 [ 0 ] GCSReadObject: 23 (increment)
[clickhouse-builder-0.clickhouse-builder.ch-builder.svc.cluster.local] 2026.05.13 01:31:44 [ 0 ] DiskGCSReadObject: 23 (increment)
[clickhouse-builder-0.clickhouse-builder.ch-builder.svc.cluster.local] 2026.05.13 01:31:44 [ 0 ] ReadBufferFromGCSMicroseconds: 5720839 (increment)
[clickhouse-builder-0.clickhouse-builder.ch-builder.svc.cluster.local] 2026.05.13 01:31:44 [ 0 ] ReadBufferFromGCSInitMicroseconds: 2549 (increment)
[clickhouse-builder-0.clickhouse-builder.ch-builder.svc.cluster.local] 2026.05.13 01:31:44 [ 0 ] ReadBufferFromGCSBytes: 27004618 (increment)
[clickhouse-builder-0.clickhouse-builder.ch-builder.svc.cluster.local] 2026.05.13 01:31:44 [ 0 ] MemoryAllocatedWithoutCheck: 16 (increment)
[clickhouse-builder-0.clickhouse-builder.ch-builder.svc.cluster.local] 2026.05.13 01:31:44 [ 0 ] MemoryAllocatedWithoutCheckBytes: 72752436 (increment)
[clickhouse-builder-0.clickhouse-builder.ch-builder.svc.cluster.local] 2026.05.13 01:31:44 [ 0 ] InterfaceNativeSendBytes: 3872 (increment)
[clickhouse-builder-0.clickhouse-builder.ch-builder.svc.cluster.local] 2026.05.13 01:31:44 [ 0 ] MemoryTrackerUsage: 49105635 (gauge)
[clickhouse-builder-0.clickhouse-builder.ch-builder.svc.cluster.local] 2026.05.13 01:31:44 [ 0 ] MemoryTrackerPeakUsage: 243545666 (gauge)
[clickhouse-builder-0.clickhouse-builder.ch-builder.svc.cluster.local] 2026.05.13 01:31:44 [ 0 ] ReadCompressedBytes: 30097153 (increment)
[clickhouse-builder-0.clickhouse-builder.ch-builder.svc.cluster.local] 2026.05.13 01:31:44 [ 0 ] CompressedReadBufferBlocks: 86 (increment)
[clickhouse-builder-0.clickhouse-builder.ch-builder.svc.cluster.local] 2026.05.13 01:31:44 [ 0 ] CompressedReadBufferBytes: 30212096 (increment)
[clickhouse-builder-0.clickhouse-builder.ch-builder.svc.cluster.local] 2026.05.13 01:31:44 [ 0 ] IOBufferAllocs: 6 (increment)
[clickhouse-builder-0.clickhouse-builder.ch-builder.svc.cluster.local] 2026.05.13 01:31:44 [ 0 ] IOBufferAllocBytes: 3207566 (increment)
[clickhouse-builder-0.clickhouse-builder.ch-builder.svc.cluster.local] 2026.05.13 01:31:44 [ 0 ] NetworkReceiveElapsedMicroseconds: 1 (increment)
[clickhouse-builder-0.clickhouse-builder.ch-builder.svc.cluster.local] 2026.05.13 01:31:44 [ 0 ] NetworkSendElapsedMicroseconds: 18 (increment)
[clickhouse-builder-0.clickhouse-builder.ch-builder.svc.cluster.local] 2026.05.13 01:31:44 [ 0 ] NetworkSendBytes: 3872 (increment)
[clickhouse-builder-0.clickhouse-builder.ch-builder.svc.cluster.local] 2026.05.13 01:31:44 [ 0 ] SelectedRows: 204800 (increment)
[clickhouse-builder-0.clickhouse-builder.ch-builder.svc.cluster.local] 2026.05.13 01:31:44 [ 0 ] SelectedBytes: 29696000 (increment)
[clickhouse-builder-0.clickhouse-builder.ch-builder.svc.cluster.local] 2026.05.13 01:31:44 [ 0 ] RowsReadByMainReader: 204800 (increment)
[clickhouse-builder-0.clickhouse-builder.ch-builder.svc.cluster.local] 2026.05.13 01:31:44 [ 0 ] RealTimeMicroseconds: 6069093 (increment)
[clickhouse-builder-0.clickhouse-builder.ch-builder.svc.cluster.local] 2026.05.13 01:31:44 [ 0 ] UserTimeMicroseconds: 23612 (increment)
[clickhouse-builder-0.clickhouse-builder.ch-builder.svc.cluster.local] 2026.05.13 01:31:44 [ 0 ] SystemTimeMicroseconds: 6588 (increment)
[clickhouse-builder-0.clickhouse-builder.ch-builder.svc.cluster.local] 2026.05.13 01:31:44 [ 0 ] SoftPageFaults: 4125 (increment)
[clickhouse-builder-0.clickhouse-builder.ch-builder.svc.cluster.local] 2026.05.13 01:31:44 [ 0 ] OSCPUVirtualTimeMicroseconds: 30193 (increment)
[clickhouse-builder-0.clickhouse-builder.ch-builder.svc.cluster.local] 2026.05.13 01:31:44 [ 0 ] OSReadChars: 6568 (increment)
[clickhouse-builder-0.clickhouse-builder.ch-builder.svc.cluster.local] 2026.05.13 01:31:44 [ 0 ] GCSReadMicroseconds: 838 (increment)
[clickhouse-builder-0.clickhouse-builder.ch-builder.svc.cluster.local] 2026.05.13 01:31:44 [ 0 ] GCSReadRequestsCount: 6 (increment)
[clickhouse-builder-0.clickhouse-builder.ch-builder.svc.cluster.local] 2026.05.13 01:31:44 [ 0 ] GCSReadRequestsErrors: 3 (increment)
[clickhouse-builder-0.clickhouse-builder.ch-builder.svc.cluster.local] 2026.05.13 01:31:44 [ 0 ] GCSReadRequestAttempts: 6 (increment)
[clickhouse-builder-0.clickhouse-builder.ch-builder.svc.cluster.local] 2026.05.13 01:31:44 [ 0 ] DiskGCSReadMicroseconds: 838 (increment)
[clickhouse-builder-0.clickhouse-builder.ch-builder.svc.cluster.local] 2026.05.13 01:31:44 [ 0 ] DiskGCSReadRequestsCount: 6 (increment)
[clickhouse-builder-0.clickhouse-builder.ch-builder.svc.cluster.local] 2026.05.13 01:31:44 [ 0 ] DiskGCSReadRequestsErrors: 3 (increment)
[clickhouse-builder-0.clickhouse-builder.ch-builder.svc.cluster.local] 2026.05.13 01:31:44 [ 0 ] DiskGCSReadRequestAttempts: 6 (increment)
[clickhouse-builder-0.clickhouse-builder.ch-builder.svc.cluster.local] 2026.05.13 01:31:44 [ 0 ] GCSReadObject: 6 (increment)
[clickhouse-builder-0.clickhouse-builder.ch-builder.svc.cluster.local] 2026.05.13 01:31:44 [ 0 ] DiskGCSReadObject: 6 (increment)
[clickhouse-builder-0.clickhouse-builder.ch-builder.svc.cluster.local] 2026.05.13 01:31:44 [ 0 ] ReadBufferFromGCSMicroseconds: 3010755 (increment)
[clickhouse-builder-0.clickhouse-builder.ch-builder.svc.cluster.local] 2026.05.13 01:31:44 [ 0 ] ReadBufferFromGCSInitMicroseconds: 869 (increment)
[clickhouse-builder-0.clickhouse-builder.ch-builder.svc.cluster.local] 2026.05.13 01:31:44 [ 0 ] ReadBufferFromGCSBytes: 26671234 (increment)
[clickhouse-builder-0.clickhouse-builder.ch-builder.svc.cluster.local] 2026.05.13 01:31:44 [ 0 ] MemoryAllocatedWithoutCheck: 8 (increment)
[clickhouse-builder-0.clickhouse-builder.ch-builder.svc.cluster.local] 2026.05.13 01:31:44 [ 0 ] MemoryAllocatedWithoutCheckBytes: 34311960 (increment)
[clickhouse-builder-0.clickhouse-builder.ch-builder.svc.cluster.local] 2026.05.13 01:31:44 [ 0 ] InterfaceNativeSendBytes: 3872 (increment)
[clickhouse-builder-0.clickhouse-builder.ch-builder.svc.cluster.local] 2026.05.13 01:31:44 [ 0 ] MemoryTrackerUsage: 8773882 (gauge)
[clickhouse-builder-0.clickhouse-builder.ch-builder.svc.cluster.local] 2026.05.13 01:31:44 [ 0 ] MemoryTrackerPeakUsage: 243545666 (gauge)
[clickhouse-builder-0.clickhouse-builder.ch-builder.svc.cluster.local] 2026.05.13 01:31:44 [ 0 ] ReadCompressedBytes: 46697667 (increment)
[clickhouse-builder-0.clickhouse-builder.ch-builder.svc.cluster.local] 2026.05.13 01:31:44 [ 0 ] CompressedReadBufferBlocks: 130 (increment)
[clickhouse-builder-0.clickhouse-builder.ch-builder.svc.cluster.local] 2026.05.13 01:31:44 [ 0 ] CompressedReadBufferBytes: 46858240 (increment)
[clickhouse-builder-0.clickhouse-builder.ch-builder.svc.cluster.local] 2026.05.13 01:31:44 [ 0 ] IOBufferAllocs: 1 (increment)
[clickhouse-builder-0.clickhouse-builder.ch-builder.svc.cluster.local] 2026.05.13 01:31:44 [ 0 ] IOBufferAllocBytes: 126548 (increment)
[clickhouse-builder-0.clickhouse-builder.ch-builder.svc.cluster.local] 2026.05.13 01:31:44 [ 0 ] NetworkReceiveElapsedMicroseconds: 1 (increment)
[clickhouse-builder-0.clickhouse-builder.ch-builder.svc.cluster.local] 2026.05.13 01:31:44 [ 0 ] NetworkSendElapsedMicroseconds: 24 (increment)
[clickhouse-builder-0.clickhouse-builder.ch-builder.svc.cluster.local] 2026.05.13 01:31:44 [ 0 ] NetworkSendBytes: 4100 (increment)
[clickhouse-builder-0.clickhouse-builder.ch-builder.svc.cluster.local] 2026.05.13 01:31:44 [ 0 ] SelectedRows: 319488 (increment)
[clickhouse-builder-0.clickhouse-builder.ch-builder.svc.cluster.local] 2026.05.13 01:31:44 [ 0 ] SelectedBytes: 46325760 (increment)
[clickhouse-builder-0.clickhouse-builder.ch-builder.svc.cluster.local] 2026.05.13 01:31:44 [ 0 ] RowsReadByMainReader: 319488 (increment)
[clickhouse-builder-0.clickhouse-builder.ch-builder.svc.cluster.local] 2026.05.13 01:31:44 [ 0 ] RealTimeMicroseconds: 10837248 (increment)
[clickhouse-builder-0.clickhouse-builder.ch-builder.svc.cluster.local] 2026.05.13 01:31:44 [ 0 ] UserTimeMicroseconds: 27005 (increment)
[clickhouse-builder-0.clickhouse-builder.ch-builder.svc.cluster.local] 2026.05.13 01:31:44 [ 0 ] SystemTimeMicroseconds: 6818 (increment)
[clickhouse-builder-0.clickhouse-builder.ch-builder.svc.cluster.local] 2026.05.13 01:31:44 [ 0 ] SoftPageFaults: 4890 (increment)
[clickhouse-builder-0.clickhouse-builder.ch-builder.svc.cluster.local] 2026.05.13 01:31:44 [ 0 ] OSCPUWaitMicroseconds: 4 (increment)
[clickhouse-builder-0.clickhouse-builder.ch-builder.svc.cluster.local] 2026.05.13 01:31:44 [ 0 ] OSCPUVirtualTimeMicroseconds: 33812 (increment)
[clickhouse-builder-0.clickhouse-builder.ch-builder.svc.cluster.local] 2026.05.13 01:31:44 [ 0 ] OSReadChars: 10507 (increment)
[clickhouse-builder-0.clickhouse-builder.ch-builder.svc.cluster.local] 2026.05.13 01:31:44 [ 0 ] GCSReadMicroseconds: 381 (increment)
[clickhouse-builder-0.clickhouse-builder.ch-builder.svc.cluster.local] 2026.05.13 01:31:44 [ 0 ] GCSReadRequestsCount: 1 (increment)
[clickhouse-builder-0.clickhouse-builder.ch-builder.svc.cluster.local] 2026.05.13 01:31:44 [ 0 ] GCSReadRequestsErrors: 4 (increment)
[clickhouse-builder-0.clickhouse-builder.ch-builder.svc.cluster.local] 2026.05.13 01:31:44 [ 0 ] GCSReadRequestAttempts: 1 (increment)
[clickhouse-builder-0.clickhouse-builder.ch-builder.svc.cluster.local] 2026.05.13 01:31:44 [ 0 ] DiskGCSReadMicroseconds: 381 (increment)
[clickhouse-builder-0.clickhouse-builder.ch-builder.svc.cluster.local] 2026.05.13 01:31:44 [ 0 ] DiskGCSReadRequestsCount: 1 (increment)
[clickhouse-builder-0.clickhouse-builder.ch-builder.svc.cluster.local] 2026.05.13 01:31:44 [ 0 ] DiskGCSReadRequestsErrors: 4 (increment)
[clickhouse-builder-0.clickhouse-builder.ch-builder.svc.cluster.local] 2026.05.13 01:31:44 [ 0 ] DiskGCSReadRequestAttempts: 1 (increment)
[clickhouse-builder-0.clickhouse-builder.ch-builder.svc.cluster.local] 2026.05.13 01:31:44 [ 0 ] GCSReadObject: 1 (increment)
[clickhouse-builder-0.clickhouse-builder.ch-builder.svc.cluster.local] 2026.05.13 01:31:44 [ 0 ] DiskGCSReadObject: 1 (increment)
[clickhouse-builder-0.clickhouse-builder.ch-builder.svc.cluster.local] 2026.05.13 01:31:44 [ 0 ] ReadBufferFromGCSMicroseconds: 3981586 (increment)
[clickhouse-builder-0.clickhouse-builder.ch-builder.svc.cluster.local] 2026.05.13 01:31:44 [ 0 ] ReadBufferFromGCSInitMicroseconds: 386 (increment)
[clickhouse-builder-0.clickhouse-builder.ch-builder.svc.cluster.local] 2026.05.13 01:31:44 [ 0 ] ReadBufferFromGCSBytes: 40367043 (increment)
[clickhouse-builder-0.clickhouse-builder.ch-builder.svc.cluster.local] 2026.05.13 01:31:44 [ 0 ] MemoryAllocatedWithoutCheck: 20 (increment)
[clickhouse-builder-0.clickhouse-builder.ch-builder.svc.cluster.local] 2026.05.13 01:31:44 [ 0 ] MemoryAllocatedWithoutCheckBytes: 98951068 (increment)
[clickhouse-builder-0.clickhouse-builder.ch-builder.svc.cluster.local] 2026.05.13 01:31:44 [ 0 ] InterfaceNativeSendBytes: 4100 (increment)
[clickhouse-builder-0.clickhouse-builder.ch-builder.svc.cluster.local] 2026.05.13 01:31:44 [ 0 ] MemoryTrackerUsage: 5164210 (gauge)
[clickhouse-builder-0.clickhouse-builder.ch-builder.svc.cluster.local] 2026.05.13 01:31:44 [ 0 ] MemoryTrackerPeakUsage: 243545666 (gauge)
[clickhouse-builder-0.clickhouse-builder.ch-builder.svc.cluster.local] 2026.05.13 01:31:44 [ 0 ] ReadCompressedBytes: 54520390 (increment)
[clickhouse-builder-0.clickhouse-builder.ch-builder.svc.cluster.local] 2026.05.13 01:31:44 [ 0 ] CompressedReadBufferBlocks: 144 (increment)
[clickhouse-builder-0.clickhouse-builder.ch-builder.svc.cluster.local] 2026.05.13 01:31:44 [ 0 ] CompressedReadBufferBytes: 54657024 (increment)
[clickhouse-builder-0.clickhouse-builder.ch-builder.svc.cluster.local] 2026.05.13 01:31:44 [ 0 ] IOBufferAllocs: 4 (increment)
[clickhouse-builder-0.clickhouse-builder.ch-builder.svc.cluster.local] 2026.05.13 01:31:44 [ 0 ] IOBufferAllocBytes: 506292 (increment)
[clickhouse-builder-0.clickhouse-builder.ch-builder.svc.cluster.local] 2026.05.13 01:31:44 [ 0 ] NetworkReceiveElapsedMicroseconds: 1 (increment)
[clickhouse-builder-0.clickhouse-builder.ch-builder.svc.cluster.local] 2026.05.13 01:31:44 [ 0 ] NetworkSendElapsedMicroseconds: 25 (increment)
[clickhouse-builder-0.clickhouse-builder.ch-builder.svc.cluster.local] 2026.05.13 01:31:44 [ 0 ] NetworkSendBytes: 4212 (increment)
[clickhouse-builder-0.clickhouse-builder.ch-builder.svc.cluster.local] 2026.05.13 01:31:44 [ 0 ] SelectedRows: 376832 (increment)
[clickhouse-builder-0.clickhouse-builder.ch-builder.svc.cluster.local] 2026.05.13 01:31:44 [ 0 ] SelectedBytes: 54640640 (increment)
[clickhouse-builder-0.clickhouse-builder.ch-builder.svc.cluster.local] 2026.05.13 01:31:44 [ 0 ] RowsReadByMainReader: 376832 (increment)
[clickhouse-builder-0.clickhouse-builder.ch-builder.svc.cluster.local] 2026.05.13 01:31:44 [ 0 ] RealTimeMicroseconds: 10864257 (increment)
[clickhouse-builder-0.clickhouse-builder.ch-builder.svc.cluster.local] 2026.05.13 01:31:44 [ 0 ] UserTimeMicroseconds: 37424 (increment)
[clickhouse-builder-0.clickhouse-builder.ch-builder.svc.cluster.local] 2026.05.13 01:31:44 [ 0 ] SystemTimeMicroseconds: 8777 (increment)
[clickhouse-builder-0.clickhouse-builder.ch-builder.svc.cluster.local] 2026.05.13 01:31:44 [ 0 ] SoftPageFaults: 6036 (increment)
[clickhouse-builder-0.clickhouse-builder.ch-builder.svc.cluster.local] 2026.05.13 01:31:44 [ 0 ] OSCPUWaitMicroseconds: 22 (increment)
[clickhouse-builder-0.clickhouse-builder.ch-builder.svc.cluster.local] 2026.05.13 01:31:44 [ 0 ] OSCPUVirtualTimeMicroseconds: 46190 (increment)
[clickhouse-builder-0.clickhouse-builder.ch-builder.svc.cluster.local] 2026.05.13 01:31:44 [ 0 ] OSReadChars: 13970 (increment)
[clickhouse-builder-0.clickhouse-builder.ch-builder.svc.cluster.local] 2026.05.13 01:31:44 [ 0 ] GCSReadMicroseconds: 559 (increment)
[clickhouse-builder-0.clickhouse-builder.ch-builder.svc.cluster.local] 2026.05.13 01:31:44 [ 0 ] GCSReadRequestsCount: 4 (increment)
[clickhouse-builder-0.clickhouse-builder.ch-builder.svc.cluster.local] 2026.05.13 01:31:44 [ 0 ] GCSReadRequestsErrors: 16 (increment)
[clickhouse-builder-0.clickhouse-builder.ch-builder.svc.cluster.local] 2026.05.13 01:31:44 [ 0 ] GCSReadRequestAttempts: 4 (increment)
[clickhouse-builder-0.clickhouse-builder.ch-builder.svc.cluster.local] 2026.05.13 01:31:44 [ 0 ] DiskGCSReadMicroseconds: 559 (increment)
[clickhouse-builder-0.clickhouse-builder.ch-builder.svc.cluster.local] 2026.05.13 01:31:44 [ 0 ] DiskGCSReadRequestsCount: 4 (increment)
[clickhouse-builder-0.clickhouse-builder.ch-builder.svc.cluster.local] 2026.05.13 01:31:44 [ 0 ] DiskGCSReadRequestsErrors: 16 (increment)
[clickhouse-builder-0.clickhouse-builder.ch-builder.svc.cluster.local] 2026.05.13 01:31:44 [ 0 ] DiskGCSReadRequestAttempts: 4 (increment)
[clickhouse-builder-0.clickhouse-builder.ch-builder.svc.cluster.local] 2026.05.13 01:31:44 [ 0 ] GCSReadObject: 4 (increment)
[clickhouse-builder-0.clickhouse-builder.ch-builder.svc.cluster.local] 2026.05.13 01:31:44 [ 0 ] DiskGCSReadObject: 4 (increment)
[clickhouse-builder-0.clickhouse-builder.ch-builder.svc.cluster.local] 2026.05.13 01:31:44 [ 0 ] ReadBufferFromGCSMicroseconds: 4124445 (increment)
[clickhouse-builder-0.clickhouse-builder.ch-builder.svc.cluster.local] 2026.05.13 01:31:44 [ 0 ] ReadBufferFromGCSInitMicroseconds: 579 (increment)
[clickhouse-builder-0.clickhouse-builder.ch-builder.svc.cluster.local] 2026.05.13 01:31:44 [ 0 ] ReadBufferFromGCSBytes: 49964442 (increment)
[clickhouse-builder-0.clickhouse-builder.ch-builder.svc.cluster.local] 2026.05.13 01:31:44 [ 0 ] MemoryAllocatedWithoutCheck: 28 (increment)
[clickhouse-builder-0.clickhouse-builder.ch-builder.svc.cluster.local] 2026.05.13 01:31:44 [ 0 ] MemoryAllocatedWithoutCheckBytes: 126662700 (increment)
[clickhouse-builder-0.clickhouse-builder.ch-builder.svc.cluster.local] 2026.05.13 01:31:44 [ 0 ] InterfaceNativeSendBytes: 4212 (increment)
[clickhouse-builder-0.clickhouse-builder.ch-builder.svc.cluster.local] 2026.05.13 01:31:44 [ 0 ] MemoryTrackerUsage: 0 (gauge)
[clickhouse-builder-0.clickhouse-builder.ch-builder.svc.cluster.local] 2026.05.13 01:31:44 [ 0 ] MemoryTrackerPeakUsage: 243545666 (gauge)
[clickhouse-builder-0.clickhouse-builder.ch-builder.svc.cluster.local] 2026.05.13 01:31:44 [ 0 ] ReadCompressedBytes: 74370112 (increment)
[clickhouse-builder-0.clickhouse-builder.ch-builder.svc.cluster.local] 2026.05.13 01:31:44 [ 0 ] CompressedReadBufferBlocks: 216 (increment)
[clickhouse-builder-0.clickhouse-builder.ch-builder.svc.cluster.local] 2026.05.13 01:31:44 [ 0 ] CompressedReadBufferBytes: 74709396 (increment)
[clickhouse-builder-0.clickhouse-builder.ch-builder.svc.cluster.local] 2026.05.13 01:31:44 [ 0 ] NetworkReceiveElapsedMicroseconds: 2 (increment)
[clickhouse-builder-0.clickhouse-builder.ch-builder.svc.cluster.local] 2026.05.13 01:31:44 [ 0 ] NetworkSendElapsedMicroseconds: 30 (increment)
[clickhouse-builder-0.clickhouse-builder.ch-builder.svc.cluster.local] 2026.05.13 01:31:44 [ 0 ] NetworkSendBytes: 4212 (increment)
[clickhouse-builder-0.clickhouse-builder.ch-builder.svc.cluster.local] 2026.05.13 01:31:44 [ 0 ] SelectedRows: 506910 (increment)
[clickhouse-builder-0.clickhouse-builder.ch-builder.svc.cluster.local] 2026.05.13 01:31:44 [ 0 ] SelectedBytes: 73501950 (increment)
[clickhouse-builder-0.clickhouse-builder.ch-builder.svc.cluster.local] 2026.05.13 01:31:44 [ 0 ] RowsReadByMainReader: 506910 (increment)
[clickhouse-builder-0.clickhouse-builder.ch-builder.svc.cluster.local] 2026.05.13 01:31:44 [ 0 ] RealTimeMicroseconds: 8592449 (increment)
[clickhouse-builder-0.clickhouse-builder.ch-builder.svc.cluster.local] 2026.05.13 01:31:44 [ 0 ] UserTimeMicroseconds: 35862 (increment)
[clickhouse-builder-0.clickhouse-builder.ch-builder.svc.cluster.local] 2026.05.13 01:31:44 [ 0 ] SystemTimeMicroseconds: 1712 (increment)
[clickhouse-builder-0.clickhouse-builder.ch-builder.svc.cluster.local] 2026.05.13 01:31:44 [ 0 ] SoftPageFaults: 2033 (increment)
[clickhouse-builder-0.clickhouse-builder.ch-builder.svc.cluster.local] 2026.05.13 01:31:44 [ 0 ] OSCPUVirtualTimeMicroseconds: 37560 (increment)
[clickhouse-builder-0.clickhouse-builder.ch-builder.svc.cluster.local] 2026.05.13 01:31:44 [ 0 ] OSReadChars: 13292 (increment)
[clickhouse-builder-0.clickhouse-builder.ch-builder.svc.cluster.local] 2026.05.13 01:31:44 [ 0 ] GCSReadRequestsErrors: 16 (increment)
[clickhouse-builder-0.clickhouse-builder.ch-builder.svc.cluster.local] 2026.05.13 01:31:44 [ 0 ] DiskGCSReadRequestsErrors: 16 (increment)
[clickhouse-builder-0.clickhouse-builder.ch-builder.svc.cluster.local] 2026.05.13 01:31:44 [ 0 ] ReadBufferFromGCSMicroseconds: 3354785 (increment)
[clickhouse-builder-0.clickhouse-builder.ch-builder.svc.cluster.local] 2026.05.13 01:31:44 [ 0 ] ReadBufferFromGCSBytes: 58873119 (increment)
[clickhouse-builder-0.clickhouse-builder.ch-builder.svc.cluster.local] 2026.05.13 01:31:44 [ 0 ] MemoryAllocatedWithoutCheck: 8 (increment)
[clickhouse-builder-0.clickhouse-builder.ch-builder.svc.cluster.local] 2026.05.13 01:31:44 [ 0 ] MemoryAllocatedWithoutCheckBytes: 40358444 (increment)
[clickhouse-builder-0.clickhouse-builder.ch-builder.svc.cluster.local] 2026.05.13 01:31:44 [ 0 ] InterfaceNativeSendBytes: 4212 (increment)
[clickhouse-builder-0.clickhouse-builder.ch-builder.svc.cluster.local] 2026.05.13 01:31:44 [ 0 ] MemoryTrackerUsage: 0 (gauge)
[clickhouse-builder-0.clickhouse-builder.ch-builder.svc.cluster.local] 2026.05.13 01:31:44 [ 0 ] MemoryTrackerPeakUsage: 243545666 (gauge)
[clickhouse-builder-0.clickhouse-builder.ch-builder.svc.cluster.local] 2026.05.13 01:31:45 [ 0 ] ReadCompressedBytes: 21338208 (increment)
[clickhouse-builder-0.clickhouse-builder.ch-builder.svc.cluster.local] 2026.05.13 01:31:45 [ 0 ] CompressedReadBufferBlocks: 57 (increment)
[clickhouse-builder-0.clickhouse-builder.ch-builder.svc.cluster.local] 2026.05.13 01:31:45 [ 0 ] CompressedReadBufferBytes: 21430272 (increment)
[clickhouse-builder-0.clickhouse-builder.ch-builder.svc.cluster.local] 2026.05.13 01:31:45 [ 0 ] NetworkReceiveElapsedMicroseconds: 1 (increment)
[clickhouse-builder-0.clickhouse-builder.ch-builder.svc.cluster.local] 2026.05.13 01:31:45 [ 0 ] NetworkSendElapsedMicroseconds: 24 (increment)
[clickhouse-builder-0.clickhouse-builder.ch-builder.svc.cluster.local] 2026.05.13 01:31:45 [ 0 ] NetworkSendBytes: 2870 (increment)
[clickhouse-builder-0.clickhouse-builder.ch-builder.svc.cluster.local] 2026.05.13 01:31:45 [ 0 ] SelectedRows: 147456 (increment)
[clickhouse-builder-0.clickhouse-builder.ch-builder.svc.cluster.local] 2026.05.13 01:31:45 [ 0 ] SelectedBytes: 21381120 (increment)
[clickhouse-builder-0.clickhouse-builder.ch-builder.svc.cluster.local] 2026.05.13 01:31:45 [ 0 ] RowsReadByMainReader: 147456 (increment)
[clickhouse-builder-0.clickhouse-builder.ch-builder.svc.cluster.local] 2026.05.13 01:31:45 [ 0 ] RealTimeMicroseconds: 1844404 (increment)
[clickhouse-builder-0.clickhouse-builder.ch-builder.svc.cluster.local] 2026.05.13 01:31:45 [ 0 ] UserTimeMicroseconds: 8527 (increment)
[clickhouse-builder-0.clickhouse-builder.ch-builder.svc.cluster.local] 2026.05.13 01:31:45 [ 0 ] SystemTimeMicroseconds: 174 (increment)
[clickhouse-builder-0.clickhouse-builder.ch-builder.svc.cluster.local] 2026.05.13 01:31:45 [ 0 ] SoftPageFaults: 604 (increment)
[clickhouse-builder-0.clickhouse-builder.ch-builder.svc.cluster.local] 2026.05.13 01:31:45 [ 0 ] OSCPUVirtualTimeMicroseconds: 8696 (increment)
[clickhouse-builder-0.clickhouse-builder.ch-builder.svc.cluster.local] 2026.05.13 01:31:45 [ 0 ] OSReadChars: 4229 (increment)
[clickhouse-builder-0.clickhouse-builder.ch-builder.svc.cluster.local] 2026.05.13 01:31:45 [ 0 ] GCSReadRequestsErrors: 12 (increment)
[clickhouse-builder-0.clickhouse-builder.ch-builder.svc.cluster.local] 2026.05.13 01:31:45 [ 0 ] DiskGCSReadRequestsErrors: 12 (increment)
[clickhouse-builder-0.clickhouse-builder.ch-builder.svc.cluster.local] 2026.05.13 01:31:45 [ 0 ] ReadBufferFromGCSMicroseconds: 848132 (increment)
[clickhouse-builder-0.clickhouse-builder.ch-builder.svc.cluster.local] 2026.05.13 01:31:45 [ 0 ] ReadBufferFromGCSBytes: 15729232 (increment)
[clickhouse-builder-0.clickhouse-builder.ch-builder.svc.cluster.local] 2026.05.13 01:31:45 [ 0 ] MemoryAllocatedWithoutCheck: 4 (increment)
[clickhouse-builder-0.clickhouse-builder.ch-builder.svc.cluster.local] 2026.05.13 01:31:45 [ 0 ] MemoryAllocatedWithoutCheckBytes: 21843836 (increment)
[clickhouse-builder-0.clickhouse-builder.ch-builder.svc.cluster.local] 2026.05.13 01:31:45 [ 0 ] InterfaceNativeSendBytes: 2870 (increment)
[clickhouse-builder-0.clickhouse-builder.ch-builder.svc.cluster.local] 2026.05.13 01:31:45 [ 0 ] MemoryTrackerUsage: 0 (gauge)
[clickhouse-builder-0.clickhouse-builder.ch-builder.svc.cluster.local] 2026.05.13 01:31:45 [ 0 ] MemoryTrackerPeakUsage: 243545666 (gauge)
[clickhouse-builder-0.clickhouse-builder.ch-builder.svc.cluster.local] 2026.05.13 01:31:45 [ 0 ] ReadCompressedBytes: 9781690 (increment)
[clickhouse-builder-0.clickhouse-builder.ch-builder.svc.cluster.local] 2026.05.13 01:31:45 [ 0 ] CompressedReadBufferBlocks: 30 (increment)
[clickhouse-builder-0.clickhouse-builder.ch-builder.svc.cluster.local] 2026.05.13 01:31:45 [ 0 ] CompressedReadBufferBytes: 9826082 (increment)
[clickhouse-builder-0.clickhouse-builder.ch-builder.svc.cluster.local] 2026.05.13 01:31:45 [ 0 ] NetworkReceiveElapsedMicroseconds: 1 (increment)
[clickhouse-builder-0.clickhouse-builder.ch-builder.svc.cluster.local] 2026.05.13 01:31:45 [ 0 ] NetworkSendElapsedMicroseconds: 22 (increment)
[clickhouse-builder-0.clickhouse-builder.ch-builder.svc.cluster.local] 2026.05.13 01:31:45 [ 0 ] NetworkSendBytes: 2870 (increment)
[clickhouse-builder-0.clickhouse-builder.ch-builder.svc.cluster.local] 2026.05.13 01:31:45 [ 0 ] SelectedRows: 65536 (increment)
[clickhouse-builder-0.clickhouse-builder.ch-builder.svc.cluster.local] 2026.05.13 01:31:45 [ 0 ] SelectedBytes: 9502720 (increment)
[clickhouse-builder-0.clickhouse-builder.ch-builder.svc.cluster.local] 2026.05.13 01:31:45 [ 0 ] RowsReadByMainReader: 65536 (increment)
[clickhouse-builder-0.clickhouse-builder.ch-builder.svc.cluster.local] 2026.05.13 01:31:45 [ 0 ] RealTimeMicroseconds: 290038 (increment)
[clickhouse-builder-0.clickhouse-builder.ch-builder.svc.cluster.local] 2026.05.13 01:31:45 [ 0 ] UserTimeMicroseconds: 3765 (increment)
[clickhouse-builder-0.clickhouse-builder.ch-builder.svc.cluster.local] 2026.05.13 01:31:45 [ 0 ] SoftPageFaults: 5 (increment)
[clickhouse-builder-0.clickhouse-builder.ch-builder.svc.cluster.local] 2026.05.13 01:31:45 [ 0 ] OSCPUVirtualTimeMicroseconds: 3763 (increment)
[clickhouse-builder-0.clickhouse-builder.ch-builder.svc.cluster.local] 2026.05.13 01:31:45 [ 0 ] OSReadChars: 1930 (increment)
[clickhouse-builder-0.clickhouse-builder.ch-builder.svc.cluster.local] 2026.05.13 01:31:45 [ 0 ] ReadBufferFromGCSMicroseconds: 287851 (increment)
[clickhouse-builder-0.clickhouse-builder.ch-builder.svc.cluster.local] 2026.05.13 01:31:45 [ 0 ] ReadBufferFromGCSBytes: 8388608 (increment)
[clickhouse-builder-0.clickhouse-builder.ch-builder.svc.cluster.local] 2026.05.13 01:31:45 [ 0 ] InterfaceNativeSendBytes: 2870 (increment)
[clickhouse-builder-0.clickhouse-builder.ch-builder.svc.cluster.local] 2026.05.13 01:31:45 [ 0 ] MemoryTrackerUsage: 0 (gauge)
[clickhouse-builder-0.clickhouse-builder.ch-builder.svc.cluster.local] 2026.05.13 01:31:45 [ 0 ] MemoryTrackerPeakUsage: 243545666 (gauge)
[clickhouse-builder-0.clickhouse-builder.ch-builder.svc.cluster.local] 2026.05.13 01:31:45 [ 0 ] ReadCompressedBytes: 10017829 (increment)
[clickhouse-builder-0.clickhouse-builder.ch-builder.svc.cluster.local] 2026.05.13 01:31:45 [ 0 ] CompressedReadBufferBlocks: 28 (increment)
[clickhouse-builder-0.clickhouse-builder.ch-builder.svc.cluster.local] 2026.05.13 01:31:45 [ 0 ] CompressedReadBufferBytes: 10038986 (increment)
[clickhouse-builder-0.clickhouse-builder.ch-builder.svc.cluster.local] 2026.05.13 01:31:45 [ 0 ] NetworkSendElapsedMicroseconds: 26 (increment)
[clickhouse-builder-0.clickhouse-builder.ch-builder.svc.cluster.local] 2026.05.13 01:31:45 [ 0 ] NetworkSendBytes: 2305 (increment)
[clickhouse-builder-0.clickhouse-builder.ch-builder.svc.cluster.local] 2026.05.13 01:31:45 [ 0 ] SelectedRows: 69410 (increment)
[clickhouse-builder-0.clickhouse-builder.ch-builder.svc.cluster.local] 2026.05.13 01:31:45 [ 0 ] SelectedBytes: 10064450 (increment)
[clickhouse-builder-0.clickhouse-builder.ch-builder.svc.cluster.local] 2026.05.13 01:31:45 [ 0 ] RowsReadByMainReader: 69410 (increment)
[clickhouse-builder-0.clickhouse-builder.ch-builder.svc.cluster.local] 2026.05.13 01:31:45 [ 0 ] RealTimeMicroseconds: 33500658 (increment)
[clickhouse-builder-0.clickhouse-builder.ch-builder.svc.cluster.local] 2026.05.13 01:31:45 [ 0 ] UserTimeMicroseconds: 57387 (increment)
[clickhouse-builder-0.clickhouse-builder.ch-builder.svc.cluster.local] 2026.05.13 01:31:45 [ 0 ] SystemTimeMicroseconds: 18077 (increment)
[clickhouse-builder-0.clickhouse-builder.ch-builder.svc.cluster.local] 2026.05.13 01:31:45 [ 0 ] SoftPageFaults: 2646 (increment)
[clickhouse-builder-0.clickhouse-builder.ch-builder.svc.cluster.local] 2026.05.13 01:31:45 [ 0 ] OSCPUWaitMicroseconds: 15 (increment)
[clickhouse-builder-0.clickhouse-builder.ch-builder.svc.cluster.local] 2026.05.13 01:31:45 [ 0 ] OSCPUVirtualTimeMicroseconds: 75439 (increment)
[clickhouse-builder-0.clickhouse-builder.ch-builder.svc.cluster.local] 2026.05.13 01:31:45 [ 0 ] OSReadChars: 24268 (increment)
[clickhouse-builder-0.clickhouse-builder.ch-builder.svc.cluster.local] 2026.05.13 01:31:45 [ 0 ] OSWriteChars: 8 (increment)
[clickhouse-builder-0.clickhouse-builder.ch-builder.svc.cluster.local] 2026.05.13 01:31:45 [ 0 ] GCSReadRequestsErrors: 8 (increment)
[clickhouse-builder-0.clickhouse-builder.ch-builder.svc.cluster.local] 2026.05.13 01:31:45 [ 0 ] DiskGCSReadRequestsErrors: 8 (increment)
[clickhouse-builder-0.clickhouse-builder.ch-builder.svc.cluster.local] 2026.05.13 01:31:45 [ 0 ] ReadBufferFromGCSMicroseconds: 130500 (increment)
[clickhouse-builder-0.clickhouse-builder.ch-builder.svc.cluster.local] 2026.05.13 01:31:45 [ 0 ] ReadBufferFromGCSBytes: 6787878 (increment)
[clickhouse-builder-0.clickhouse-builder.ch-builder.svc.cluster.local] 2026.05.13 01:31:45 [ 0 ] MemoryAllocatedWithoutCheck: 4 (increment)
[clickhouse-builder-0.clickhouse-builder.ch-builder.svc.cluster.local] 2026.05.13 01:31:45 [ 0 ] MemoryAllocatedWithoutCheckBytes: 213568 (increment)
[clickhouse-builder-0.clickhouse-builder.ch-builder.svc.cluster.local] 2026.05.13 01:31:45 [ 0 ] InterfaceNativeSendBytes: 2305 (increment)
[clickhouse-builder-0.clickhouse-builder.ch-builder.svc.cluster.local] 2026.05.13 01:31:45 [ 0 ] MemoryTrackerUsage: 53392 (gauge)
[clickhouse-builder-0.clickhouse-builder.ch-builder.svc.cluster.local] 2026.05.13 01:31:45 [ 0 ] MemoryTrackerPeakUsage: 243545666 (gauge)
3.339
exit_code=0
