Defaulted container "builder" out of: builder, bootstrap (init)
[clickhouse-builder-0.clickhouse-builder.ch-builder.svc.cluster.local] 2026.05.13 01:31:47 [ 0 ] Query: 1 (increment)
[clickhouse-builder-0.clickhouse-builder.ch-builder.svc.cluster.local] 2026.05.13 01:31:47 [ 0 ] SelectQuery: 1 (increment)
[clickhouse-builder-0.clickhouse-builder.ch-builder.svc.cluster.local] 2026.05.13 01:31:47 [ 0 ] InitialQuery: 1 (increment)
[clickhouse-builder-0.clickhouse-builder.ch-builder.svc.cluster.local] 2026.05.13 01:31:47 [ 0 ] InitialSelectQuery: 1 (increment)
[clickhouse-builder-0.clickhouse-builder.ch-builder.svc.cluster.local] 2026.05.13 01:31:47 [ 0 ] QueriesWithSubqueries: 1 (increment)
[clickhouse-builder-0.clickhouse-builder.ch-builder.svc.cluster.local] 2026.05.13 01:31:47 [ 0 ] SelectQueriesWithSubqueries: 1 (increment)
[clickhouse-builder-0.clickhouse-builder.ch-builder.svc.cluster.local] 2026.05.13 01:31:47 [ 0 ] FileOpen: 89 (increment)
[clickhouse-builder-0.clickhouse-builder.ch-builder.svc.cluster.local] 2026.05.13 01:31:47 [ 0 ] ReadBufferFromFileDescriptorRead: 480 (increment)
[clickhouse-builder-0.clickhouse-builder.ch-builder.svc.cluster.local] 2026.05.13 01:31:47 [ 0 ] ReadBufferFromFileDescriptorReadBytes: 17680 (increment)
[clickhouse-builder-0.clickhouse-builder.ch-builder.svc.cluster.local] 2026.05.13 01:31:47 [ 0 ] ReadCompressedBytes: 252856 (increment)
[clickhouse-builder-0.clickhouse-builder.ch-builder.svc.cluster.local] 2026.05.13 01:31:47 [ 0 ] CompressedReadBufferBlocks: 6 (increment)
[clickhouse-builder-0.clickhouse-builder.ch-builder.svc.cluster.local] 2026.05.13 01:31:47 [ 0 ] CompressedReadBufferBytes: 393216 (increment)
[clickhouse-builder-0.clickhouse-builder.ch-builder.svc.cluster.local] 2026.05.13 01:31:47 [ 0 ] OpenedFileCacheHits: 151 (increment)
[clickhouse-builder-0.clickhouse-builder.ch-builder.svc.cluster.local] 2026.05.13 01:31:47 [ 0 ] OpenedFileCacheMisses: 89 (increment)
[clickhouse-builder-0.clickhouse-builder.ch-builder.svc.cluster.local] 2026.05.13 01:31:47 [ 0 ] OpenedFileCacheMicroseconds: 160 (increment)
[clickhouse-builder-0.clickhouse-builder.ch-builder.svc.cluster.local] 2026.05.13 01:31:47 [ 0 ] IOBufferAllocs: 540 (increment)
[clickhouse-builder-0.clickhouse-builder.ch-builder.svc.cluster.local] 2026.05.13 01:31:47 [ 0 ] IOBufferAllocBytes: 159082077 (increment)
[clickhouse-builder-0.clickhouse-builder.ch-builder.svc.cluster.local] 2026.05.13 01:31:47 [ 0 ] MarkCacheHits: 240 (increment)
[clickhouse-builder-0.clickhouse-builder.ch-builder.svc.cluster.local] 2026.05.13 01:31:47 [ 0 ] CreatedReadBufferOrdinary: 240 (increment)
[clickhouse-builder-0.clickhouse-builder.ch-builder.svc.cluster.local] 2026.05.13 01:31:47 [ 0 ] DiskReadElapsedMicroseconds: 445 (increment)
[clickhouse-builder-0.clickhouse-builder.ch-builder.svc.cluster.local] 2026.05.13 01:31:47 [ 0 ] NetworkReceiveElapsedMicroseconds: 2 (increment)
[clickhouse-builder-0.clickhouse-builder.ch-builder.svc.cluster.local] 2026.05.13 01:31:47 [ 0 ] NetworkSendElapsedMicroseconds: 56 (increment)
[clickhouse-builder-0.clickhouse-builder.ch-builder.svc.cluster.local] 2026.05.13 01:31:47 [ 0 ] NetworkSendBytes: 69 (increment)
[clickhouse-builder-0.clickhouse-builder.ch-builder.svc.cluster.local] 2026.05.13 01:31:47 [ 0 ] GlobalThreadPoolLockWaitMicroseconds: 75 (increment)
[clickhouse-builder-0.clickhouse-builder.ch-builder.svc.cluster.local] 2026.05.13 01:31:47 [ 0 ] GlobalThreadPoolJobs: 54 (increment)
[clickhouse-builder-0.clickhouse-builder.ch-builder.svc.cluster.local] 2026.05.13 01:31:47 [ 0 ] LocalThreadPoolExpansions: 53 (increment)
[clickhouse-builder-0.clickhouse-builder.ch-builder.svc.cluster.local] 2026.05.13 01:31:47 [ 0 ] LocalThreadPoolShrinks: 5 (increment)
[clickhouse-builder-0.clickhouse-builder.ch-builder.svc.cluster.local] 2026.05.13 01:31:47 [ 0 ] LocalThreadPoolThreadCreationMicroseconds: 308 (increment)
[clickhouse-builder-0.clickhouse-builder.ch-builder.svc.cluster.local] 2026.05.13 01:31:47 [ 0 ] LocalThreadPoolLockWaitMicroseconds: 15 (increment)
[clickhouse-builder-0.clickhouse-builder.ch-builder.svc.cluster.local] 2026.05.13 01:31:47 [ 0 ] LocalThreadPoolJobs: 53 (increment)
[clickhouse-builder-0.clickhouse-builder.ch-builder.svc.cluster.local] 2026.05.13 01:31:47 [ 0 ] QueryPlanOptimizeMicroseconds: 72 (increment)
[clickhouse-builder-0.clickhouse-builder.ch-builder.svc.cluster.local] 2026.05.13 01:31:47 [ 0 ] IndexAnalysisRounds: 1 (increment)
[clickhouse-builder-0.clickhouse-builder.ch-builder.svc.cluster.local] 2026.05.13 01:31:47 [ 0 ] SelectedParts: 5 (increment)
[clickhouse-builder-0.clickhouse-builder.ch-builder.svc.cluster.local] 2026.05.13 01:31:47 [ 0 ] SelectedPartsTotal: 5 (increment)
[clickhouse-builder-0.clickhouse-builder.ch-builder.svc.cluster.local] 2026.05.13 01:31:47 [ 0 ] SelectedRanges: 5 (increment)
[clickhouse-builder-0.clickhouse-builder.ch-builder.svc.cluster.local] 2026.05.13 01:31:47 [ 0 ] SelectedMarks: 612 (increment)
[clickhouse-builder-0.clickhouse-builder.ch-builder.svc.cluster.local] 2026.05.13 01:31:47 [ 0 ] SelectedMarksTotal: 612 (increment)
[clickhouse-builder-0.clickhouse-builder.ch-builder.svc.cluster.local] 2026.05.13 01:31:47 [ 0 ] FilteringMarksWithPrimaryKeyProcessedMarks: 612 (increment)
[clickhouse-builder-0.clickhouse-builder.ch-builder.svc.cluster.local] 2026.05.13 01:31:47 [ 0 ] FilteringMarksWithPrimaryKeyMicroseconds: 11 (increment)
[clickhouse-builder-0.clickhouse-builder.ch-builder.svc.cluster.local] 2026.05.13 01:31:47 [ 0 ] WaitMarksLoadMicroseconds: 1499 (increment)
[clickhouse-builder-0.clickhouse-builder.ch-builder.svc.cluster.local] 2026.05.13 01:31:47 [ 0 ] ContextLock: 32 (increment)
[clickhouse-builder-0.clickhouse-builder.ch-builder.svc.cluster.local] 2026.05.13 01:31:47 [ 0 ] RWLockAcquiredReadLocks: 1 (increment)
[clickhouse-builder-0.clickhouse-builder.ch-builder.svc.cluster.local] 2026.05.13 01:31:47 [ 0 ] SharedPartsLockHoldMicroseconds: 1 (increment)
[clickhouse-builder-0.clickhouse-builder.ch-builder.svc.cluster.local] 2026.05.13 01:31:47 [ 0 ] SharedPartsLocks: 2 (increment)
[clickhouse-builder-0.clickhouse-builder.ch-builder.svc.cluster.local] 2026.05.13 01:31:47 [ 0 ] RealTimeMicroseconds: 122 (increment)
[clickhouse-builder-0.clickhouse-builder.ch-builder.svc.cluster.local] 2026.05.13 01:31:47 [ 0 ] OSReadChars: 2376 (increment)
[clickhouse-builder-0.clickhouse-builder.ch-builder.svc.cluster.local] 2026.05.13 01:31:47 [ 0 ] GCSReadMicroseconds: 28777 (increment)
[clickhouse-builder-0.clickhouse-builder.ch-builder.svc.cluster.local] 2026.05.13 01:31:47 [ 0 ] GCSReadRequestsCount: 54 (increment)
[clickhouse-builder-0.clickhouse-builder.ch-builder.svc.cluster.local] 2026.05.13 01:31:47 [ 0 ] GCSReadRequestAttempts: 54 (increment)
[clickhouse-builder-0.clickhouse-builder.ch-builder.svc.cluster.local] 2026.05.13 01:31:47 [ 0 ] DiskGCSReadMicroseconds: 28777 (increment)
[clickhouse-builder-0.clickhouse-builder.ch-builder.svc.cluster.local] 2026.05.13 01:31:47 [ 0 ] DiskGCSReadRequestsCount: 54 (increment)
[clickhouse-builder-0.clickhouse-builder.ch-builder.svc.cluster.local] 2026.05.13 01:31:47 [ 0 ] DiskGCSReadRequestAttempts: 54 (increment)
[clickhouse-builder-0.clickhouse-builder.ch-builder.svc.cluster.local] 2026.05.13 01:31:47 [ 0 ] GCSReadObject: 54 (increment)
[clickhouse-builder-0.clickhouse-builder.ch-builder.svc.cluster.local] 2026.05.13 01:31:47 [ 0 ] DiskGCSReadObject: 54 (increment)
[clickhouse-builder-0.clickhouse-builder.ch-builder.svc.cluster.local] 2026.05.13 01:31:47 [ 0 ] ReadBufferFromGCSMicroseconds: 653360 (increment)
[clickhouse-builder-0.clickhouse-builder.ch-builder.svc.cluster.local] 2026.05.13 01:31:47 [ 0 ] ReadBufferFromGCSInitMicroseconds: 29027 (increment)
[clickhouse-builder-0.clickhouse-builder.ch-builder.svc.cluster.local] 2026.05.13 01:31:47 [ 0 ] ReadBufferFromGCSBytes: 674753 (increment)
[clickhouse-builder-0.clickhouse-builder.ch-builder.svc.cluster.local] 2026.05.13 01:31:47 [ 0 ] MemoryAllocatedWithoutCheck: 151 (increment)
[clickhouse-builder-0.clickhouse-builder.ch-builder.svc.cluster.local] 2026.05.13 01:31:47 [ 0 ] MemoryAllocatedWithoutCheckBytes: 704904 (increment)
[clickhouse-builder-0.clickhouse-builder.ch-builder.svc.cluster.local] 2026.05.13 01:31:47 [ 0 ] LogTrace: 4 (increment)
[clickhouse-builder-0.clickhouse-builder.ch-builder.svc.cluster.local] 2026.05.13 01:31:47 [ 0 ] LogDebug: 5 (increment)
[clickhouse-builder-0.clickhouse-builder.ch-builder.svc.cluster.local] 2026.05.13 01:31:47 [ 0 ] LoggerElapsedNanoseconds: 78790 (increment)
[clickhouse-builder-0.clickhouse-builder.ch-builder.svc.cluster.local] 2026.05.13 01:31:47 [ 0 ] InterfaceNativeSendBytes: 69 (increment)
[clickhouse-builder-0.clickhouse-builder.ch-builder.svc.cluster.local] 2026.05.13 01:31:47 [ 0 ] ConcurrencyControlSlotsGranted: 1 (increment)
[clickhouse-builder-0.clickhouse-builder.ch-builder.svc.cluster.local] 2026.05.13 01:31:47 [ 0 ] ConcurrencyControlSlotsAcquired: 47 (increment)
[clickhouse-builder-0.clickhouse-builder.ch-builder.svc.cluster.local] 2026.05.13 01:31:47 [ 0 ] ConcurrencyControlSlotsAcquiredNonCompeting: 1 (increment)
[clickhouse-builder-0.clickhouse-builder.ch-builder.svc.cluster.local] 2026.05.13 01:31:47 [ 0 ] AsyncLoggingConsoleTotalMessages: 9 (increment)
[clickhouse-builder-0.clickhouse-builder.ch-builder.svc.cluster.local] 2026.05.13 01:31:47 [ 0 ] MemoryTrackerUsage: 174624 (gauge)
[clickhouse-builder-0.clickhouse-builder.ch-builder.svc.cluster.local] 2026.05.13 01:31:47 [ 0 ] MemoryTrackerPeakUsage: 174624 (gauge)
[clickhouse-builder-0.clickhouse-builder.ch-builder.svc.cluster.local] 2026.05.13 01:31:47 [ 0 ] ReadCompressedBytes: 506221 (increment)
[clickhouse-builder-0.clickhouse-builder.ch-builder.svc.cluster.local] 2026.05.13 01:31:47 [ 0 ] CompressedReadBufferBlocks: 12 (increment)
[clickhouse-builder-0.clickhouse-builder.ch-builder.svc.cluster.local] 2026.05.13 01:31:47 [ 0 ] CompressedReadBufferBytes: 786432 (increment)
[clickhouse-builder-0.clickhouse-builder.ch-builder.svc.cluster.local] 2026.05.13 01:31:47 [ 0 ] IOBufferAllocs: 24 (increment)
[clickhouse-builder-0.clickhouse-builder.ch-builder.svc.cluster.local] 2026.05.13 01:31:47 [ 0 ] IOBufferAllocBytes: 6689202 (increment)
[clickhouse-builder-0.clickhouse-builder.ch-builder.svc.cluster.local] 2026.05.13 01:31:47 [ 0 ] NetworkReceiveElapsedMicroseconds: 1 (increment)
[clickhouse-builder-0.clickhouse-builder.ch-builder.svc.cluster.local] 2026.05.13 01:31:47 [ 0 ] NetworkSendElapsedMicroseconds: 28 (increment)
[clickhouse-builder-0.clickhouse-builder.ch-builder.svc.cluster.local] 2026.05.13 01:31:47 [ 0 ] NetworkSendBytes: 8003 (increment)
[clickhouse-builder-0.clickhouse-builder.ch-builder.svc.cluster.local] 2026.05.13 01:31:47 [ 0 ] GCSReadMicroseconds: 1219 (increment)
[clickhouse-builder-0.clickhouse-builder.ch-builder.svc.cluster.local] 2026.05.13 01:31:47 [ 0 ] GCSReadRequestsCount: 12 (increment)
[clickhouse-builder-0.clickhouse-builder.ch-builder.svc.cluster.local] 2026.05.13 01:31:47 [ 0 ] GCSReadRequestAttempts: 12 (increment)
[clickhouse-builder-0.clickhouse-builder.ch-builder.svc.cluster.local] 2026.05.13 01:31:47 [ 0 ] DiskGCSReadMicroseconds: 1219 (increment)
[clickhouse-builder-0.clickhouse-builder.ch-builder.svc.cluster.local] 2026.05.13 01:31:47 [ 0 ] DiskGCSReadRequestsCount: 12 (increment)
[clickhouse-builder-0.clickhouse-builder.ch-builder.svc.cluster.local] 2026.05.13 01:31:47 [ 0 ] DiskGCSReadRequestAttempts: 12 (increment)
[clickhouse-builder-0.clickhouse-builder.ch-builder.svc.cluster.local] 2026.05.13 01:31:47 [ 0 ] GCSReadObject: 12 (increment)
[clickhouse-builder-0.clickhouse-builder.ch-builder.svc.cluster.local] 2026.05.13 01:31:47 [ 0 ] DiskGCSReadObject: 12 (increment)
[clickhouse-builder-0.clickhouse-builder.ch-builder.svc.cluster.local] 2026.05.13 01:31:47 [ 0 ] ReadBufferFromGCSMicroseconds: 1269575 (increment)
[clickhouse-builder-0.clickhouse-builder.ch-builder.svc.cluster.local] 2026.05.13 01:31:47 [ 0 ] ReadBufferFromGCSInitMicroseconds: 1264 (increment)
[clickhouse-builder-0.clickhouse-builder.ch-builder.svc.cluster.local] 2026.05.13 01:31:47 [ 0 ] ReadBufferFromGCSBytes: 1350802 (increment)
[clickhouse-builder-0.clickhouse-builder.ch-builder.svc.cluster.local] 2026.05.13 01:31:47 [ 0 ] InterfaceNativeSendBytes: 8003 (increment)
[clickhouse-builder-0.clickhouse-builder.ch-builder.svc.cluster.local] 2026.05.13 01:31:47 [ 0 ] MemoryTrackerUsage: 174624 (gauge)
[clickhouse-builder-0.clickhouse-builder.ch-builder.svc.cluster.local] 2026.05.13 01:31:47 [ 0 ] MemoryTrackerPeakUsage: 174624 (gauge)
[clickhouse-builder-0.clickhouse-builder.ch-builder.svc.cluster.local] 2026.05.13 01:31:47 [ 0 ] ReadCompressedBytes: 1461410 (increment)
[clickhouse-builder-0.clickhouse-builder.ch-builder.svc.cluster.local] 2026.05.13 01:31:47 [ 0 ] CompressedReadBufferBlocks: 33 (increment)
[clickhouse-builder-0.clickhouse-builder.ch-builder.svc.cluster.local] 2026.05.13 01:31:47 [ 0 ] CompressedReadBufferBytes: 2162688 (increment)
[clickhouse-builder-0.clickhouse-builder.ch-builder.svc.cluster.local] 2026.05.13 01:31:47 [ 0 ] IOBufferAllocs: 63 (increment)
[clickhouse-builder-0.clickhouse-builder.ch-builder.svc.cluster.local] 2026.05.13 01:31:47 [ 0 ] IOBufferAllocBytes: 18427780 (increment)
[clickhouse-builder-0.clickhouse-builder.ch-builder.svc.cluster.local] 2026.05.13 01:31:47 [ 0 ] NetworkReceiveElapsedMicroseconds: 1 (increment)
[clickhouse-builder-0.clickhouse-builder.ch-builder.svc.cluster.local] 2026.05.13 01:31:47 [ 0 ] NetworkSendElapsedMicroseconds: 25 (increment)
[clickhouse-builder-0.clickhouse-builder.ch-builder.svc.cluster.local] 2026.05.13 01:31:47 [ 0 ] NetworkSendBytes: 2647 (increment)
[clickhouse-builder-0.clickhouse-builder.ch-builder.svc.cluster.local] 2026.05.13 01:31:47 [ 0 ] GCSReadMicroseconds: 4708 (increment)
[clickhouse-builder-0.clickhouse-builder.ch-builder.svc.cluster.local] 2026.05.13 01:31:47 [ 0 ] GCSReadRequestsCount: 33 (increment)
[clickhouse-builder-0.clickhouse-builder.ch-builder.svc.cluster.local] 2026.05.13 01:31:47 [ 0 ] GCSReadRequestAttempts: 33 (increment)
[clickhouse-builder-0.clickhouse-builder.ch-builder.svc.cluster.local] 2026.05.13 01:31:47 [ 0 ] DiskGCSReadMicroseconds: 4708 (increment)
[clickhouse-builder-0.clickhouse-builder.ch-builder.svc.cluster.local] 2026.05.13 01:31:47 [ 0 ] DiskGCSReadRequestsCount: 33 (increment)
[clickhouse-builder-0.clickhouse-builder.ch-builder.svc.cluster.local] 2026.05.13 01:31:47 [ 0 ] DiskGCSReadRequestAttempts: 33 (increment)
[clickhouse-builder-0.clickhouse-builder.ch-builder.svc.cluster.local] 2026.05.13 01:31:47 [ 0 ] GCSReadObject: 33 (increment)
[clickhouse-builder-0.clickhouse-builder.ch-builder.svc.cluster.local] 2026.05.13 01:31:47 [ 0 ] DiskGCSReadObject: 33 (increment)
[clickhouse-builder-0.clickhouse-builder.ch-builder.svc.cluster.local] 2026.05.13 01:31:47 [ 0 ] ReadBufferFromGCSMicroseconds: 7595166 (increment)
[clickhouse-builder-0.clickhouse-builder.ch-builder.svc.cluster.local] 2026.05.13 01:31:47 [ 0 ] ReadBufferFromGCSInitMicroseconds: 4846 (increment)
[clickhouse-builder-0.clickhouse-builder.ch-builder.svc.cluster.local] 2026.05.13 01:31:47 [ 0 ] ReadBufferFromGCSBytes: 4905149 (increment)
[clickhouse-builder-0.clickhouse-builder.ch-builder.svc.cluster.local] 2026.05.13 01:31:47 [ 0 ] InterfaceNativeSendBytes: 2647 (increment)
[clickhouse-builder-0.clickhouse-builder.ch-builder.svc.cluster.local] 2026.05.13 01:31:47 [ 0 ] MemoryTrackerUsage: 174624 (gauge)
[clickhouse-builder-0.clickhouse-builder.ch-builder.svc.cluster.local] 2026.05.13 01:31:47 [ 0 ] MemoryTrackerPeakUsage: 174624 (gauge)
[clickhouse-builder-0.clickhouse-builder.ch-builder.svc.cluster.local] 2026.05.13 01:31:47 [ 0 ] ReadCompressedBytes: 1245659 (increment)
[clickhouse-builder-0.clickhouse-builder.ch-builder.svc.cluster.local] 2026.05.13 01:31:47 [ 0 ] CompressedReadBufferBlocks: 19 (increment)
[clickhouse-builder-0.clickhouse-builder.ch-builder.svc.cluster.local] 2026.05.13 01:31:47 [ 0 ] CompressedReadBufferBytes: 1245184 (increment)
[clickhouse-builder-0.clickhouse-builder.ch-builder.svc.cluster.local] 2026.05.13 01:31:47 [ 0 ] IOBufferAllocs: 19 (increment)
[clickhouse-builder-0.clickhouse-builder.ch-builder.svc.cluster.local] 2026.05.13 01:31:47 [ 0 ] IOBufferAllocBytes: 5442760 (increment)
[clickhouse-builder-0.clickhouse-builder.ch-builder.svc.cluster.local] 2026.05.13 01:31:47 [ 0 ] NetworkReceiveElapsedMicroseconds: 2 (increment)
[clickhouse-builder-0.clickhouse-builder.ch-builder.svc.cluster.local] 2026.05.13 01:31:47 [ 0 ] NetworkSendElapsedMicroseconds: 34 (increment)
[clickhouse-builder-0.clickhouse-builder.ch-builder.svc.cluster.local] 2026.05.13 01:31:47 [ 0 ] NetworkSendBytes: 2647 (increment)
[clickhouse-builder-0.clickhouse-builder.ch-builder.svc.cluster.local] 2026.05.13 01:31:47 [ 0 ] GCSReadMicroseconds: 2072 (increment)
[clickhouse-builder-0.clickhouse-builder.ch-builder.svc.cluster.local] 2026.05.13 01:31:47 [ 0 ] GCSReadRequestsCount: 19 (increment)
[clickhouse-builder-0.clickhouse-builder.ch-builder.svc.cluster.local] 2026.05.13 01:31:47 [ 0 ] GCSReadRequestAttempts: 19 (increment)
[clickhouse-builder-0.clickhouse-builder.ch-builder.svc.cluster.local] 2026.05.13 01:31:47 [ 0 ] DiskGCSReadMicroseconds: 2072 (increment)
[clickhouse-builder-0.clickhouse-builder.ch-builder.svc.cluster.local] 2026.05.13 01:31:47 [ 0 ] DiskGCSReadRequestsCount: 19 (increment)
[clickhouse-builder-0.clickhouse-builder.ch-builder.svc.cluster.local] 2026.05.13 01:31:47 [ 0 ] DiskGCSReadRequestAttempts: 19 (increment)
[clickhouse-builder-0.clickhouse-builder.ch-builder.svc.cluster.local] 2026.05.13 01:31:47 [ 0 ] GCSReadObject: 19 (increment)
[clickhouse-builder-0.clickhouse-builder.ch-builder.svc.cluster.local] 2026.05.13 01:31:47 [ 0 ] DiskGCSReadObject: 19 (increment)
[clickhouse-builder-0.clickhouse-builder.ch-builder.svc.cluster.local] 2026.05.13 01:31:47 [ 0 ] ReadBufferFromGCSMicroseconds: 4122038 (increment)
[clickhouse-builder-0.clickhouse-builder.ch-builder.svc.cluster.local] 2026.05.13 01:31:47 [ 0 ] ReadBufferFromGCSInitMicroseconds: 2155 (increment)
[clickhouse-builder-0.clickhouse-builder.ch-builder.svc.cluster.local] 2026.05.13 01:31:47 [ 0 ] ReadBufferFromGCSBytes: 9375223 (increment)
[clickhouse-builder-0.clickhouse-builder.ch-builder.svc.cluster.local] 2026.05.13 01:31:47 [ 0 ] InterfaceNativeSendBytes: 2647 (increment)
[clickhouse-builder-0.clickhouse-builder.ch-builder.svc.cluster.local] 2026.05.13 01:31:47 [ 0 ] MemoryTrackerUsage: 174624 (gauge)
[clickhouse-builder-0.clickhouse-builder.ch-builder.svc.cluster.local] 2026.05.13 01:31:47 [ 0 ] MemoryTrackerPeakUsage: 174624 (gauge)
[clickhouse-builder-0.clickhouse-builder.ch-builder.svc.cluster.local] 2026.05.13 01:31:47 [ 0 ] ReadCompressedBytes: 1573464 (increment)
[clickhouse-builder-0.clickhouse-builder.ch-builder.svc.cluster.local] 2026.05.13 01:31:47 [ 0 ] CompressedReadBufferBlocks: 24 (increment)
[clickhouse-builder-0.clickhouse-builder.ch-builder.svc.cluster.local] 2026.05.13 01:31:47 [ 0 ] CompressedReadBufferBytes: 1572864 (increment)
[clickhouse-builder-0.clickhouse-builder.ch-builder.svc.cluster.local] 2026.05.13 01:31:47 [ 0 ] IOBufferAllocs: 30 (increment)
[clickhouse-builder-0.clickhouse-builder.ch-builder.svc.cluster.local] 2026.05.13 01:31:47 [ 0 ] IOBufferAllocBytes: 8590231 (increment)
[clickhouse-builder-0.clickhouse-builder.ch-builder.svc.cluster.local] 2026.05.13 01:31:47 [ 0 ] NetworkReceiveElapsedMicroseconds: 1 (increment)
[clickhouse-builder-0.clickhouse-builder.ch-builder.svc.cluster.local] 2026.05.13 01:31:47 [ 0 ] NetworkSendElapsedMicroseconds: 30 (increment)
[clickhouse-builder-0.clickhouse-builder.ch-builder.svc.cluster.local] 2026.05.13 01:31:47 [ 0 ] NetworkSendBytes: 2647 (increment)
[clickhouse-builder-0.clickhouse-builder.ch-builder.svc.cluster.local] 2026.05.13 01:31:47 [ 0 ] GCSReadMicroseconds: 2660 (increment)
[clickhouse-builder-0.clickhouse-builder.ch-builder.svc.cluster.local] 2026.05.13 01:31:47 [ 0 ] GCSReadRequestsCount: 24 (increment)
[clickhouse-builder-0.clickhouse-builder.ch-builder.svc.cluster.local] 2026.05.13 01:31:47 [ 0 ] GCSReadRequestAttempts: 24 (increment)
[clickhouse-builder-0.clickhouse-builder.ch-builder.svc.cluster.local] 2026.05.13 01:31:47 [ 0 ] DiskGCSReadMicroseconds: 2660 (increment)
[clickhouse-builder-0.clickhouse-builder.ch-builder.svc.cluster.local] 2026.05.13 01:31:47 [ 0 ] DiskGCSReadRequestsCount: 24 (increment)
[clickhouse-builder-0.clickhouse-builder.ch-builder.svc.cluster.local] 2026.05.13 01:31:47 [ 0 ] DiskGCSReadRequestAttempts: 24 (increment)
[clickhouse-builder-0.clickhouse-builder.ch-builder.svc.cluster.local] 2026.05.13 01:31:47 [ 0 ] GCSReadObject: 24 (increment)
[clickhouse-builder-0.clickhouse-builder.ch-builder.svc.cluster.local] 2026.05.13 01:31:47 [ 0 ] DiskGCSReadObject: 24 (increment)
[clickhouse-builder-0.clickhouse-builder.ch-builder.svc.cluster.local] 2026.05.13 01:31:47 [ 0 ] ReadBufferFromGCSMicroseconds: 4591632 (increment)
[clickhouse-builder-0.clickhouse-builder.ch-builder.svc.cluster.local] 2026.05.13 01:31:47 [ 0 ] ReadBufferFromGCSInitMicroseconds: 2759 (increment)
[clickhouse-builder-0.clickhouse-builder.ch-builder.svc.cluster.local] 2026.05.13 01:31:47 [ 0 ] ReadBufferFromGCSBytes: 11210931 (increment)
[clickhouse-builder-0.clickhouse-builder.ch-builder.svc.cluster.local] 2026.05.13 01:31:47 [ 0 ] InterfaceNativeSendBytes: 2647 (increment)
[clickhouse-builder-0.clickhouse-builder.ch-builder.svc.cluster.local] 2026.05.13 01:31:47 [ 0 ] MemoryTrackerUsage: 174624 (gauge)
[clickhouse-builder-0.clickhouse-builder.ch-builder.svc.cluster.local] 2026.05.13 01:31:47 [ 0 ] MemoryTrackerPeakUsage: 174624 (gauge)
[clickhouse-builder-0.clickhouse-builder.ch-builder.svc.cluster.local] 2026.05.13 01:31:47 [ 0 ] ReadCompressedBytes: 2163513 (increment)
[clickhouse-builder-0.clickhouse-builder.ch-builder.svc.cluster.local] 2026.05.13 01:31:47 [ 0 ] CompressedReadBufferBlocks: 33 (increment)
[clickhouse-builder-0.clickhouse-builder.ch-builder.svc.cluster.local] 2026.05.13 01:31:47 [ 0 ] CompressedReadBufferBytes: 2162688 (increment)
[clickhouse-builder-0.clickhouse-builder.ch-builder.svc.cluster.local] 2026.05.13 01:31:47 [ 0 ] IOBufferAllocs: 58 (increment)
[clickhouse-builder-0.clickhouse-builder.ch-builder.svc.cluster.local] 2026.05.13 01:31:47 [ 0 ] IOBufferAllocBytes: 16589962 (increment)
[clickhouse-builder-0.clickhouse-builder.ch-builder.svc.cluster.local] 2026.05.13 01:31:47 [ 0 ] NetworkReceiveElapsedMicroseconds: 1 (increment)
[clickhouse-builder-0.clickhouse-builder.ch-builder.svc.cluster.local] 2026.05.13 01:31:47 [ 0 ] NetworkSendElapsedMicroseconds: 26 (increment)
[clickhouse-builder-0.clickhouse-builder.ch-builder.svc.cluster.local] 2026.05.13 01:31:47 [ 0 ] NetworkSendBytes: 2647 (increment)
[clickhouse-builder-0.clickhouse-builder.ch-builder.svc.cluster.local] 2026.05.13 01:31:47 [ 0 ] GCSReadMicroseconds: 3392 (increment)
[clickhouse-builder-0.clickhouse-builder.ch-builder.svc.cluster.local] 2026.05.13 01:31:47 [ 0 ] GCSReadRequestsCount: 33 (increment)
[clickhouse-builder-0.clickhouse-builder.ch-builder.svc.cluster.local] 2026.05.13 01:31:47 [ 0 ] GCSReadRequestAttempts: 33 (increment)
[clickhouse-builder-0.clickhouse-builder.ch-builder.svc.cluster.local] 2026.05.13 01:31:47 [ 0 ] DiskGCSReadMicroseconds: 3392 (increment)
[clickhouse-builder-0.clickhouse-builder.ch-builder.svc.cluster.local] 2026.05.13 01:31:47 [ 0 ] DiskGCSReadRequestsCount: 33 (increment)
[clickhouse-builder-0.clickhouse-builder.ch-builder.svc.cluster.local] 2026.05.13 01:31:47 [ 0 ] DiskGCSReadRequestAttempts: 33 (increment)
[clickhouse-builder-0.clickhouse-builder.ch-builder.svc.cluster.local] 2026.05.13 01:31:47 [ 0 ] GCSReadObject: 33 (increment)
[clickhouse-builder-0.clickhouse-builder.ch-builder.svc.cluster.local] 2026.05.13 01:31:47 [ 0 ] DiskGCSReadObject: 33 (increment)
[clickhouse-builder-0.clickhouse-builder.ch-builder.svc.cluster.local] 2026.05.13 01:31:47 [ 0 ] ReadBufferFromGCSMicroseconds: 6769902 (increment)
[clickhouse-builder-0.clickhouse-builder.ch-builder.svc.cluster.local] 2026.05.13 01:31:47 [ 0 ] ReadBufferFromGCSInitMicroseconds: 3525 (increment)
[clickhouse-builder-0.clickhouse-builder.ch-builder.svc.cluster.local] 2026.05.13 01:31:47 [ 0 ] ReadBufferFromGCSBytes: 11276492 (increment)
[clickhouse-builder-0.clickhouse-builder.ch-builder.svc.cluster.local] 2026.05.13 01:31:47 [ 0 ] InterfaceNativeSendBytes: 2647 (increment)
[clickhouse-builder-0.clickhouse-builder.ch-builder.svc.cluster.local] 2026.05.13 01:31:47 [ 0 ] MemoryTrackerUsage: 174624 (gauge)
[clickhouse-builder-0.clickhouse-builder.ch-builder.svc.cluster.local] 2026.05.13 01:31:47 [ 0 ] MemoryTrackerPeakUsage: 174624 (gauge)
[clickhouse-builder-0.clickhouse-builder.ch-builder.svc.cluster.local] 2026.05.13 01:31:47 [ 0 ] ReadCompressedBytes: 917854 (increment)
[clickhouse-builder-0.clickhouse-builder.ch-builder.svc.cluster.local] 2026.05.13 01:31:47 [ 0 ] CompressedReadBufferBlocks: 14 (increment)
[clickhouse-builder-0.clickhouse-builder.ch-builder.svc.cluster.local] 2026.05.13 01:31:47 [ 0 ] CompressedReadBufferBytes: 917504 (increment)
[clickhouse-builder-0.clickhouse-builder.ch-builder.svc.cluster.local] 2026.05.13 01:31:47 [ 0 ] IOBufferAllocs: 26 (increment)
[clickhouse-builder-0.clickhouse-builder.ch-builder.svc.cluster.local] 2026.05.13 01:31:47 [ 0 ] IOBufferAllocBytes: 9179078 (increment)
[clickhouse-builder-0.clickhouse-builder.ch-builder.svc.cluster.local] 2026.05.13 01:31:47 [ 0 ] NetworkReceiveElapsedMicroseconds: 1 (increment)
[clickhouse-builder-0.clickhouse-builder.ch-builder.svc.cluster.local] 2026.05.13 01:31:47 [ 0 ] NetworkSendElapsedMicroseconds: 23 (increment)
[clickhouse-builder-0.clickhouse-builder.ch-builder.svc.cluster.local] 2026.05.13 01:31:47 [ 0 ] NetworkSendBytes: 2647 (increment)
[clickhouse-builder-0.clickhouse-builder.ch-builder.svc.cluster.local] 2026.05.13 01:31:47 [ 0 ] GCSReadMicroseconds: 1584 (increment)
[clickhouse-builder-0.clickhouse-builder.ch-builder.svc.cluster.local] 2026.05.13 01:31:47 [ 0 ] GCSReadRequestsCount: 14 (increment)
[clickhouse-builder-0.clickhouse-builder.ch-builder.svc.cluster.local] 2026.05.13 01:31:47 [ 0 ] GCSReadRequestAttempts: 14 (increment)
[clickhouse-builder-0.clickhouse-builder.ch-builder.svc.cluster.local] 2026.05.13 01:31:47 [ 0 ] DiskGCSReadMicroseconds: 1584 (increment)
[clickhouse-builder-0.clickhouse-builder.ch-builder.svc.cluster.local] 2026.05.13 01:31:47 [ 0 ] DiskGCSReadRequestsCount: 14 (increment)
[clickhouse-builder-0.clickhouse-builder.ch-builder.svc.cluster.local] 2026.05.13 01:31:47 [ 0 ] DiskGCSReadRequestAttempts: 14 (increment)
[clickhouse-builder-0.clickhouse-builder.ch-builder.svc.cluster.local] 2026.05.13 01:31:47 [ 0 ] GCSReadObject: 14 (increment)
[clickhouse-builder-0.clickhouse-builder.ch-builder.svc.cluster.local] 2026.05.13 01:31:47 [ 0 ] DiskGCSReadObject: 14 (increment)
[clickhouse-builder-0.clickhouse-builder.ch-builder.svc.cluster.local] 2026.05.13 01:31:47 [ 0 ] ReadBufferFromGCSMicroseconds: 2316859 (increment)
[clickhouse-builder-0.clickhouse-builder.ch-builder.svc.cluster.local] 2026.05.13 01:31:47 [ 0 ] ReadBufferFromGCSInitMicroseconds: 1638 (increment)
[clickhouse-builder-0.clickhouse-builder.ch-builder.svc.cluster.local] 2026.05.13 01:31:47 [ 0 ] ReadBufferFromGCSBytes: 4327026 (increment)
[clickhouse-builder-0.clickhouse-builder.ch-builder.svc.cluster.local] 2026.05.13 01:31:47 [ 0 ] InterfaceNativeSendBytes: 2647 (increment)
[clickhouse-builder-0.clickhouse-builder.ch-builder.svc.cluster.local] 2026.05.13 01:31:47 [ 0 ] MemoryTrackerUsage: 9847280 (gauge)
[clickhouse-builder-0.clickhouse-builder.ch-builder.svc.cluster.local] 2026.05.13 01:31:47 [ 0 ] MemoryTrackerPeakUsage: 9847280 (gauge)
[clickhouse-builder-0.clickhouse-builder.ch-builder.svc.cluster.local] 2026.05.13 01:31:47 [ 0 ] ReadCompressedBytes: 1704586 (increment)
[clickhouse-builder-0.clickhouse-builder.ch-builder.svc.cluster.local] 2026.05.13 01:31:47 [ 0 ] CompressedReadBufferBlocks: 26 (increment)
[clickhouse-builder-0.clickhouse-builder.ch-builder.svc.cluster.local] 2026.05.13 01:31:47 [ 0 ] CompressedReadBufferBytes: 1703936 (increment)
[clickhouse-builder-0.clickhouse-builder.ch-builder.svc.cluster.local] 2026.05.13 01:31:47 [ 0 ] IOBufferAllocs: 31 (increment)
[clickhouse-builder-0.clickhouse-builder.ch-builder.svc.cluster.local] 2026.05.13 01:31:47 [ 0 ] IOBufferAllocBytes: 24972169 (increment)
[clickhouse-builder-0.clickhouse-builder.ch-builder.svc.cluster.local] 2026.05.13 01:31:47 [ 0 ] NetworkReceiveElapsedMicroseconds: 2 (increment)
[clickhouse-builder-0.clickhouse-builder.ch-builder.svc.cluster.local] 2026.05.13 01:31:47 [ 0 ] NetworkSendElapsedMicroseconds: 34 (increment)
[clickhouse-builder-0.clickhouse-builder.ch-builder.svc.cluster.local] 2026.05.13 01:31:47 [ 0 ] NetworkSendBytes: 2647 (increment)
[clickhouse-builder-0.clickhouse-builder.ch-builder.svc.cluster.local] 2026.05.13 01:31:47 [ 0 ] GCSReadMicroseconds: 2866 (increment)
[clickhouse-builder-0.clickhouse-builder.ch-builder.svc.cluster.local] 2026.05.13 01:31:47 [ 0 ] GCSReadRequestsCount: 26 (increment)
[clickhouse-builder-0.clickhouse-builder.ch-builder.svc.cluster.local] 2026.05.13 01:31:47 [ 0 ] GCSReadRequestAttempts: 26 (increment)
[clickhouse-builder-0.clickhouse-builder.ch-builder.svc.cluster.local] 2026.05.13 01:31:47 [ 0 ] DiskGCSReadMicroseconds: 2866 (increment)
[clickhouse-builder-0.clickhouse-builder.ch-builder.svc.cluster.local] 2026.05.13 01:31:47 [ 0 ] DiskGCSReadRequestsCount: 26 (increment)
[clickhouse-builder-0.clickhouse-builder.ch-builder.svc.cluster.local] 2026.05.13 01:31:47 [ 0 ] DiskGCSReadRequestAttempts: 26 (increment)
[clickhouse-builder-0.clickhouse-builder.ch-builder.svc.cluster.local] 2026.05.13 01:31:47 [ 0 ] GCSReadObject: 26 (increment)
[clickhouse-builder-0.clickhouse-builder.ch-builder.svc.cluster.local] 2026.05.13 01:31:47 [ 0 ] DiskGCSReadObject: 26 (increment)
[clickhouse-builder-0.clickhouse-builder.ch-builder.svc.cluster.local] 2026.05.13 01:31:47 [ 0 ] ReadBufferFromGCSMicroseconds: 5638561 (increment)
[clickhouse-builder-0.clickhouse-builder.ch-builder.svc.cluster.local] 2026.05.13 01:31:47 [ 0 ] ReadBufferFromGCSInitMicroseconds: 2974 (increment)
[clickhouse-builder-0.clickhouse-builder.ch-builder.svc.cluster.local] 2026.05.13 01:31:47 [ 0 ] ReadBufferFromGCSBytes: 12128785 (increment)
[clickhouse-builder-0.clickhouse-builder.ch-builder.svc.cluster.local] 2026.05.13 01:31:47 [ 0 ] InterfaceNativeSendBytes: 2647 (increment)
[clickhouse-builder-0.clickhouse-builder.ch-builder.svc.cluster.local] 2026.05.13 01:31:47 [ 0 ] MemoryTrackerUsage: 113736335 (gauge)
[clickhouse-builder-0.clickhouse-builder.ch-builder.svc.cluster.local] 2026.05.13 01:31:47 [ 0 ] MemoryTrackerPeakUsage: 113736335 (gauge)
[clickhouse-builder-0.clickhouse-builder.ch-builder.svc.cluster.local] 2026.05.13 01:31:47 [ 0 ] ReadCompressedBytes: 1311220 (increment)
[clickhouse-builder-0.clickhouse-builder.ch-builder.svc.cluster.local] 2026.05.13 01:31:47 [ 0 ] CompressedReadBufferBlocks: 20 (increment)
[clickhouse-builder-0.clickhouse-builder.ch-builder.svc.cluster.local] 2026.05.13 01:31:47 [ 0 ] CompressedReadBufferBytes: 1310720 (increment)
[clickhouse-builder-0.clickhouse-builder.ch-builder.svc.cluster.local] 2026.05.13 01:31:47 [ 0 ] IOBufferAllocs: 20 (increment)
[clickhouse-builder-0.clickhouse-builder.ch-builder.svc.cluster.local] 2026.05.13 01:31:47 [ 0 ] IOBufferAllocBytes: 20972780 (increment)
[clickhouse-builder-0.clickhouse-builder.ch-builder.svc.cluster.local] 2026.05.13 01:31:47 [ 0 ] NetworkReceiveElapsedMicroseconds: 1 (increment)
[clickhouse-builder-0.clickhouse-builder.ch-builder.svc.cluster.local] 2026.05.13 01:31:47 [ 0 ] NetworkSendElapsedMicroseconds: 21 (increment)
[clickhouse-builder-0.clickhouse-builder.ch-builder.svc.cluster.local] 2026.05.13 01:31:47 [ 0 ] NetworkSendBytes: 2647 (increment)
[clickhouse-builder-0.clickhouse-builder.ch-builder.svc.cluster.local] 2026.05.13 01:31:47 [ 0 ] GCSReadMicroseconds: 2311 (increment)
[clickhouse-builder-0.clickhouse-builder.ch-builder.svc.cluster.local] 2026.05.13 01:31:47 [ 0 ] GCSReadRequestsCount: 20 (increment)
[clickhouse-builder-0.clickhouse-builder.ch-builder.svc.cluster.local] 2026.05.13 01:31:47 [ 0 ] GCSReadRequestAttempts: 20 (increment)
[clickhouse-builder-0.clickhouse-builder.ch-builder.svc.cluster.local] 2026.05.13 01:31:47 [ 0 ] DiskGCSReadMicroseconds: 2311 (increment)
[clickhouse-builder-0.clickhouse-builder.ch-builder.svc.cluster.local] 2026.05.13 01:31:47 [ 0 ] DiskGCSReadRequestsCount: 20 (increment)
[clickhouse-builder-0.clickhouse-builder.ch-builder.svc.cluster.local] 2026.05.13 01:31:47 [ 0 ] DiskGCSReadRequestAttempts: 20 (increment)
[clickhouse-builder-0.clickhouse-builder.ch-builder.svc.cluster.local] 2026.05.13 01:31:47 [ 0 ] GCSReadObject: 20 (increment)
[clickhouse-builder-0.clickhouse-builder.ch-builder.svc.cluster.local] 2026.05.13 01:31:47 [ 0 ] DiskGCSReadObject: 20 (increment)
[clickhouse-builder-0.clickhouse-builder.ch-builder.svc.cluster.local] 2026.05.13 01:31:47 [ 0 ] ReadBufferFromGCSMicroseconds: 4562228 (increment)
[clickhouse-builder-0.clickhouse-builder.ch-builder.svc.cluster.local] 2026.05.13 01:31:47 [ 0 ] ReadBufferFromGCSInitMicroseconds: 2394 (increment)
[clickhouse-builder-0.clickhouse-builder.ch-builder.svc.cluster.local] 2026.05.13 01:31:47 [ 0 ] ReadBufferFromGCSBytes: 10489760 (increment)
[clickhouse-builder-0.clickhouse-builder.ch-builder.svc.cluster.local] 2026.05.13 01:31:47 [ 0 ] InterfaceNativeSendBytes: 2647 (increment)
[clickhouse-builder-0.clickhouse-builder.ch-builder.svc.cluster.local] 2026.05.13 01:31:47 [ 0 ] MemoryTrackerUsage: 213327081 (gauge)
[clickhouse-builder-0.clickhouse-builder.ch-builder.svc.cluster.local] 2026.05.13 01:31:47 [ 0 ] MemoryTrackerPeakUsage: 213327081 (gauge)
[clickhouse-builder-0.clickhouse-builder.ch-builder.svc.cluster.local] 2026.05.13 01:31:47 [ 0 ] ReadCompressedBytes: 11226491 (increment)
[clickhouse-builder-0.clickhouse-builder.ch-builder.svc.cluster.local] 2026.05.13 01:31:47 [ 0 ] CompressedReadBufferBlocks: 37 (increment)
[clickhouse-builder-0.clickhouse-builder.ch-builder.svc.cluster.local] 2026.05.13 01:31:47 [ 0 ] CompressedReadBufferBytes: 11272192 (increment)
[clickhouse-builder-0.clickhouse-builder.ch-builder.svc.cluster.local] 2026.05.13 01:31:47 [ 0 ] IOBufferAllocs: 4 (increment)
[clickhouse-builder-0.clickhouse-builder.ch-builder.svc.cluster.local] 2026.05.13 01:31:47 [ 0 ] IOBufferAllocBytes: 4194556 (increment)
[clickhouse-builder-0.clickhouse-builder.ch-builder.svc.cluster.local] 2026.05.13 01:31:47 [ 0 ] NetworkReceiveElapsedMicroseconds: 1 (increment)
[clickhouse-builder-0.clickhouse-builder.ch-builder.svc.cluster.local] 2026.05.13 01:31:47 [ 0 ] NetworkSendElapsedMicroseconds: 21 (increment)
[clickhouse-builder-0.clickhouse-builder.ch-builder.svc.cluster.local] 2026.05.13 01:31:47 [ 0 ] NetworkSendBytes: 2655 (increment)
[clickhouse-builder-0.clickhouse-builder.ch-builder.svc.cluster.local] 2026.05.13 01:31:47 [ 0 ] SelectedRows: 73728 (increment)
[clickhouse-builder-0.clickhouse-builder.ch-builder.svc.cluster.local] 2026.05.13 01:31:47 [ 0 ] SelectedBytes: 10690560 (increment)
[clickhouse-builder-0.clickhouse-builder.ch-builder.svc.cluster.local] 2026.05.13 01:31:47 [ 0 ] RowsReadByMainReader: 73728 (increment)
[clickhouse-builder-0.clickhouse-builder.ch-builder.svc.cluster.local] 2026.05.13 01:31:47 [ 0 ] RealTimeMicroseconds: 8761454 (increment)
[clickhouse-builder-0.clickhouse-builder.ch-builder.svc.cluster.local] 2026.05.13 01:31:47 [ 0 ] UserTimeMicroseconds: 13488 (increment)
[clickhouse-builder-0.clickhouse-builder.ch-builder.svc.cluster.local] 2026.05.13 01:31:47 [ 0 ] SystemTimeMicroseconds: 8904 (increment)
[clickhouse-builder-0.clickhouse-builder.ch-builder.svc.cluster.local] 2026.05.13 01:31:47 [ 0 ] SoftPageFaults: 4123 (increment)
[clickhouse-builder-0.clickhouse-builder.ch-builder.svc.cluster.local] 2026.05.13 01:31:47 [ 0 ] OSCPUWaitMicroseconds: 5 (increment)
[clickhouse-builder-0.clickhouse-builder.ch-builder.svc.cluster.local] 2026.05.13 01:31:47 [ 0 ] OSCPUVirtualTimeMicroseconds: 22387 (increment)
[clickhouse-builder-0.clickhouse-builder.ch-builder.svc.cluster.local] 2026.05.13 01:31:47 [ 0 ] OSReadChars: 7590 (increment)
[clickhouse-builder-0.clickhouse-builder.ch-builder.svc.cluster.local] 2026.05.13 01:31:47 [ 0 ] GCSReadMicroseconds: 932 (increment)
[clickhouse-builder-0.clickhouse-builder.ch-builder.svc.cluster.local] 2026.05.13 01:31:47 [ 0 ] GCSReadRequestsCount: 4 (increment)
[clickhouse-builder-0.clickhouse-builder.ch-builder.svc.cluster.local] 2026.05.13 01:31:47 [ 0 ] GCSReadRequestAttempts: 4 (increment)
[clickhouse-builder-0.clickhouse-builder.ch-builder.svc.cluster.local] 2026.05.13 01:31:47 [ 0 ] DiskGCSReadMicroseconds: 932 (increment)
[clickhouse-builder-0.clickhouse-builder.ch-builder.svc.cluster.local] 2026.05.13 01:31:47 [ 0 ] DiskGCSReadRequestsCount: 4 (increment)
[clickhouse-builder-0.clickhouse-builder.ch-builder.svc.cluster.local] 2026.05.13 01:31:47 [ 0 ] DiskGCSReadRequestAttempts: 4 (increment)
[clickhouse-builder-0.clickhouse-builder.ch-builder.svc.cluster.local] 2026.05.13 01:31:47 [ 0 ] GCSReadObject: 4 (increment)
[clickhouse-builder-0.clickhouse-builder.ch-builder.svc.cluster.local] 2026.05.13 01:31:47 [ 0 ] DiskGCSReadObject: 4 (increment)
[clickhouse-builder-0.clickhouse-builder.ch-builder.svc.cluster.local] 2026.05.13 01:31:47 [ 0 ] ReadBufferFromGCSMicroseconds: 3119872 (increment)
[clickhouse-builder-0.clickhouse-builder.ch-builder.svc.cluster.local] 2026.05.13 01:31:47 [ 0 ] ReadBufferFromGCSInitMicroseconds: 949 (increment)
[clickhouse-builder-0.clickhouse-builder.ch-builder.svc.cluster.local] 2026.05.13 01:31:47 [ 0 ] ReadBufferFromGCSBytes: 20972320 (increment)
[clickhouse-builder-0.clickhouse-builder.ch-builder.svc.cluster.local] 2026.05.13 01:31:47 [ 0 ] MemoryAllocatedWithoutCheck: 8 (increment)
[clickhouse-builder-0.clickhouse-builder.ch-builder.svc.cluster.local] 2026.05.13 01:31:47 [ 0 ] MemoryAllocatedWithoutCheckBytes: 34418936 (increment)
[clickhouse-builder-0.clickhouse-builder.ch-builder.svc.cluster.local] 2026.05.13 01:31:47 [ 0 ] InterfaceNativeSendBytes: 2655 (increment)
[clickhouse-builder-0.clickhouse-builder.ch-builder.svc.cluster.local] 2026.05.13 01:31:47 [ 0 ] MemoryTrackerUsage: 237583676 (gauge)
[clickhouse-builder-0.clickhouse-builder.ch-builder.svc.cluster.local] 2026.05.13 01:31:47 [ 0 ] MemoryTrackerPeakUsage: 237583676 (gauge)
[clickhouse-builder-0.clickhouse-builder.ch-builder.svc.cluster.local] 2026.05.13 01:31:48 [ 0 ] ReadCompressedBytes: 34399561 (increment)
[clickhouse-builder-0.clickhouse-builder.ch-builder.svc.cluster.local] 2026.05.13 01:31:48 [ 0 ] CompressedReadBufferBlocks: 107 (increment)
[clickhouse-builder-0.clickhouse-builder.ch-builder.svc.cluster.local] 2026.05.13 01:31:48 [ 0 ] CompressedReadBufferBytes: 34537472 (increment)
[clickhouse-builder-0.clickhouse-builder.ch-builder.svc.cluster.local] 2026.05.13 01:31:48 [ 0 ] IOBufferAllocs: 1 (increment)
[clickhouse-builder-0.clickhouse-builder.ch-builder.svc.cluster.local] 2026.05.13 01:31:48 [ 0 ] IOBufferAllocBytes: 1048639 (increment)
[clickhouse-builder-0.clickhouse-builder.ch-builder.svc.cluster.local] 2026.05.13 01:31:48 [ 0 ] NetworkReceiveElapsedMicroseconds: 1 (increment)
[clickhouse-builder-0.clickhouse-builder.ch-builder.svc.cluster.local] 2026.05.13 01:31:48 [ 0 ] NetworkSendElapsedMicroseconds: 22 (increment)
[clickhouse-builder-0.clickhouse-builder.ch-builder.svc.cluster.local] 2026.05.13 01:31:48 [ 0 ] NetworkSendBytes: 3984 (increment)
[clickhouse-builder-0.clickhouse-builder.ch-builder.svc.cluster.local] 2026.05.13 01:31:48 [ 0 ] SelectedRows: 229376 (increment)
[clickhouse-builder-0.clickhouse-builder.ch-builder.svc.cluster.local] 2026.05.13 01:31:48 [ 0 ] SelectedBytes: 33259520 (increment)
[clickhouse-builder-0.clickhouse-builder.ch-builder.svc.cluster.local] 2026.05.13 01:31:48 [ 0 ] RowsReadByMainReader: 229376 (increment)
[clickhouse-builder-0.clickhouse-builder.ch-builder.svc.cluster.local] 2026.05.13 01:31:48 [ 0 ] RealTimeMicroseconds: 14473338 (increment)
[clickhouse-builder-0.clickhouse-builder.ch-builder.svc.cluster.local] 2026.05.13 01:31:48 [ 0 ] UserTimeMicroseconds: 26963 (increment)
[clickhouse-builder-0.clickhouse-builder.ch-builder.svc.cluster.local] 2026.05.13 01:31:48 [ 0 ] SystemTimeMicroseconds: 13728 (increment)
[clickhouse-builder-0.clickhouse-builder.ch-builder.svc.cluster.local] 2026.05.13 01:31:48 [ 0 ] SoftPageFaults: 7669 (increment)
[clickhouse-builder-0.clickhouse-builder.ch-builder.svc.cluster.local] 2026.05.13 01:31:48 [ 0 ] OSCPUWaitMicroseconds: 116 (increment)
[clickhouse-builder-0.clickhouse-builder.ch-builder.svc.cluster.local] 2026.05.13 01:31:48 [ 0 ] OSCPUVirtualTimeMicroseconds: 40677 (increment)
[clickhouse-builder-0.clickhouse-builder.ch-builder.svc.cluster.local] 2026.05.13 01:31:48 [ 0 ] OSReadChars: 15290 (increment)
[clickhouse-builder-0.clickhouse-builder.ch-builder.svc.cluster.local] 2026.05.13 01:31:48 [ 0 ] GCSReadMicroseconds: 5089 (increment)
[clickhouse-builder-0.clickhouse-builder.ch-builder.svc.cluster.local] 2026.05.13 01:31:48 [ 0 ] GCSReadRequestsCount: 1 (increment)
[clickhouse-builder-0.clickhouse-builder.ch-builder.svc.cluster.local] 2026.05.13 01:31:48 [ 0 ] GCSReadRequestAttempts: 1 (increment)
[clickhouse-builder-0.clickhouse-builder.ch-builder.svc.cluster.local] 2026.05.13 01:31:48 [ 0 ] DiskGCSReadMicroseconds: 5089 (increment)
[clickhouse-builder-0.clickhouse-builder.ch-builder.svc.cluster.local] 2026.05.13 01:31:48 [ 0 ] DiskGCSReadRequestsCount: 1 (increment)
[clickhouse-builder-0.clickhouse-builder.ch-builder.svc.cluster.local] 2026.05.13 01:31:48 [ 0 ] DiskGCSReadRequestAttempts: 1 (increment)
[clickhouse-builder-0.clickhouse-builder.ch-builder.svc.cluster.local] 2026.05.13 01:31:48 [ 0 ] GCSReadObject: 1 (increment)
[clickhouse-builder-0.clickhouse-builder.ch-builder.svc.cluster.local] 2026.05.13 01:31:48 [ 0 ] DiskGCSReadObject: 1 (increment)
[clickhouse-builder-0.clickhouse-builder.ch-builder.svc.cluster.local] 2026.05.13 01:31:48 [ 0 ] ReadBufferFromGCSMicroseconds: 4683493 (increment)
[clickhouse-builder-0.clickhouse-builder.ch-builder.svc.cluster.local] 2026.05.13 01:31:48 [ 0 ] ReadBufferFromGCSInitMicroseconds: 5093 (increment)
[clickhouse-builder-0.clickhouse-builder.ch-builder.svc.cluster.local] 2026.05.13 01:31:48 [ 0 ] ReadBufferFromGCSBytes: 43516104 (increment)
[clickhouse-builder-0.clickhouse-builder.ch-builder.svc.cluster.local] 2026.05.13 01:31:48 [ 0 ] MemoryAllocatedWithoutCheck: 32 (increment)
[clickhouse-builder-0.clickhouse-builder.ch-builder.svc.cluster.local] 2026.05.13 01:31:48 [ 0 ] MemoryAllocatedWithoutCheckBytes: 147631508 (increment)
[clickhouse-builder-0.clickhouse-builder.ch-builder.svc.cluster.local] 2026.05.13 01:31:48 [ 0 ] InterfaceNativeSendBytes: 3984 (increment)
[clickhouse-builder-0.clickhouse-builder.ch-builder.svc.cluster.local] 2026.05.13 01:31:48 [ 0 ] MemoryTrackerUsage: 227385914 (gauge)
[clickhouse-builder-0.clickhouse-builder.ch-builder.svc.cluster.local] 2026.05.13 01:31:48 [ 0 ] MemoryTrackerPeakUsage: 237583676 (gauge)
[clickhouse-builder-0.clickhouse-builder.ch-builder.svc.cluster.local] 2026.05.13 01:31:48 [ 0 ] ReadCompressedBytes: 67727610 (increment)
[clickhouse-builder-0.clickhouse-builder.ch-builder.svc.cluster.local] 2026.05.13 01:31:48 [ 0 ] CompressedReadBufferBlocks: 198 (increment)
[clickhouse-builder-0.clickhouse-builder.ch-builder.svc.cluster.local] 2026.05.13 01:31:48 [ 0 ] CompressedReadBufferBytes: 68026368 (increment)
[clickhouse-builder-0.clickhouse-builder.ch-builder.svc.cluster.local] 2026.05.13 01:31:48 [ 0 ] IOBufferAllocs: 2 (increment)
[clickhouse-builder-0.clickhouse-builder.ch-builder.svc.cluster.local] 2026.05.13 01:31:48 [ 0 ] IOBufferAllocBytes: 608970 (increment)
[clickhouse-builder-0.clickhouse-builder.ch-builder.svc.cluster.local] 2026.05.13 01:31:48 [ 0 ] NetworkReceiveElapsedMicroseconds: 2 (increment)
[clickhouse-builder-0.clickhouse-builder.ch-builder.svc.cluster.local] 2026.05.13 01:31:48 [ 0 ] NetworkSendElapsedMicroseconds: 39 (increment)
[clickhouse-builder-0.clickhouse-builder.ch-builder.svc.cluster.local] 2026.05.13 01:31:48 [ 0 ] NetworkSendBytes: 3984 (increment)
[clickhouse-builder-0.clickhouse-builder.ch-builder.svc.cluster.local] 2026.05.13 01:31:48 [ 0 ] SelectedRows: 458752 (increment)
[clickhouse-builder-0.clickhouse-builder.ch-builder.svc.cluster.local] 2026.05.13 01:31:48 [ 0 ] SelectedBytes: 66519040 (increment)
[clickhouse-builder-0.clickhouse-builder.ch-builder.svc.cluster.local] 2026.05.13 01:31:48 [ 0 ] RowsReadByMainReader: 458752 (increment)
[clickhouse-builder-0.clickhouse-builder.ch-builder.svc.cluster.local] 2026.05.13 01:31:48 [ 0 ] RealTimeMicroseconds: 15807334 (increment)
[clickhouse-builder-0.clickhouse-builder.ch-builder.svc.cluster.local] 2026.05.13 01:31:48 [ 0 ] UserTimeMicroseconds: 42323 (increment)
[clickhouse-builder-0.clickhouse-builder.ch-builder.svc.cluster.local] 2026.05.13 01:31:48 [ 0 ] SystemTimeMicroseconds: 20376 (increment)
[clickhouse-builder-0.clickhouse-builder.ch-builder.svc.cluster.local] 2026.05.13 01:31:48 [ 0 ] SoftPageFaults: 12099 (increment)
[clickhouse-builder-0.clickhouse-builder.ch-builder.svc.cluster.local] 2026.05.13 01:31:48 [ 0 ] OSCPUVirtualTimeMicroseconds: 62685 (increment)
[clickhouse-builder-0.clickhouse-builder.ch-builder.svc.cluster.local] 2026.05.13 01:31:48 [ 0 ] OSReadChars: 22530 (increment)
[clickhouse-builder-0.clickhouse-builder.ch-builder.svc.cluster.local] 2026.05.13 01:31:48 [ 0 ] GCSReadMicroseconds: 9011 (increment)
[clickhouse-builder-0.clickhouse-builder.ch-builder.svc.cluster.local] 2026.05.13 01:31:48 [ 0 ] GCSReadRequestsCount: 2 (increment)
[clickhouse-builder-0.clickhouse-builder.ch-builder.svc.cluster.local] 2026.05.13 01:31:48 [ 0 ] GCSReadRequestsErrors: 8 (increment)
[clickhouse-builder-0.clickhouse-builder.ch-builder.svc.cluster.local] 2026.05.13 01:31:48 [ 0 ] GCSReadRequestAttempts: 2 (increment)
[clickhouse-builder-0.clickhouse-builder.ch-builder.svc.cluster.local] 2026.05.13 01:31:48 [ 0 ] DiskGCSReadMicroseconds: 9011 (increment)
[clickhouse-builder-0.clickhouse-builder.ch-builder.svc.cluster.local] 2026.05.13 01:31:48 [ 0 ] DiskGCSReadRequestsCount: 2 (increment)
[clickhouse-builder-0.clickhouse-builder.ch-builder.svc.cluster.local] 2026.05.13 01:31:48 [ 0 ] DiskGCSReadRequestsErrors: 8 (increment)
[clickhouse-builder-0.clickhouse-builder.ch-builder.svc.cluster.local] 2026.05.13 01:31:48 [ 0 ] DiskGCSReadRequestAttempts: 2 (increment)
[clickhouse-builder-0.clickhouse-builder.ch-builder.svc.cluster.local] 2026.05.13 01:31:48 [ 0 ] GCSReadObject: 2 (increment)
[clickhouse-builder-0.clickhouse-builder.ch-builder.svc.cluster.local] 2026.05.13 01:31:48 [ 0 ] DiskGCSReadObject: 2 (increment)
[clickhouse-builder-0.clickhouse-builder.ch-builder.svc.cluster.local] 2026.05.13 01:31:48 [ 0 ] ReadBufferFromGCSMicroseconds: 6067147 (increment)
[clickhouse-builder-0.clickhouse-builder.ch-builder.svc.cluster.local] 2026.05.13 01:31:48 [ 0 ] ReadBufferFromGCSInitMicroseconds: 9016 (increment)
[clickhouse-builder-0.clickhouse-builder.ch-builder.svc.cluster.local] 2026.05.13 01:31:48 [ 0 ] ReadBufferFromGCSBytes: 66061138 (increment)
[clickhouse-builder-0.clickhouse-builder.ch-builder.svc.cluster.local] 2026.05.13 01:31:48 [ 0 ] MemoryAllocatedWithoutCheck: 40 (increment)
[clickhouse-builder-0.clickhouse-builder.ch-builder.svc.cluster.local] 2026.05.13 01:31:48 [ 0 ] MemoryAllocatedWithoutCheckBytes: 220834516 (increment)
[clickhouse-builder-0.clickhouse-builder.ch-builder.svc.cluster.local] 2026.05.13 01:31:48 [ 0 ] InterfaceNativeSendBytes: 3984 (increment)
[clickhouse-builder-0.clickhouse-builder.ch-builder.svc.cluster.local] 2026.05.13 01:31:48 [ 0 ] MemoryTrackerUsage: 197626006 (gauge)
[clickhouse-builder-0.clickhouse-builder.ch-builder.svc.cluster.local] 2026.05.13 01:31:48 [ 0 ] MemoryTrackerPeakUsage: 237583676 (gauge)
[clickhouse-builder-0.clickhouse-builder.ch-builder.svc.cluster.local] 2026.05.13 01:31:48 [ 0 ] FileOpen: 5 (increment)
[clickhouse-builder-0.clickhouse-builder.ch-builder.svc.cluster.local] 2026.05.13 01:31:48 [ 0 ] ReadBufferFromFileDescriptorRead: 10 (increment)
[clickhouse-builder-0.clickhouse-builder.ch-builder.svc.cluster.local] 2026.05.13 01:31:48 [ 0 ] ReadBufferFromFileDescriptorReadBytes: 369 (increment)
[clickhouse-builder-0.clickhouse-builder.ch-builder.svc.cluster.local] 2026.05.13 01:31:48 [ 0 ] ReadCompressedBytes: 88649865 (increment)
[clickhouse-builder-0.clickhouse-builder.ch-builder.svc.cluster.local] 2026.05.13 01:31:48 [ 0 ] CompressedReadBufferBlocks: 264 (increment)
[clickhouse-builder-0.clickhouse-builder.ch-builder.svc.cluster.local] 2026.05.13 01:31:48 [ 0 ] CompressedReadBufferBytes: 89063424 (increment)
[clickhouse-builder-0.clickhouse-builder.ch-builder.svc.cluster.local] 2026.05.13 01:31:48 [ 0 ] OpenedFileCacheMisses: 5 (increment)
[clickhouse-builder-0.clickhouse-builder.ch-builder.svc.cluster.local] 2026.05.13 01:31:48 [ 0 ] OpenedFileCacheMicroseconds: 2 (increment)
[clickhouse-builder-0.clickhouse-builder.ch-builder.svc.cluster.local] 2026.05.13 01:31:48 [ 0 ] IOBufferAllocs: 15 (increment)
[clickhouse-builder-0.clickhouse-builder.ch-builder.svc.cluster.local] 2026.05.13 01:31:48 [ 0 ] IOBufferAllocBytes: 4383607 (increment)
[clickhouse-builder-0.clickhouse-builder.ch-builder.svc.cluster.local] 2026.05.13 01:31:48 [ 0 ] MarkCacheHits: 5 (increment)
[clickhouse-builder-0.clickhouse-builder.ch-builder.svc.cluster.local] 2026.05.13 01:31:48 [ 0 ] CreatedReadBufferOrdinary: 5 (increment)
[clickhouse-builder-0.clickhouse-builder.ch-builder.svc.cluster.local] 2026.05.13 01:31:48 [ 0 ] DiskReadElapsedMicroseconds: 8 (increment)
[clickhouse-builder-0.clickhouse-builder.ch-builder.svc.cluster.local] 2026.05.13 01:31:48 [ 0 ] NetworkReceiveElapsedMicroseconds: 3 (increment)
[clickhouse-builder-0.clickhouse-builder.ch-builder.svc.cluster.local] 2026.05.13 01:31:48 [ 0 ] NetworkSendElapsedMicroseconds: 35 (increment)
[clickhouse-builder-0.clickhouse-builder.ch-builder.svc.cluster.local] 2026.05.13 01:31:48 [ 0 ] NetworkSendBytes: 4100 (increment)
[clickhouse-builder-0.clickhouse-builder.ch-builder.svc.cluster.local] 2026.05.13 01:31:48 [ 0 ] SelectedRows: 598016 (increment)
[clickhouse-builder-0.clickhouse-builder.ch-builder.svc.cluster.local] 2026.05.13 01:31:48 [ 0 ] SelectedBytes: 86712320 (increment)
[clickhouse-builder-0.clickhouse-builder.ch-builder.svc.cluster.local] 2026.05.13 01:31:48 [ 0 ] RowsReadByMainReader: 598016 (increment)
[clickhouse-builder-0.clickhouse-builder.ch-builder.svc.cluster.local] 2026.05.13 01:31:48 [ 0 ] WaitMarksLoadMicroseconds: 16 (increment)
[clickhouse-builder-0.clickhouse-builder.ch-builder.svc.cluster.local] 2026.05.13 01:31:48 [ 0 ] RealTimeMicroseconds: 16156995 (increment)
[clickhouse-builder-0.clickhouse-builder.ch-builder.svc.cluster.local] 2026.05.13 01:31:48 [ 0 ] UserTimeMicroseconds: 50170 (increment)
[clickhouse-builder-0.clickhouse-builder.ch-builder.svc.cluster.local] 2026.05.13 01:31:48 [ 0 ] SystemTimeMicroseconds: 22610 (increment)
[clickhouse-builder-0.clickhouse-builder.ch-builder.svc.cluster.local] 2026.05.13 01:31:48 [ 0 ] SoftPageFaults: 14641 (increment)
[clickhouse-builder-0.clickhouse-builder.ch-builder.svc.cluster.local] 2026.05.13 01:31:48 [ 0 ] OSCPUVirtualTimeMicroseconds: 72754 (increment)
[clickhouse-builder-0.clickhouse-builder.ch-builder.svc.cluster.local] 2026.05.13 01:31:48 [ 0 ] OSReadChars: 25122 (increment)
[clickhouse-builder-0.clickhouse-builder.ch-builder.svc.cluster.local] 2026.05.13 01:31:48 [ 0 ] GCSReadMicroseconds: 95583 (increment)
[clickhouse-builder-0.clickhouse-builder.ch-builder.svc.cluster.local] 2026.05.13 01:31:48 [ 0 ] GCSReadRequestsCount: 5 (increment)
[clickhouse-builder-0.clickhouse-builder.ch-builder.svc.cluster.local] 2026.05.13 01:31:48 [ 0 ] GCSReadRequestsErrors: 23 (increment)
[clickhouse-builder-0.clickhouse-builder.ch-builder.svc.cluster.local] 2026.05.13 01:31:48 [ 0 ] GCSReadRequestAttempts: 5 (increment)
[clickhouse-builder-0.clickhouse-builder.ch-builder.svc.cluster.local] 2026.05.13 01:31:48 [ 0 ] DiskGCSReadMicroseconds: 95583 (increment)
[clickhouse-builder-0.clickhouse-builder.ch-builder.svc.cluster.local] 2026.05.13 01:31:48 [ 0 ] DiskGCSReadRequestsCount: 5 (increment)
[clickhouse-builder-0.clickhouse-builder.ch-builder.svc.cluster.local] 2026.05.13 01:31:48 [ 0 ] DiskGCSReadRequestsErrors: 23 (increment)
[clickhouse-builder-0.clickhouse-builder.ch-builder.svc.cluster.local] 2026.05.13 01:31:48 [ 0 ] DiskGCSReadRequestAttempts: 5 (increment)
[clickhouse-builder-0.clickhouse-builder.ch-builder.svc.cluster.local] 2026.05.13 01:31:48 [ 0 ] GCSReadObject: 5 (increment)
[clickhouse-builder-0.clickhouse-builder.ch-builder.svc.cluster.local] 2026.05.13 01:31:48 [ 0 ] DiskGCSReadObject: 5 (increment)
[clickhouse-builder-0.clickhouse-builder.ch-builder.svc.cluster.local] 2026.05.13 01:31:48 [ 0 ] ReadBufferFromGCSMicroseconds: 7537057 (increment)
[clickhouse-builder-0.clickhouse-builder.ch-builder.svc.cluster.local] 2026.05.13 01:31:48 [ 0 ] ReadBufferFromGCSInitMicroseconds: 95601 (increment)
[clickhouse-builder-0.clickhouse-builder.ch-builder.svc.cluster.local] 2026.05.13 01:31:48 [ 0 ] ReadBufferFromGCSBytes: 82838304 (increment)
[clickhouse-builder-0.clickhouse-builder.ch-builder.svc.cluster.local] 2026.05.13 01:31:48 [ 0 ] MemoryAllocatedWithoutCheck: 36 (increment)
[clickhouse-builder-0.clickhouse-builder.ch-builder.svc.cluster.local] 2026.05.13 01:31:48 [ 0 ] MemoryAllocatedWithoutCheckBytes: 209109140 (increment)
[clickhouse-builder-0.clickhouse-builder.ch-builder.svc.cluster.local] 2026.05.13 01:31:48 [ 0 ] InterfaceNativeSendBytes: 4100 (increment)
[clickhouse-builder-0.clickhouse-builder.ch-builder.svc.cluster.local] 2026.05.13 01:31:48 [ 0 ] MemoryTrackerUsage: 97023850 (gauge)
[clickhouse-builder-0.clickhouse-builder.ch-builder.svc.cluster.local] 2026.05.13 01:31:48 [ 0 ] MemoryTrackerPeakUsage: 237583676 (gauge)
[clickhouse-builder-0.clickhouse-builder.ch-builder.svc.cluster.local] 2026.05.13 01:31:48 [ 0 ] FileOpen: 15 (increment)
[clickhouse-builder-0.clickhouse-builder.ch-builder.svc.cluster.local] 2026.05.13 01:31:48 [ 0 ] ReadBufferFromFileDescriptorRead: 30 (increment)
[clickhouse-builder-0.clickhouse-builder.ch-builder.svc.cluster.local] 2026.05.13 01:31:48 [ 0 ] ReadBufferFromFileDescriptorReadBytes: 1107 (increment)
[clickhouse-builder-0.clickhouse-builder.ch-builder.svc.cluster.local] 2026.05.13 01:31:48 [ 0 ] ReadCompressedBytes: 143431516 (increment)
[clickhouse-builder-0.clickhouse-builder.ch-builder.svc.cluster.local] 2026.05.13 01:31:48 [ 0 ] CompressedReadBufferBlocks: 397 (increment)
[clickhouse-builder-0.clickhouse-builder.ch-builder.svc.cluster.local] 2026.05.13 01:31:48 [ 0 ] CompressedReadBufferBytes: 143982592 (increment)
[clickhouse-builder-0.clickhouse-builder.ch-builder.svc.cluster.local] 2026.05.13 01:31:48 [ 0 ] OpenedFileCacheMisses: 15 (increment)
[clickhouse-builder-0.clickhouse-builder.ch-builder.svc.cluster.local] 2026.05.13 01:31:48 [ 0 ] OpenedFileCacheMicroseconds: 3 (increment)
[clickhouse-builder-0.clickhouse-builder.ch-builder.svc.cluster.local] 2026.05.13 01:31:48 [ 0 ] IOBufferAllocs: 46 (increment)
[clickhouse-builder-0.clickhouse-builder.ch-builder.svc.cluster.local] 2026.05.13 01:31:48 [ 0 ] IOBufferAllocBytes: 11985138 (increment)
[clickhouse-builder-0.clickhouse-builder.ch-builder.svc.cluster.local] 2026.05.13 01:31:48 [ 0 ] MarkCacheHits: 15 (increment)
[clickhouse-builder-0.clickhouse-builder.ch-builder.svc.cluster.local] 2026.05.13 01:31:48 [ 0 ] CreatedReadBufferOrdinary: 15 (increment)
[clickhouse-builder-0.clickhouse-builder.ch-builder.svc.cluster.local] 2026.05.13 01:31:48 [ 0 ] DiskReadElapsedMicroseconds: 21 (increment)
[clickhouse-builder-0.clickhouse-builder.ch-builder.svc.cluster.local] 2026.05.13 01:31:48 [ 0 ] NetworkReceiveElapsedMicroseconds: 2 (increment)
[clickhouse-builder-0.clickhouse-builder.ch-builder.svc.cluster.local] 2026.05.13 01:31:48 [ 0 ] NetworkSendElapsedMicroseconds: 30 (increment)
[clickhouse-builder-0.clickhouse-builder.ch-builder.svc.cluster.local] 2026.05.13 01:31:48 [ 0 ] NetworkSendBytes: 5134 (increment)
[clickhouse-builder-0.clickhouse-builder.ch-builder.svc.cluster.local] 2026.05.13 01:31:48 [ 0 ] SelectedRows: 983040 (increment)
[clickhouse-builder-0.clickhouse-builder.ch-builder.svc.cluster.local] 2026.05.13 01:31:48 [ 0 ] SelectedBytes: 142540800 (increment)
[clickhouse-builder-0.clickhouse-builder.ch-builder.svc.cluster.local] 2026.05.13 01:31:48 [ 0 ] RowsReadByMainReader: 983040 (increment)
[clickhouse-builder-0.clickhouse-builder.ch-builder.svc.cluster.local] 2026.05.13 01:31:48 [ 0 ] WaitMarksLoadMicroseconds: 37 (increment)
[clickhouse-builder-0.clickhouse-builder.ch-builder.svc.cluster.local] 2026.05.13 01:31:48 [ 0 ] RealTimeMicroseconds: 9129599 (increment)
[clickhouse-builder-0.clickhouse-builder.ch-builder.svc.cluster.local] 2026.05.13 01:31:48 [ 0 ] UserTimeMicroseconds: 60083 (increment)
[clickhouse-builder-0.clickhouse-builder.ch-builder.svc.cluster.local] 2026.05.13 01:31:48 [ 0 ] SystemTimeMicroseconds: 20302 (increment)
[clickhouse-builder-0.clickhouse-builder.ch-builder.svc.cluster.local] 2026.05.13 01:31:48 [ 0 ] SoftPageFaults: 12761 (increment)
[clickhouse-builder-0.clickhouse-builder.ch-builder.svc.cluster.local] 2026.05.13 01:31:48 [ 0 ] OSCPUWaitMicroseconds: 80 (increment)
[clickhouse-builder-0.clickhouse-builder.ch-builder.svc.cluster.local] 2026.05.13 01:31:48 [ 0 ] OSCPUVirtualTimeMicroseconds: 80356 (increment)
[clickhouse-builder-0.clickhouse-builder.ch-builder.svc.cluster.local] 2026.05.13 01:31:48 [ 0 ] OSReadChars: 30077 (increment)
[clickhouse-builder-0.clickhouse-builder.ch-builder.svc.cluster.local] 2026.05.13 01:31:48 [ 0 ] GCSReadMicroseconds: 396485 (increment)
[clickhouse-builder-0.clickhouse-builder.ch-builder.svc.cluster.local] 2026.05.13 01:31:48 [ 0 ] GCSReadRequestsCount: 15 (increment)
[clickhouse-builder-0.clickhouse-builder.ch-builder.svc.cluster.local] 2026.05.13 01:31:48 [ 0 ] GCSReadRequestsErrors: 54 (increment)
[clickhouse-builder-0.clickhouse-builder.ch-builder.svc.cluster.local] 2026.05.13 01:31:48 [ 0 ] GCSReadRequestAttempts: 15 (increment)
[clickhouse-builder-0.clickhouse-builder.ch-builder.svc.cluster.local] 2026.05.13 01:31:48 [ 0 ] DiskGCSReadMicroseconds: 396485 (increment)
[clickhouse-builder-0.clickhouse-builder.ch-builder.svc.cluster.local] 2026.05.13 01:31:48 [ 0 ] DiskGCSReadRequestsCount: 15 (increment)
[clickhouse-builder-0.clickhouse-builder.ch-builder.svc.cluster.local] 2026.05.13 01:31:48 [ 0 ] DiskGCSReadRequestsErrors: 54 (increment)
[clickhouse-builder-0.clickhouse-builder.ch-builder.svc.cluster.local] 2026.05.13 01:31:48 [ 0 ] DiskGCSReadRequestAttempts: 15 (increment)
[clickhouse-builder-0.clickhouse-builder.ch-builder.svc.cluster.local] 2026.05.13 01:31:48 [ 0 ] GCSReadObject: 15 (increment)
[clickhouse-builder-0.clickhouse-builder.ch-builder.svc.cluster.local] 2026.05.13 01:31:48 [ 0 ] DiskGCSReadObject: 15 (increment)
[clickhouse-builder-0.clickhouse-builder.ch-builder.svc.cluster.local] 2026.05.13 01:31:48 [ 0 ] ReadBufferFromGCSMicroseconds: 5762485 (increment)
[clickhouse-builder-0.clickhouse-builder.ch-builder.svc.cluster.local] 2026.05.13 01:31:48 [ 0 ] ReadBufferFromGCSInitMicroseconds: 396541 (increment)
[clickhouse-builder-0.clickhouse-builder.ch-builder.svc.cluster.local] 2026.05.13 01:31:48 [ 0 ] ReadBufferFromGCSBytes: 110797288 (increment)
[clickhouse-builder-0.clickhouse-builder.ch-builder.svc.cluster.local] 2026.05.13 01:31:48 [ 0 ] MemoryAllocatedWithoutCheck: 48 (increment)
[clickhouse-builder-0.clickhouse-builder.ch-builder.svc.cluster.local] 2026.05.13 01:31:48 [ 0 ] MemoryAllocatedWithoutCheckBytes: 276405088 (increment)
[clickhouse-builder-0.clickhouse-builder.ch-builder.svc.cluster.local] 2026.05.13 01:31:48 [ 0 ] InterfaceNativeSendBytes: 5134 (increment)
[clickhouse-builder-0.clickhouse-builder.ch-builder.svc.cluster.local] 2026.05.13 01:31:48 [ 0 ] MemoryTrackerUsage: 0 (gauge)
[clickhouse-builder-0.clickhouse-builder.ch-builder.svc.cluster.local] 2026.05.13 01:31:48 [ 0 ] MemoryTrackerPeakUsage: 237583676 (gauge)
[clickhouse-builder-0.clickhouse-builder.ch-builder.svc.cluster.local] 2026.05.13 01:31:48 [ 0 ] FileOpen: 50 (increment)
[clickhouse-builder-0.clickhouse-builder.ch-builder.svc.cluster.local] 2026.05.13 01:31:48 [ 0 ] ReadBufferFromFileDescriptorRead: 100 (increment)
[clickhouse-builder-0.clickhouse-builder.ch-builder.svc.cluster.local] 2026.05.13 01:31:48 [ 0 ] ReadBufferFromFileDescriptorReadBytes: 3690 (increment)
[clickhouse-builder-0.clickhouse-builder.ch-builder.svc.cluster.local] 2026.05.13 01:31:48 [ 0 ] ReadCompressedBytes: 106738157 (increment)
[clickhouse-builder-0.clickhouse-builder.ch-builder.svc.cluster.local] 2026.05.13 01:31:48 [ 0 ] CompressedReadBufferBlocks: 305 (increment)
[clickhouse-builder-0.clickhouse-builder.ch-builder.svc.cluster.local] 2026.05.13 01:31:48 [ 0 ] CompressedReadBufferBytes: 107479040 (increment)
[clickhouse-builder-0.clickhouse-builder.ch-builder.svc.cluster.local] 2026.05.13 01:31:48 [ 0 ] OpenedFileCacheMisses: 50 (increment)
[clickhouse-builder-0.clickhouse-builder.ch-builder.svc.cluster.local] 2026.05.13 01:31:48 [ 0 ] OpenedFileCacheMicroseconds: 10 (increment)
[clickhouse-builder-0.clickhouse-builder.ch-builder.svc.cluster.local] 2026.05.13 01:31:48 [ 0 ] IOBufferAllocs: 159 (increment)
[clickhouse-builder-0.clickhouse-builder.ch-builder.svc.cluster.local] 2026.05.13 01:31:48 [ 0 ] IOBufferAllocBytes: 45097115 (increment)
[clickhouse-builder-0.clickhouse-builder.ch-builder.svc.cluster.local] 2026.05.13 01:31:48 [ 0 ] MarkCacheHits: 50 (increment)
[clickhouse-builder-0.clickhouse-builder.ch-builder.svc.cluster.local] 2026.05.13 01:31:48 [ 0 ] CreatedReadBufferOrdinary: 50 (increment)
[clickhouse-builder-0.clickhouse-builder.ch-builder.svc.cluster.local] 2026.05.13 01:31:48 [ 0 ] DiskReadElapsedMicroseconds: 67 (increment)
[clickhouse-builder-0.clickhouse-builder.ch-builder.svc.cluster.local] 2026.05.13 01:31:48 [ 0 ] NetworkReceiveElapsedMicroseconds: 2 (increment)
[clickhouse-builder-0.clickhouse-builder.ch-builder.svc.cluster.local] 2026.05.13 01:31:48 [ 0 ] NetworkSendElapsedMicroseconds: 33 (increment)
[clickhouse-builder-0.clickhouse-builder.ch-builder.svc.cluster.local] 2026.05.13 01:31:48 [ 0 ] NetworkSendBytes: 5246 (increment)
[clickhouse-builder-0.clickhouse-builder.ch-builder.svc.cluster.local] 2026.05.13 01:31:48 [ 0 ] SelectedRows: 729088 (increment)
[clickhouse-builder-0.clickhouse-builder.ch-builder.svc.cluster.local] 2026.05.13 01:31:48 [ 0 ] SelectedBytes: 105717760 (increment)
[clickhouse-builder-0.clickhouse-builder.ch-builder.svc.cluster.local] 2026.05.13 01:31:48 [ 0 ] RowsReadByMainReader: 729088 (increment)
[clickhouse-builder-0.clickhouse-builder.ch-builder.svc.cluster.local] 2026.05.13 01:31:48 [ 0 ] WaitMarksLoadMicroseconds: 130 (increment)
[clickhouse-builder-0.clickhouse-builder.ch-builder.svc.cluster.local] 2026.05.13 01:31:48 [ 0 ] RealTimeMicroseconds: 1633630 (increment)
[clickhouse-builder-0.clickhouse-builder.ch-builder.svc.cluster.local] 2026.05.13 01:31:48 [ 0 ] UserTimeMicroseconds: 31093 (increment)
[clickhouse-builder-0.clickhouse-builder.ch-builder.svc.cluster.local] 2026.05.13 01:31:48 [ 0 ] SystemTimeMicroseconds: 9037 (increment)
[clickhouse-builder-0.clickhouse-builder.ch-builder.svc.cluster.local] 2026.05.13 01:31:48 [ 0 ] SoftPageFaults: 3971 (increment)
[clickhouse-builder-0.clickhouse-builder.ch-builder.svc.cluster.local] 2026.05.13 01:31:48 [ 0 ] OSCPUVirtualTimeMicroseconds: 40112 (increment)
[clickhouse-builder-0.clickhouse-builder.ch-builder.svc.cluster.local] 2026.05.13 01:31:48 [ 0 ] OSReadChars: 12855 (increment)
[clickhouse-builder-0.clickhouse-builder.ch-builder.svc.cluster.local] 2026.05.13 01:31:48 [ 0 ] GCSReadMicroseconds: 347667 (increment)
[clickhouse-builder-0.clickhouse-builder.ch-builder.svc.cluster.local] 2026.05.13 01:31:48 [ 0 ] GCSReadRequestsCount: 52 (increment)
[clickhouse-builder-0.clickhouse-builder.ch-builder.svc.cluster.local] 2026.05.13 01:31:48 [ 0 ] GCSReadRequestsErrors: 107 (increment)
[clickhouse-builder-0.clickhouse-builder.ch-builder.svc.cluster.local] 2026.05.13 01:31:48 [ 0 ] GCSReadRequestAttempts: 52 (increment)
[clickhouse-builder-0.clickhouse-builder.ch-builder.svc.cluster.local] 2026.05.13 01:31:48 [ 0 ] DiskGCSReadMicroseconds: 347667 (increment)
[clickhouse-builder-0.clickhouse-builder.ch-builder.svc.cluster.local] 2026.05.13 01:31:48 [ 0 ] DiskGCSReadRequestsCount: 52 (increment)
[clickhouse-builder-0.clickhouse-builder.ch-builder.svc.cluster.local] 2026.05.13 01:31:48 [ 0 ] DiskGCSReadRequestsErrors: 107 (increment)
[clickhouse-builder-0.clickhouse-builder.ch-builder.svc.cluster.local] 2026.05.13 01:31:48 [ 0 ] DiskGCSReadRequestAttempts: 52 (increment)
[clickhouse-builder-0.clickhouse-builder.ch-builder.svc.cluster.local] 2026.05.13 01:31:48 [ 0 ] GCSReadObject: 52 (increment)
[clickhouse-builder-0.clickhouse-builder.ch-builder.svc.cluster.local] 2026.05.13 01:31:48 [ 0 ] DiskGCSReadObject: 52 (increment)
[clickhouse-builder-0.clickhouse-builder.ch-builder.svc.cluster.local] 2026.05.13 01:31:48 [ 0 ] ReadBufferFromGCSMicroseconds: 6163550 (increment)
[clickhouse-builder-0.clickhouse-builder.ch-builder.svc.cluster.local] 2026.05.13 01:31:48 [ 0 ] ReadBufferFromGCSInitMicroseconds: 347900 (increment)
[clickhouse-builder-0.clickhouse-builder.ch-builder.svc.cluster.local] 2026.05.13 01:31:48 [ 0 ] ReadBufferFromGCSBytes: 78839975 (increment)
[clickhouse-builder-0.clickhouse-builder.ch-builder.svc.cluster.local] 2026.05.13 01:31:48 [ 0 ] MemoryAllocatedWithoutCheck: 20 (increment)
[clickhouse-builder-0.clickhouse-builder.ch-builder.svc.cluster.local] 2026.05.13 01:31:48 [ 0 ] MemoryAllocatedWithoutCheckBytes: 107103352 (increment)
[clickhouse-builder-0.clickhouse-builder.ch-builder.svc.cluster.local] 2026.05.13 01:31:48 [ 0 ] InterfaceNativeSendBytes: 5246 (increment)
[clickhouse-builder-0.clickhouse-builder.ch-builder.svc.cluster.local] 2026.05.13 01:31:48 [ 0 ] MemoryTrackerUsage: 0 (gauge)
[clickhouse-builder-0.clickhouse-builder.ch-builder.svc.cluster.local] 2026.05.13 01:31:48 [ 0 ] MemoryTrackerPeakUsage: 237583676 (gauge)
[clickhouse-builder-0.clickhouse-builder.ch-builder.svc.cluster.local] 2026.05.13 01:31:48 [ 0 ] ReadCompressedBytes: 1077757 (increment)
[clickhouse-builder-0.clickhouse-builder.ch-builder.svc.cluster.local] 2026.05.13 01:31:48 [ 0 ] CompressedReadBufferBlocks: 20 (increment)
[clickhouse-builder-0.clickhouse-builder.ch-builder.svc.cluster.local] 2026.05.13 01:31:48 [ 0 ] CompressedReadBufferBytes: 1310720 (increment)
[clickhouse-builder-0.clickhouse-builder.ch-builder.svc.cluster.local] 2026.05.13 01:31:48 [ 0 ] IOBufferAllocs: 27 (increment)
[clickhouse-builder-0.clickhouse-builder.ch-builder.svc.cluster.local] 2026.05.13 01:31:48 [ 0 ] IOBufferAllocBytes: 10031543 (increment)
[clickhouse-builder-0.clickhouse-builder.ch-builder.svc.cluster.local] 2026.05.13 01:31:48 [ 0 ] NetworkReceiveElapsedMicroseconds: 1 (increment)
[clickhouse-builder-0.clickhouse-builder.ch-builder.svc.cluster.local] 2026.05.13 01:31:48 [ 0 ] NetworkSendElapsedMicroseconds: 25 (increment)
[clickhouse-builder-0.clickhouse-builder.ch-builder.svc.cluster.local] 2026.05.13 01:31:48 [ 0 ] NetworkSendBytes: 5129 (increment)
[clickhouse-builder-0.clickhouse-builder.ch-builder.svc.cluster.local] 2026.05.13 01:31:48 [ 0 ] GCSReadMicroseconds: 1928 (increment)
[clickhouse-builder-0.clickhouse-builder.ch-builder.svc.cluster.local] 2026.05.13 01:31:48 [ 0 ] GCSReadRequestsCount: 20 (increment)
[clickhouse-builder-0.clickhouse-builder.ch-builder.svc.cluster.local] 2026.05.13 01:31:48 [ 0 ] GCSReadRequestAttempts: 20 (increment)
[clickhouse-builder-0.clickhouse-builder.ch-builder.svc.cluster.local] 2026.05.13 01:31:48 [ 0 ] DiskGCSReadMicroseconds: 1928 (increment)
[clickhouse-builder-0.clickhouse-builder.ch-builder.svc.cluster.local] 2026.05.13 01:31:48 [ 0 ] DiskGCSReadRequestsCount: 20 (increment)
[clickhouse-builder-0.clickhouse-builder.ch-builder.svc.cluster.local] 2026.05.13 01:31:48 [ 0 ] DiskGCSReadRequestAttempts: 20 (increment)
[clickhouse-builder-0.clickhouse-builder.ch-builder.svc.cluster.local] 2026.05.13 01:31:48 [ 0 ] GCSReadObject: 20 (increment)
[clickhouse-builder-0.clickhouse-builder.ch-builder.svc.cluster.local] 2026.05.13 01:31:48 [ 0 ] DiskGCSReadObject: 20 (increment)
[clickhouse-builder-0.clickhouse-builder.ch-builder.svc.cluster.local] 2026.05.13 01:31:48 [ 0 ] ReadBufferFromGCSMicroseconds: 3871633 (increment)
[clickhouse-builder-0.clickhouse-builder.ch-builder.svc.cluster.local] 2026.05.13 01:31:48 [ 0 ] ReadBufferFromGCSInitMicroseconds: 1998 (increment)
[clickhouse-builder-0.clickhouse-builder.ch-builder.svc.cluster.local] 2026.05.13 01:31:48 [ 0 ] ReadBufferFromGCSBytes: 3964399 (increment)
[clickhouse-builder-0.clickhouse-builder.ch-builder.svc.cluster.local] 2026.05.13 01:31:48 [ 0 ] InterfaceNativeSendBytes: 5129 (increment)
[clickhouse-builder-0.clickhouse-builder.ch-builder.svc.cluster.local] 2026.05.13 01:31:48 [ 0 ] MemoryTrackerUsage: 0 (gauge)
[clickhouse-builder-0.clickhouse-builder.ch-builder.svc.cluster.local] 2026.05.13 01:31:48 [ 0 ] MemoryTrackerPeakUsage: 237583676 (gauge)
[clickhouse-builder-0.clickhouse-builder.ch-builder.svc.cluster.local] 2026.05.13 01:31:48 [ 0 ] ReadCompressedBytes: 1245659 (increment)
[clickhouse-builder-0.clickhouse-builder.ch-builder.svc.cluster.local] 2026.05.13 01:31:48 [ 0 ] CompressedReadBufferBlocks: 19 (increment)
[clickhouse-builder-0.clickhouse-builder.ch-builder.svc.cluster.local] 2026.05.13 01:31:48 [ 0 ] CompressedReadBufferBytes: 1245184 (increment)
[clickhouse-builder-0.clickhouse-builder.ch-builder.svc.cluster.local] 2026.05.13 01:31:48 [ 0 ] IOBufferAllocs: 19 (increment)
[clickhouse-builder-0.clickhouse-builder.ch-builder.svc.cluster.local] 2026.05.13 01:31:48 [ 0 ] IOBufferAllocBytes: 7605073 (increment)
[clickhouse-builder-0.clickhouse-builder.ch-builder.svc.cluster.local] 2026.05.13 01:31:48 [ 0 ] NetworkReceiveElapsedMicroseconds: 2 (increment)
[clickhouse-builder-0.clickhouse-builder.ch-builder.svc.cluster.local] 2026.05.13 01:31:48 [ 0 ] NetworkSendElapsedMicroseconds: 28 (increment)
[clickhouse-builder-0.clickhouse-builder.ch-builder.svc.cluster.local] 2026.05.13 01:31:48 [ 0 ] NetworkSendBytes: 2647 (increment)
[clickhouse-builder-0.clickhouse-builder.ch-builder.svc.cluster.local] 2026.05.13 01:31:48 [ 0 ] GCSReadMicroseconds: 1914 (increment)
[clickhouse-builder-0.clickhouse-builder.ch-builder.svc.cluster.local] 2026.05.13 01:31:48 [ 0 ] GCSReadRequestsCount: 19 (increment)
[clickhouse-builder-0.clickhouse-builder.ch-builder.svc.cluster.local] 2026.05.13 01:31:48 [ 0 ] GCSReadRequestAttempts: 19 (increment)
[clickhouse-builder-0.clickhouse-builder.ch-builder.svc.cluster.local] 2026.05.13 01:31:48 [ 0 ] DiskGCSReadMicroseconds: 1914 (increment)
[clickhouse-builder-0.clickhouse-builder.ch-builder.svc.cluster.local] 2026.05.13 01:31:48 [ 0 ] DiskGCSReadRequestsCount: 19 (increment)
[clickhouse-builder-0.clickhouse-builder.ch-builder.svc.cluster.local] 2026.05.13 01:31:48 [ 0 ] DiskGCSReadRequestAttempts: 19 (increment)
[clickhouse-builder-0.clickhouse-builder.ch-builder.svc.cluster.local] 2026.05.13 01:31:48 [ 0 ] GCSReadObject: 19 (increment)
[clickhouse-builder-0.clickhouse-builder.ch-builder.svc.cluster.local] 2026.05.13 01:31:48 [ 0 ] DiskGCSReadObject: 19 (increment)
[clickhouse-builder-0.clickhouse-builder.ch-builder.svc.cluster.local] 2026.05.13 01:31:48 [ 0 ] ReadBufferFromGCSMicroseconds: 3968731 (increment)
[clickhouse-builder-0.clickhouse-builder.ch-builder.svc.cluster.local] 2026.05.13 01:31:48 [ 0 ] ReadBufferFromGCSInitMicroseconds: 1982 (increment)
[clickhouse-builder-0.clickhouse-builder.ch-builder.svc.cluster.local] 2026.05.13 01:31:48 [ 0 ] ReadBufferFromGCSBytes: 6097173 (increment)
[clickhouse-builder-0.clickhouse-builder.ch-builder.svc.cluster.local] 2026.05.13 01:31:48 [ 0 ] InterfaceNativeSendBytes: 2647 (increment)
[clickhouse-builder-0.clickhouse-builder.ch-builder.svc.cluster.local] 2026.05.13 01:31:48 [ 0 ] MemoryTrackerUsage: 0 (gauge)
[clickhouse-builder-0.clickhouse-builder.ch-builder.svc.cluster.local] 2026.05.13 01:31:48 [ 0 ] MemoryTrackerPeakUsage: 237583676 (gauge)
[clickhouse-builder-0.clickhouse-builder.ch-builder.svc.cluster.local] 2026.05.13 01:31:48 [ 0 ] ReadCompressedBytes: 1704586 (increment)
[clickhouse-builder-0.clickhouse-builder.ch-builder.svc.cluster.local] 2026.05.13 01:31:48 [ 0 ] CompressedReadBufferBlocks: 26 (increment)
[clickhouse-builder-0.clickhouse-builder.ch-builder.svc.cluster.local] 2026.05.13 01:31:48 [ 0 ] CompressedReadBufferBytes: 1703936 (increment)
[clickhouse-builder-0.clickhouse-builder.ch-builder.svc.cluster.local] 2026.05.13 01:31:48 [ 0 ] IOBufferAllocs: 31 (increment)
[clickhouse-builder-0.clickhouse-builder.ch-builder.svc.cluster.local] 2026.05.13 01:31:48 [ 0 ] IOBufferAllocBytes: 14160204 (increment)
[clickhouse-builder-0.clickhouse-builder.ch-builder.svc.cluster.local] 2026.05.13 01:31:48 [ 0 ] NetworkReceiveElapsedMicroseconds: 2 (increment)
[clickhouse-builder-0.clickhouse-builder.ch-builder.svc.cluster.local] 2026.05.13 01:31:48 [ 0 ] NetworkSendElapsedMicroseconds: 30 (increment)
[clickhouse-builder-0.clickhouse-builder.ch-builder.svc.cluster.local] 2026.05.13 01:31:48 [ 0 ] NetworkSendBytes: 2647 (increment)
[clickhouse-builder-0.clickhouse-builder.ch-builder.svc.cluster.local] 2026.05.13 01:31:48 [ 0 ] GCSReadMicroseconds: 2626 (increment)
[clickhouse-builder-0.clickhouse-builder.ch-builder.svc.cluster.local] 2026.05.13 01:31:48 [ 0 ] GCSReadRequestsCount: 26 (increment)
[clickhouse-builder-0.clickhouse-builder.ch-builder.svc.cluster.local] 2026.05.13 01:31:48 [ 0 ] GCSReadRequestAttempts: 26 (increment)
[clickhouse-builder-0.clickhouse-builder.ch-builder.svc.cluster.local] 2026.05.13 01:31:48 [ 0 ] DiskGCSReadMicroseconds: 2626 (increment)
[clickhouse-builder-0.clickhouse-builder.ch-builder.svc.cluster.local] 2026.05.13 01:31:48 [ 0 ] DiskGCSReadRequestsCount: 26 (increment)
[clickhouse-builder-0.clickhouse-builder.ch-builder.svc.cluster.local] 2026.05.13 01:31:48 [ 0 ] DiskGCSReadRequestAttempts: 26 (increment)
[clickhouse-builder-0.clickhouse-builder.ch-builder.svc.cluster.local] 2026.05.13 01:31:48 [ 0 ] GCSReadObject: 26 (increment)
[clickhouse-builder-0.clickhouse-builder.ch-builder.svc.cluster.local] 2026.05.13 01:31:48 [ 0 ] DiskGCSReadObject: 26 (increment)
[clickhouse-builder-0.clickhouse-builder.ch-builder.svc.cluster.local] 2026.05.13 01:31:48 [ 0 ] ReadBufferFromGCSMicroseconds: 4432540 (increment)
[clickhouse-builder-0.clickhouse-builder.ch-builder.svc.cluster.local] 2026.05.13 01:31:48 [ 0 ] ReadBufferFromGCSInitMicroseconds: 2724 (increment)
[clickhouse-builder-0.clickhouse-builder.ch-builder.svc.cluster.local] 2026.05.13 01:31:48 [ 0 ] ReadBufferFromGCSBytes: 7473954 (increment)
[clickhouse-builder-0.clickhouse-builder.ch-builder.svc.cluster.local] 2026.05.13 01:31:48 [ 0 ] InterfaceNativeSendBytes: 2647 (increment)
[clickhouse-builder-0.clickhouse-builder.ch-builder.svc.cluster.local] 2026.05.13 01:31:48 [ 0 ] MemoryTrackerUsage: 4478132 (gauge)
[clickhouse-builder-0.clickhouse-builder.ch-builder.svc.cluster.local] 2026.05.13 01:31:48 [ 0 ] MemoryTrackerPeakUsage: 237583676 (gauge)
[clickhouse-builder-0.clickhouse-builder.ch-builder.svc.cluster.local] 2026.05.13 01:31:48 [ 0 ] ReadCompressedBytes: 6596410 (increment)
[clickhouse-builder-0.clickhouse-builder.ch-builder.svc.cluster.local] 2026.05.13 01:31:48 [ 0 ] CompressedReadBufferBlocks: 26 (increment)
[clickhouse-builder-0.clickhouse-builder.ch-builder.svc.cluster.local] 2026.05.13 01:31:48 [ 0 ] CompressedReadBufferBytes: 6619136 (increment)
[clickhouse-builder-0.clickhouse-builder.ch-builder.svc.cluster.local] 2026.05.13 01:31:48 [ 0 ] IOBufferAllocs: 28 (increment)
[clickhouse-builder-0.clickhouse-builder.ch-builder.svc.cluster.local] 2026.05.13 01:31:48 [ 0 ] IOBufferAllocBytes: 12642989 (increment)
[clickhouse-builder-0.clickhouse-builder.ch-builder.svc.cluster.local] 2026.05.13 01:31:48 [ 0 ] NetworkReceiveElapsedMicroseconds: 2 (increment)
[clickhouse-builder-0.clickhouse-builder.ch-builder.svc.cluster.local] 2026.05.13 01:31:48 [ 0 ] NetworkSendElapsedMicroseconds: 32 (increment)
[clickhouse-builder-0.clickhouse-builder.ch-builder.svc.cluster.local] 2026.05.13 01:31:48 [ 0 ] NetworkSendBytes: 2652 (increment)
[clickhouse-builder-0.clickhouse-builder.ch-builder.svc.cluster.local] 2026.05.13 01:31:48 [ 0 ] SelectedRows: 40960 (increment)
[clickhouse-builder-0.clickhouse-builder.ch-builder.svc.cluster.local] 2026.05.13 01:31:48 [ 0 ] SelectedBytes: 5939200 (increment)
[clickhouse-builder-0.clickhouse-builder.ch-builder.svc.cluster.local] 2026.05.13 01:31:48 [ 0 ] RowsReadByMainReader: 40960 (increment)
[clickhouse-builder-0.clickhouse-builder.ch-builder.svc.cluster.local] 2026.05.13 01:31:48 [ 0 ] RealTimeMicroseconds: 3424476 (increment)
[clickhouse-builder-0.clickhouse-builder.ch-builder.svc.cluster.local] 2026.05.13 01:31:48 [ 0 ] UserTimeMicroseconds: 9904 (increment)
[clickhouse-builder-0.clickhouse-builder.ch-builder.svc.cluster.local] 2026.05.13 01:31:48 [ 0 ] SystemTimeMicroseconds: 376 (increment)
[clickhouse-builder-0.clickhouse-builder.ch-builder.svc.cluster.local] 2026.05.13 01:31:48 [ 0 ] SoftPageFaults: 704 (increment)
[clickhouse-builder-0.clickhouse-builder.ch-builder.svc.cluster.local] 2026.05.13 01:31:48 [ 0 ] OSCPUVirtualTimeMicroseconds: 10276 (increment)
[clickhouse-builder-0.clickhouse-builder.ch-builder.svc.cluster.local] 2026.05.13 01:31:48 [ 0 ] OSReadChars: 2374 (increment)
[clickhouse-builder-0.clickhouse-builder.ch-builder.svc.cluster.local] 2026.05.13 01:31:48 [ 0 ] GCSReadMicroseconds: 2671 (increment)
[clickhouse-builder-0.clickhouse-builder.ch-builder.svc.cluster.local] 2026.05.13 01:31:48 [ 0 ] GCSReadRequestsCount: 22 (increment)
[clickhouse-builder-0.clickhouse-builder.ch-builder.svc.cluster.local] 2026.05.13 01:31:48 [ 0 ] GCSReadRequestAttempts: 22 (increment)
[clickhouse-builder-0.clickhouse-builder.ch-builder.svc.cluster.local] 2026.05.13 01:31:48 [ 0 ] DiskGCSReadMicroseconds: 2671 (increment)
[clickhouse-builder-0.clickhouse-builder.ch-builder.svc.cluster.local] 2026.05.13 01:31:48 [ 0 ] DiskGCSReadRequestsCount: 22 (increment)
[clickhouse-builder-0.clickhouse-builder.ch-builder.svc.cluster.local] 2026.05.13 01:31:48 [ 0 ] DiskGCSReadRequestAttempts: 22 (increment)
[clickhouse-builder-0.clickhouse-builder.ch-builder.svc.cluster.local] 2026.05.13 01:31:48 [ 0 ] GCSReadObject: 22 (increment)
[clickhouse-builder-0.clickhouse-builder.ch-builder.svc.cluster.local] 2026.05.13 01:31:48 [ 0 ] DiskGCSReadObject: 22 (increment)
[clickhouse-builder-0.clickhouse-builder.ch-builder.svc.cluster.local] 2026.05.13 01:31:48 [ 0 ] ReadBufferFromGCSMicroseconds: 4314725 (increment)
[clickhouse-builder-0.clickhouse-builder.ch-builder.svc.cluster.local] 2026.05.13 01:31:48 [ 0 ] ReadBufferFromGCSInitMicroseconds: 2753 (increment)
[clickhouse-builder-0.clickhouse-builder.ch-builder.svc.cluster.local] 2026.05.13 01:31:48 [ 0 ] ReadBufferFromGCSBytes: 14592727 (increment)
[clickhouse-builder-0.clickhouse-builder.ch-builder.svc.cluster.local] 2026.05.13 01:31:48 [ 0 ] MemoryAllocatedWithoutCheck: 16 (increment)
[clickhouse-builder-0.clickhouse-builder.ch-builder.svc.cluster.local] 2026.05.13 01:31:48 [ 0 ] MemoryAllocatedWithoutCheckBytes: 77067040 (increment)
[clickhouse-builder-0.clickhouse-builder.ch-builder.svc.cluster.local] 2026.05.13 01:31:48 [ 0 ] InterfaceNativeSendBytes: 2652 (increment)
[clickhouse-builder-0.clickhouse-builder.ch-builder.svc.cluster.local] 2026.05.13 01:31:48 [ 0 ] MemoryTrackerUsage: 13920346 (gauge)
[clickhouse-builder-0.clickhouse-builder.ch-builder.svc.cluster.local] 2026.05.13 01:31:48 [ 0 ] MemoryTrackerPeakUsage: 237583676 (gauge)
[clickhouse-builder-0.clickhouse-builder.ch-builder.svc.cluster.local] 2026.05.13 01:31:49 [ 0 ] ReadCompressedBytes: 12841282 (increment)
[clickhouse-builder-0.clickhouse-builder.ch-builder.svc.cluster.local] 2026.05.13 01:31:49 [ 0 ] CompressedReadBufferBlocks: 47 (increment)
[clickhouse-builder-0.clickhouse-builder.ch-builder.svc.cluster.local] 2026.05.13 01:31:49 [ 0 ] CompressedReadBufferBytes: 12910592 (increment)
[clickhouse-builder-0.clickhouse-builder.ch-builder.svc.cluster.local] 2026.05.13 01:31:49 [ 0 ] IOBufferAllocs: 26 (increment)
[clickhouse-builder-0.clickhouse-builder.ch-builder.svc.cluster.local] 2026.05.13 01:31:49 [ 0 ] IOBufferAllocBytes: 14987903 (increment)
[clickhouse-builder-0.clickhouse-builder.ch-builder.svc.cluster.local] 2026.05.13 01:31:49 [ 0 ] NetworkReceiveElapsedMicroseconds: 2 (increment)
[clickhouse-builder-0.clickhouse-builder.ch-builder.svc.cluster.local] 2026.05.13 01:31:49 [ 0 ] NetworkSendElapsedMicroseconds: 39 (increment)
[clickhouse-builder-0.clickhouse-builder.ch-builder.svc.cluster.local] 2026.05.13 01:31:49 [ 0 ] NetworkSendBytes: 3872 (increment)
[clickhouse-builder-0.clickhouse-builder.ch-builder.svc.cluster.local] 2026.05.13 01:31:49 [ 0 ] SelectedRows: 81920 (increment)
[clickhouse-builder-0.clickhouse-builder.ch-builder.svc.cluster.local] 2026.05.13 01:31:49 [ 0 ] SelectedBytes: 11878400 (increment)
[clickhouse-builder-0.clickhouse-builder.ch-builder.svc.cluster.local] 2026.05.13 01:31:49 [ 0 ] RowsReadByMainReader: 81920 (increment)
[clickhouse-builder-0.clickhouse-builder.ch-builder.svc.cluster.local] 2026.05.13 01:31:49 [ 0 ] RealTimeMicroseconds: 3935414 (increment)
[clickhouse-builder-0.clickhouse-builder.ch-builder.svc.cluster.local] 2026.05.13 01:31:49 [ 0 ] UserTimeMicroseconds: 9568 (increment)
[clickhouse-builder-0.clickhouse-builder.ch-builder.svc.cluster.local] 2026.05.13 01:31:49 [ 0 ] SystemTimeMicroseconds: 1863 (increment)
[clickhouse-builder-0.clickhouse-builder.ch-builder.svc.cluster.local] 2026.05.13 01:31:49 [ 0 ] SoftPageFaults: 1154 (increment)
[clickhouse-builder-0.clickhouse-builder.ch-builder.svc.cluster.local] 2026.05.13 01:31:49 [ 0 ] OSCPUVirtualTimeMicroseconds: 11428 (increment)
[clickhouse-builder-0.clickhouse-builder.ch-builder.svc.cluster.local] 2026.05.13 01:31:49 [ 0 ] OSReadChars: 4175 (increment)
[clickhouse-builder-0.clickhouse-builder.ch-builder.svc.cluster.local] 2026.05.13 01:31:49 [ 0 ] GCSReadMicroseconds: 5098 (increment)
[clickhouse-builder-0.clickhouse-builder.ch-builder.svc.cluster.local] 2026.05.13 01:31:49 [ 0 ] GCSReadRequestsCount: 24 (increment)
[clickhouse-builder-0.clickhouse-builder.ch-builder.svc.cluster.local] 2026.05.13 01:31:49 [ 0 ] GCSReadRequestAttempts: 24 (increment)
[clickhouse-builder-0.clickhouse-builder.ch-builder.svc.cluster.local] 2026.05.13 01:31:49 [ 0 ] DiskGCSReadMicroseconds: 5098 (increment)
[clickhouse-builder-0.clickhouse-builder.ch-builder.svc.cluster.local] 2026.05.13 01:31:49 [ 0 ] DiskGCSReadRequestsCount: 24 (increment)
[clickhouse-builder-0.clickhouse-builder.ch-builder.svc.cluster.local] 2026.05.13 01:31:49 [ 0 ] DiskGCSReadRequestAttempts: 24 (increment)
[clickhouse-builder-0.clickhouse-builder.ch-builder.svc.cluster.local] 2026.05.13 01:31:49 [ 0 ] GCSReadObject: 24 (increment)
[clickhouse-builder-0.clickhouse-builder.ch-builder.svc.cluster.local] 2026.05.13 01:31:49 [ 0 ] DiskGCSReadObject: 24 (increment)
[clickhouse-builder-0.clickhouse-builder.ch-builder.svc.cluster.local] 2026.05.13 01:31:49 [ 0 ] ReadBufferFromGCSMicroseconds: 5205416 (increment)
[clickhouse-builder-0.clickhouse-builder.ch-builder.svc.cluster.local] 2026.05.13 01:31:49 [ 0 ] ReadBufferFromGCSInitMicroseconds: 5200 (increment)
[clickhouse-builder-0.clickhouse-builder.ch-builder.svc.cluster.local] 2026.05.13 01:31:49 [ 0 ] ReadBufferFromGCSBytes: 21148007 (increment)
[clickhouse-builder-0.clickhouse-builder.ch-builder.svc.cluster.local] 2026.05.13 01:31:49 [ 0 ] MemoryAllocatedWithoutCheck: 20 (increment)
[clickhouse-builder-0.clickhouse-builder.ch-builder.svc.cluster.local] 2026.05.13 01:31:49 [ 0 ] MemoryAllocatedWithoutCheckBytes: 93748184 (increment)
[clickhouse-builder-0.clickhouse-builder.ch-builder.svc.cluster.local] 2026.05.13 01:31:49 [ 0 ] InterfaceNativeSendBytes: 3872 (increment)
[clickhouse-builder-0.clickhouse-builder.ch-builder.svc.cluster.local] 2026.05.13 01:31:49 [ 0 ] MemoryTrackerUsage: 36247517 (gauge)
[clickhouse-builder-0.clickhouse-builder.ch-builder.svc.cluster.local] 2026.05.13 01:31:49 [ 0 ] MemoryTrackerPeakUsage: 237583676 (gauge)
[clickhouse-builder-0.clickhouse-builder.ch-builder.svc.cluster.local] 2026.05.13 01:31:49 [ 0 ] ReadCompressedBytes: 26728409 (increment)
[clickhouse-builder-0.clickhouse-builder.ch-builder.svc.cluster.local] 2026.05.13 01:31:49 [ 0 ] CompressedReadBufferBlocks: 80 (increment)
[clickhouse-builder-0.clickhouse-builder.ch-builder.svc.cluster.local] 2026.05.13 01:31:49 [ 0 ] CompressedReadBufferBytes: 26865442 (increment)
[clickhouse-builder-0.clickhouse-builder.ch-builder.svc.cluster.local] 2026.05.13 01:31:49 [ 0 ] IOBufferAllocs: 16 (increment)
[clickhouse-builder-0.clickhouse-builder.ch-builder.svc.cluster.local] 2026.05.13 01:31:49 [ 0 ] IOBufferAllocBytes: 10927402 (increment)
[clickhouse-builder-0.clickhouse-builder.ch-builder.svc.cluster.local] 2026.05.13 01:31:49 [ 0 ] NetworkReceiveElapsedMicroseconds: 2 (increment)
[clickhouse-builder-0.clickhouse-builder.ch-builder.svc.cluster.local] 2026.05.13 01:31:49 [ 0 ] NetworkSendElapsedMicroseconds: 33 (increment)
[clickhouse-builder-0.clickhouse-builder.ch-builder.svc.cluster.local] 2026.05.13 01:31:49 [ 0 ] NetworkSendBytes: 3872 (increment)
[clickhouse-builder-0.clickhouse-builder.ch-builder.svc.cluster.local] 2026.05.13 01:31:49 [ 0 ] SelectedRows: 180224 (increment)
[clickhouse-builder-0.clickhouse-builder.ch-builder.svc.cluster.local] 2026.05.13 01:31:49 [ 0 ] SelectedBytes: 26132480 (increment)
[clickhouse-builder-0.clickhouse-builder.ch-builder.svc.cluster.local] 2026.05.13 01:31:49 [ 0 ] RowsReadByMainReader: 180224 (increment)
[clickhouse-builder-0.clickhouse-builder.ch-builder.svc.cluster.local] 2026.05.13 01:31:49 [ 0 ] RealTimeMicroseconds: 6518459 (increment)
[clickhouse-builder-0.clickhouse-builder.ch-builder.svc.cluster.local] 2026.05.13 01:31:49 [ 0 ] UserTimeMicroseconds: 19976 (increment)
[clickhouse-builder-0.clickhouse-builder.ch-builder.svc.cluster.local] 2026.05.13 01:31:49 [ 0 ] SystemTimeMicroseconds: 1251 (increment)
[clickhouse-builder-0.clickhouse-builder.ch-builder.svc.cluster.local] 2026.05.13 01:31:49 [ 0 ] SoftPageFaults: 827 (increment)
[clickhouse-builder-0.clickhouse-builder.ch-builder.svc.cluster.local] 2026.05.13 01:31:49 [ 0 ] OSCPUWaitMicroseconds: 5 (increment)
[clickhouse-builder-0.clickhouse-builder.ch-builder.svc.cluster.local] 2026.05.13 01:31:49 [ 0 ] OSCPUVirtualTimeMicroseconds: 21219 (increment)
[clickhouse-builder-0.clickhouse-builder.ch-builder.svc.cluster.local] 2026.05.13 01:31:49 [ 0 ] OSReadChars: 6577 (increment)
[clickhouse-builder-0.clickhouse-builder.ch-builder.svc.cluster.local] 2026.05.13 01:31:49 [ 0 ] GCSReadMicroseconds: 2516 (increment)
[clickhouse-builder-0.clickhouse-builder.ch-builder.svc.cluster.local] 2026.05.13 01:31:49 [ 0 ] GCSReadRequestsCount: 16 (increment)
[clickhouse-builder-0.clickhouse-builder.ch-builder.svc.cluster.local] 2026.05.13 01:31:49 [ 0 ] GCSReadRequestsErrors: 4 (increment)
[clickhouse-builder-0.clickhouse-builder.ch-builder.svc.cluster.local] 2026.05.13 01:31:49 [ 0 ] GCSReadRequestAttempts: 16 (increment)
[clickhouse-builder-0.clickhouse-builder.ch-builder.svc.cluster.local] 2026.05.13 01:31:49 [ 0 ] DiskGCSReadMicroseconds: 2516 (increment)
[clickhouse-builder-0.clickhouse-builder.ch-builder.svc.cluster.local] 2026.05.13 01:31:49 [ 0 ] DiskGCSReadRequestsCount: 16 (increment)
[clickhouse-builder-0.clickhouse-builder.ch-builder.svc.cluster.local] 2026.05.13 01:31:49 [ 0 ] DiskGCSReadRequestsErrors: 4 (increment)
[clickhouse-builder-0.clickhouse-builder.ch-builder.svc.cluster.local] 2026.05.13 01:31:49 [ 0 ] DiskGCSReadRequestAttempts: 16 (increment)
[clickhouse-builder-0.clickhouse-builder.ch-builder.svc.cluster.local] 2026.05.13 01:31:49 [ 0 ] GCSReadObject: 16 (increment)
[clickhouse-builder-0.clickhouse-builder.ch-builder.svc.cluster.local] 2026.05.13 01:31:49 [ 0 ] DiskGCSReadObject: 16 (increment)
[clickhouse-builder-0.clickhouse-builder.ch-builder.svc.cluster.local] 2026.05.13 01:31:49 [ 0 ] ReadBufferFromGCSMicroseconds: 4554509 (increment)
[clickhouse-builder-0.clickhouse-builder.ch-builder.svc.cluster.local] 2026.05.13 01:31:49 [ 0 ] ReadBufferFromGCSInitMicroseconds: 2585 (increment)
[clickhouse-builder-0.clickhouse-builder.ch-builder.svc.cluster.local] 2026.05.13 01:31:49 [ 0 ] ReadBufferFromGCSBytes: 31647802 (increment)
[clickhouse-builder-0.clickhouse-builder.ch-builder.svc.cluster.local] 2026.05.13 01:31:49 [ 0 ] MemoryAllocatedWithoutCheck: 24 (increment)
[clickhouse-builder-0.clickhouse-builder.ch-builder.svc.cluster.local] 2026.05.13 01:31:49 [ 0 ] MemoryAllocatedWithoutCheckBytes: 112249168 (increment)
[clickhouse-builder-0.clickhouse-builder.ch-builder.svc.cluster.local] 2026.05.13 01:31:49 [ 0 ] InterfaceNativeSendBytes: 3872 (increment)
[clickhouse-builder-0.clickhouse-builder.ch-builder.svc.cluster.local] 2026.05.13 01:31:49 [ 0 ] MemoryTrackerUsage: 21003656 (gauge)
[clickhouse-builder-0.clickhouse-builder.ch-builder.svc.cluster.local] 2026.05.13 01:31:49 [ 0 ] MemoryTrackerPeakUsage: 237583676 (gauge)
[clickhouse-builder-0.clickhouse-builder.ch-builder.svc.cluster.local] 2026.05.13 01:31:49 [ 0 ] ReadCompressedBytes: 64210747 (increment)
[clickhouse-builder-0.clickhouse-builder.ch-builder.svc.cluster.local] 2026.05.13 01:31:49 [ 0 ] CompressedReadBufferBlocks: 182 (increment)
[clickhouse-builder-0.clickhouse-builder.ch-builder.svc.cluster.local] 2026.05.13 01:31:49 [ 0 ] CompressedReadBufferBytes: 64368330 (increment)
[clickhouse-builder-0.clickhouse-builder.ch-builder.svc.cluster.local] 2026.05.13 01:31:49 [ 0 ] IOBufferAllocs: 7 (increment)
[clickhouse-builder-0.clickhouse-builder.ch-builder.svc.cluster.local] 2026.05.13 01:31:49 [ 0 ] IOBufferAllocBytes: 3133353 (increment)
[clickhouse-builder-0.clickhouse-builder.ch-builder.svc.cluster.local] 2026.05.13 01:31:49 [ 0 ] NetworkReceiveElapsedMicroseconds: 1 (increment)
[clickhouse-builder-0.clickhouse-builder.ch-builder.svc.cluster.local] 2026.05.13 01:31:49 [ 0 ] NetworkSendElapsedMicroseconds: 30 (increment)
[clickhouse-builder-0.clickhouse-builder.ch-builder.svc.cluster.local] 2026.05.13 01:31:49 [ 0 ] NetworkSendBytes: 4212 (increment)
[clickhouse-builder-0.clickhouse-builder.ch-builder.svc.cluster.local] 2026.05.13 01:31:49 [ 0 ] SelectedRows: 438050 (increment)
[clickhouse-builder-0.clickhouse-builder.ch-builder.svc.cluster.local] 2026.05.13 01:31:49 [ 0 ] SelectedBytes: 63517250 (increment)
[clickhouse-builder-0.clickhouse-builder.ch-builder.svc.cluster.local] 2026.05.13 01:31:49 [ 0 ] RowsReadByMainReader: 438050 (increment)
[clickhouse-builder-0.clickhouse-builder.ch-builder.svc.cluster.local] 2026.05.13 01:31:49 [ 0 ] RealTimeMicroseconds: 7106691 (increment)
[clickhouse-builder-0.clickhouse-builder.ch-builder.svc.cluster.local] 2026.05.13 01:31:49 [ 0 ] UserTimeMicroseconds: 30571 (increment)
[clickhouse-builder-0.clickhouse-builder.ch-builder.svc.cluster.local] 2026.05.13 01:31:49 [ 0 ] SystemTimeMicroseconds: 14149 (increment)
[clickhouse-builder-0.clickhouse-builder.ch-builder.svc.cluster.local] 2026.05.13 01:31:49 [ 0 ] SoftPageFaults: 3634 (increment)
[clickhouse-builder-0.clickhouse-builder.ch-builder.svc.cluster.local] 2026.05.13 01:31:49 [ 0 ] OSCPUVirtualTimeMicroseconds: 44888 (increment)
[clickhouse-builder-0.clickhouse-builder.ch-builder.svc.cluster.local] 2026.05.13 01:31:49 [ 0 ] OSReadChars: 11114 (increment)
[clickhouse-builder-0.clickhouse-builder.ch-builder.svc.cluster.local] 2026.05.13 01:31:49 [ 0 ] GCSReadMicroseconds: 1238 (increment)
[clickhouse-builder-0.clickhouse-builder.ch-builder.svc.cluster.local] 2026.05.13 01:31:49 [ 0 ] GCSReadRequestsCount: 7 (increment)
[clickhouse-builder-0.clickhouse-builder.ch-builder.svc.cluster.local] 2026.05.13 01:31:49 [ 0 ] GCSReadRequestsErrors: 7 (increment)
[clickhouse-builder-0.clickhouse-builder.ch-builder.svc.cluster.local] 2026.05.13 01:31:49 [ 0 ] GCSReadRequestAttempts: 7 (increment)
[clickhouse-builder-0.clickhouse-builder.ch-builder.svc.cluster.local] 2026.05.13 01:31:49 [ 0 ] DiskGCSReadMicroseconds: 1238 (increment)
[clickhouse-builder-0.clickhouse-builder.ch-builder.svc.cluster.local] 2026.05.13 01:31:49 [ 0 ] DiskGCSReadRequestsCount: 7 (increment)
[clickhouse-builder-0.clickhouse-builder.ch-builder.svc.cluster.local] 2026.05.13 01:31:49 [ 0 ] DiskGCSReadRequestsErrors: 7 (increment)
[clickhouse-builder-0.clickhouse-builder.ch-builder.svc.cluster.local] 2026.05.13 01:31:49 [ 0 ] DiskGCSReadRequestAttempts: 7 (increment)
[clickhouse-builder-0.clickhouse-builder.ch-builder.svc.cluster.local] 2026.05.13 01:31:49 [ 0 ] GCSReadObject: 7 (increment)
[clickhouse-builder-0.clickhouse-builder.ch-builder.svc.cluster.local] 2026.05.13 01:31:49 [ 0 ] DiskGCSReadObject: 7 (increment)
[clickhouse-builder-0.clickhouse-builder.ch-builder.svc.cluster.local] 2026.05.13 01:31:49 [ 0 ] ReadBufferFromGCSMicroseconds: 3883621 (increment)
[clickhouse-builder-0.clickhouse-builder.ch-builder.svc.cluster.local] 2026.05.13 01:31:49 [ 0 ] ReadBufferFromGCSInitMicroseconds: 1268 (increment)
[clickhouse-builder-0.clickhouse-builder.ch-builder.svc.cluster.local] 2026.05.13 01:31:49 [ 0 ] ReadBufferFromGCSBytes: 54550172 (increment)
[clickhouse-builder-0.clickhouse-builder.ch-builder.svc.cluster.local] 2026.05.13 01:31:49 [ 0 ] MemoryAllocatedWithoutCheck: 24 (increment)
[clickhouse-builder-0.clickhouse-builder.ch-builder.svc.cluster.local] 2026.05.13 01:31:49 [ 0 ] MemoryAllocatedWithoutCheckBytes: 114767248 (increment)
[clickhouse-builder-0.clickhouse-builder.ch-builder.svc.cluster.local] 2026.05.13 01:31:49 [ 0 ] InterfaceNativeSendBytes: 4212 (increment)
[clickhouse-builder-0.clickhouse-builder.ch-builder.svc.cluster.local] 2026.05.13 01:31:49 [ 0 ] MemoryTrackerUsage: 0 (gauge)
[clickhouse-builder-0.clickhouse-builder.ch-builder.svc.cluster.local] 2026.05.13 01:31:49 [ 0 ] MemoryTrackerPeakUsage: 237583676 (gauge)
[clickhouse-builder-0.clickhouse-builder.ch-builder.svc.cluster.local] 2026.05.13 01:31:49 [ 0 ] ReadCompressedBytes: 57596223 (increment)
[clickhouse-builder-0.clickhouse-builder.ch-builder.svc.cluster.local] 2026.05.13 01:31:49 [ 0 ] CompressedReadBufferBlocks: 162 (increment)
[clickhouse-builder-0.clickhouse-builder.ch-builder.svc.cluster.local] 2026.05.13 01:31:49 [ 0 ] CompressedReadBufferBytes: 57802752 (increment)
[clickhouse-builder-0.clickhouse-builder.ch-builder.svc.cluster.local] 2026.05.13 01:31:49 [ 0 ] IOBufferAllocs: 2 (increment)
[clickhouse-builder-0.clickhouse-builder.ch-builder.svc.cluster.local] 2026.05.13 01:31:49 [ 0 ] IOBufferAllocBytes: 253119 (increment)
[clickhouse-builder-0.clickhouse-builder.ch-builder.svc.cluster.local] 2026.05.13 01:31:49 [ 0 ] NetworkReceiveElapsedMicroseconds: 2 (increment)
[clickhouse-builder-0.clickhouse-builder.ch-builder.svc.cluster.local] 2026.05.13 01:31:49 [ 0 ] NetworkSendElapsedMicroseconds: 34 (increment)
[clickhouse-builder-0.clickhouse-builder.ch-builder.svc.cluster.local] 2026.05.13 01:31:49 [ 0 ] NetworkSendBytes: 4100 (increment)
[clickhouse-builder-0.clickhouse-builder.ch-builder.svc.cluster.local] 2026.05.13 01:31:49 [ 0 ] SelectedRows: 393216 (increment)
[clickhouse-builder-0.clickhouse-builder.ch-builder.svc.cluster.local] 2026.05.13 01:31:49 [ 0 ] SelectedBytes: 57016320 (increment)
[clickhouse-builder-0.clickhouse-builder.ch-builder.svc.cluster.local] 2026.05.13 01:31:49 [ 0 ] RowsReadByMainReader: 393216 (increment)
[clickhouse-builder-0.clickhouse-builder.ch-builder.svc.cluster.local] 2026.05.13 01:31:49 [ 0 ] RealTimeMicroseconds: 11360741 (increment)
[clickhouse-builder-0.clickhouse-builder.ch-builder.svc.cluster.local] 2026.05.13 01:31:49 [ 0 ] UserTimeMicroseconds: 33219 (increment)
[clickhouse-builder-0.clickhouse-builder.ch-builder.svc.cluster.local] 2026.05.13 01:31:49 [ 0 ] SystemTimeMicroseconds: 8417 (increment)
[clickhouse-builder-0.clickhouse-builder.ch-builder.svc.cluster.local] 2026.05.13 01:31:49 [ 0 ] SoftPageFaults: 4813 (increment)
[clickhouse-builder-0.clickhouse-builder.ch-builder.svc.cluster.local] 2026.05.13 01:31:49 [ 0 ] OSCPUVirtualTimeMicroseconds: 41625 (increment)
[clickhouse-builder-0.clickhouse-builder.ch-builder.svc.cluster.local] 2026.05.13 01:31:49 [ 0 ] OSReadChars: 14626 (increment)
[clickhouse-builder-0.clickhouse-builder.ch-builder.svc.cluster.local] 2026.05.13 01:31:49 [ 0 ] GCSReadMicroseconds: 332 (increment)
[clickhouse-builder-0.clickhouse-builder.ch-builder.svc.cluster.local] 2026.05.13 01:31:49 [ 0 ] GCSReadRequestsCount: 2 (increment)
[clickhouse-builder-0.clickhouse-builder.ch-builder.svc.cluster.local] 2026.05.13 01:31:49 [ 0 ] GCSReadRequestsErrors: 12 (increment)
[clickhouse-builder-0.clickhouse-builder.ch-builder.svc.cluster.local] 2026.05.13 01:31:49 [ 0 ] GCSReadRequestAttempts: 2 (increment)
[clickhouse-builder-0.clickhouse-builder.ch-builder.svc.cluster.local] 2026.05.13 01:31:49 [ 0 ] DiskGCSReadMicroseconds: 332 (increment)
[clickhouse-builder-0.clickhouse-builder.ch-builder.svc.cluster.local] 2026.05.13 01:31:49 [ 0 ] DiskGCSReadRequestsCount: 2 (increment)
[clickhouse-builder-0.clickhouse-builder.ch-builder.svc.cluster.local] 2026.05.13 01:31:49 [ 0 ] DiskGCSReadRequestsErrors: 12 (increment)
[clickhouse-builder-0.clickhouse-builder.ch-builder.svc.cluster.local] 2026.05.13 01:31:49 [ 0 ] DiskGCSReadRequestAttempts: 2 (increment)
[clickhouse-builder-0.clickhouse-builder.ch-builder.svc.cluster.local] 2026.05.13 01:31:49 [ 0 ] GCSReadObject: 2 (increment)
[clickhouse-builder-0.clickhouse-builder.ch-builder.svc.cluster.local] 2026.05.13 01:31:49 [ 0 ] DiskGCSReadObject: 2 (increment)
[clickhouse-builder-0.clickhouse-builder.ch-builder.svc.cluster.local] 2026.05.13 01:31:49 [ 0 ] ReadBufferFromGCSMicroseconds: 3973986 (increment)
[clickhouse-builder-0.clickhouse-builder.ch-builder.svc.cluster.local] 2026.05.13 01:31:49 [ 0 ] ReadBufferFromGCSInitMicroseconds: 341 (increment)
[clickhouse-builder-0.clickhouse-builder.ch-builder.svc.cluster.local] 2026.05.13 01:31:49 [ 0 ] ReadBufferFromGCSBytes: 50894965 (increment)
[clickhouse-builder-0.clickhouse-builder.ch-builder.svc.cluster.local] 2026.05.13 01:31:49 [ 0 ] MemoryAllocatedWithoutCheck: 24 (increment)
[clickhouse-builder-0.clickhouse-builder.ch-builder.svc.cluster.local] 2026.05.13 01:31:49 [ 0 ] MemoryAllocatedWithoutCheckBytes: 107734496 (increment)
[clickhouse-builder-0.clickhouse-builder.ch-builder.svc.cluster.local] 2026.05.13 01:31:49 [ 0 ] InterfaceNativeSendBytes: 4100 (increment)
[clickhouse-builder-0.clickhouse-builder.ch-builder.svc.cluster.local] 2026.05.13 01:31:49 [ 0 ] MemoryTrackerUsage: 4594247 (gauge)
[clickhouse-builder-0.clickhouse-builder.ch-builder.svc.cluster.local] 2026.05.13 01:31:49 [ 0 ] MemoryTrackerPeakUsage: 237583676 (gauge)
[clickhouse-builder-0.clickhouse-builder.ch-builder.svc.cluster.local] 2026.05.13 01:31:49 [ 0 ] ReadCompressedBytes: 59300314 (increment)
[clickhouse-builder-0.clickhouse-builder.ch-builder.svc.cluster.local] 2026.05.13 01:31:49 [ 0 ] CompressedReadBufferBlocks: 158 (increment)
[clickhouse-builder-0.clickhouse-builder.ch-builder.svc.cluster.local] 2026.05.13 01:31:49 [ 0 ] CompressedReadBufferBytes: 59506688 (increment)
[clickhouse-builder-0.clickhouse-builder.ch-builder.svc.cluster.local] 2026.05.13 01:31:49 [ 0 ] NetworkReceiveElapsedMicroseconds: 1 (increment)
[clickhouse-builder-0.clickhouse-builder.ch-builder.svc.cluster.local] 2026.05.13 01:31:49 [ 0 ] NetworkSendElapsedMicroseconds: 29 (increment)
[clickhouse-builder-0.clickhouse-builder.ch-builder.svc.cluster.local] 2026.05.13 01:31:49 [ 0 ] NetworkSendBytes: 4100 (increment)
[clickhouse-builder-0.clickhouse-builder.ch-builder.svc.cluster.local] 2026.05.13 01:31:49 [ 0 ] SelectedRows: 409600 (increment)
[clickhouse-builder-0.clickhouse-builder.ch-builder.svc.cluster.local] 2026.05.13 01:31:49 [ 0 ] SelectedBytes: 59392000 (increment)
[clickhouse-builder-0.clickhouse-builder.ch-builder.svc.cluster.local] 2026.05.13 01:31:49 [ 0 ] RowsReadByMainReader: 409600 (increment)
[clickhouse-builder-0.clickhouse-builder.ch-builder.svc.cluster.local] 2026.05.13 01:31:49 [ 0 ] RealTimeMicroseconds: 11156474 (increment)
[clickhouse-builder-0.clickhouse-builder.ch-builder.svc.cluster.local] 2026.05.13 01:31:49 [ 0 ] UserTimeMicroseconds: 35005 (increment)
[clickhouse-builder-0.clickhouse-builder.ch-builder.svc.cluster.local] 2026.05.13 01:31:49 [ 0 ] SystemTimeMicroseconds: 10460 (increment)
[clickhouse-builder-0.clickhouse-builder.ch-builder.svc.cluster.local] 2026.05.13 01:31:49 [ 0 ] SoftPageFaults: 3853 (increment)
[clickhouse-builder-0.clickhouse-builder.ch-builder.svc.cluster.local] 2026.05.13 01:31:49 [ 0 ] OSCPUVirtualTimeMicroseconds: 45454 (increment)
[clickhouse-builder-0.clickhouse-builder.ch-builder.svc.cluster.local] 2026.05.13 01:31:49 [ 0 ] OSReadChars: 13554 (increment)
[clickhouse-builder-0.clickhouse-builder.ch-builder.svc.cluster.local] 2026.05.13 01:31:49 [ 0 ] GCSReadRequestsErrors: 24 (increment)
[clickhouse-builder-0.clickhouse-builder.ch-builder.svc.cluster.local] 2026.05.13 01:31:49 [ 0 ] DiskGCSReadRequestsErrors: 24 (increment)
[clickhouse-builder-0.clickhouse-builder.ch-builder.svc.cluster.local] 2026.05.13 01:31:49 [ 0 ] ReadBufferFromGCSMicroseconds: 3569468 (increment)
[clickhouse-builder-0.clickhouse-builder.ch-builder.svc.cluster.local] 2026.05.13 01:31:49 [ 0 ] ReadBufferFromGCSBytes: 50375313 (increment)
[clickhouse-builder-0.clickhouse-builder.ch-builder.svc.cluster.local] 2026.05.13 01:31:49 [ 0 ] MemoryAllocatedWithoutCheck: 32 (increment)
[clickhouse-builder-0.clickhouse-builder.ch-builder.svc.cluster.local] 2026.05.13 01:31:49 [ 0 ] MemoryAllocatedWithoutCheckBytes: 160853204 (increment)
[clickhouse-builder-0.clickhouse-builder.ch-builder.svc.cluster.local] 2026.05.13 01:31:49 [ 0 ] InterfaceNativeSendBytes: 4100 (increment)
[clickhouse-builder-0.clickhouse-builder.ch-builder.svc.cluster.local] 2026.05.13 01:31:49 [ 0 ] MemoryTrackerUsage: 0 (gauge)
[clickhouse-builder-0.clickhouse-builder.ch-builder.svc.cluster.local] 2026.05.13 01:31:49 [ 0 ] MemoryTrackerPeakUsage: 237583676 (gauge)
[clickhouse-builder-0.clickhouse-builder.ch-builder.svc.cluster.local] 2026.05.13 01:31:49 [ 0 ] ReadCompressedBytes: 38583351 (increment)
[clickhouse-builder-0.clickhouse-builder.ch-builder.svc.cluster.local] 2026.05.13 01:31:49 [ 0 ] CompressedReadBufferBlocks: 108 (increment)
[clickhouse-builder-0.clickhouse-builder.ch-builder.svc.cluster.local] 2026.05.13 01:31:49 [ 0 ] CompressedReadBufferBytes: 38788008 (increment)
[clickhouse-builder-0.clickhouse-builder.ch-builder.svc.cluster.local] 2026.05.13 01:31:49 [ 0 ] NetworkReceiveElapsedMicroseconds: 1 (increment)
[clickhouse-builder-0.clickhouse-builder.ch-builder.svc.cluster.local] 2026.05.13 01:31:49 [ 0 ] NetworkSendElapsedMicroseconds: 23 (increment)
[clickhouse-builder-0.clickhouse-builder.ch-builder.svc.cluster.local] 2026.05.13 01:31:49 [ 0 ] NetworkSendBytes: 2870 (increment)
[clickhouse-builder-0.clickhouse-builder.ch-builder.svc.cluster.local] 2026.05.13 01:31:49 [ 0 ] SelectedRows: 265468 (increment)
[clickhouse-builder-0.clickhouse-builder.ch-builder.svc.cluster.local] 2026.05.13 01:31:49 [ 0 ] SelectedBytes: 38492860 (increment)
[clickhouse-builder-0.clickhouse-builder.ch-builder.svc.cluster.local] 2026.05.13 01:31:49 [ 0 ] RowsReadByMainReader: 265468 (increment)
[clickhouse-builder-0.clickhouse-builder.ch-builder.svc.cluster.local] 2026.05.13 01:31:49 [ 0 ] RealTimeMicroseconds: 767738 (increment)
[clickhouse-builder-0.clickhouse-builder.ch-builder.svc.cluster.local] 2026.05.13 01:31:49 [ 0 ] UserTimeMicroseconds: 12316 (increment)
[clickhouse-builder-0.clickhouse-builder.ch-builder.svc.cluster.local] 2026.05.13 01:31:49 [ 0 ] SystemTimeMicroseconds: 2565 (increment)
[clickhouse-builder-0.clickhouse-builder.ch-builder.svc.cluster.local] 2026.05.13 01:31:49 [ 0 ] SoftPageFaults: 2608 (increment)
[clickhouse-builder-0.clickhouse-builder.ch-builder.svc.cluster.local] 2026.05.13 01:31:49 [ 0 ] OSCPUVirtualTimeMicroseconds: 14873 (increment)
[clickhouse-builder-0.clickhouse-builder.ch-builder.svc.cluster.local] 2026.05.13 01:31:49 [ 0 ] OSReadChars: 6714 (increment)
[clickhouse-builder-0.clickhouse-builder.ch-builder.svc.cluster.local] 2026.05.13 01:31:49 [ 0 ] GCSReadRequestsErrors: 12 (increment)
[clickhouse-builder-0.clickhouse-builder.ch-builder.svc.cluster.local] 2026.05.13 01:31:49 [ 0 ] DiskGCSReadRequestsErrors: 12 (increment)
[clickhouse-builder-0.clickhouse-builder.ch-builder.svc.cluster.local] 2026.05.13 01:31:49 [ 0 ] ReadBufferFromGCSMicroseconds: 762002 (increment)
[clickhouse-builder-0.clickhouse-builder.ch-builder.svc.cluster.local] 2026.05.13 01:31:49 [ 0 ] ReadBufferFromGCSBytes: 27042072 (increment)
[clickhouse-builder-0.clickhouse-builder.ch-builder.svc.cluster.local] 2026.05.13 01:31:49 [ 0 ] MemoryAllocatedWithoutCheck: 8 (increment)
[clickhouse-builder-0.clickhouse-builder.ch-builder.svc.cluster.local] 2026.05.13 01:31:49 [ 0 ] MemoryAllocatedWithoutCheckBytes: 39028856 (increment)
[clickhouse-builder-0.clickhouse-builder.ch-builder.svc.cluster.local] 2026.05.13 01:31:49 [ 0 ] InterfaceNativeSendBytes: 2870 (increment)
[clickhouse-builder-0.clickhouse-builder.ch-builder.svc.cluster.local] 2026.05.13 01:31:49 [ 0 ] MemoryTrackerUsage: 0 (gauge)
[clickhouse-builder-0.clickhouse-builder.ch-builder.svc.cluster.local] 2026.05.13 01:31:49 [ 0 ] MemoryTrackerPeakUsage: 237583676 (gauge)
[clickhouse-builder-0.clickhouse-builder.ch-builder.svc.cluster.local] 2026.05.13 01:31:49 [ 0 ] ReadCompressedBytes: 9713305 (increment)
[clickhouse-builder-0.clickhouse-builder.ch-builder.svc.cluster.local] 2026.05.13 01:31:49 [ 0 ] CompressedReadBufferBlocks: 29 (increment)
[clickhouse-builder-0.clickhouse-builder.ch-builder.svc.cluster.local] 2026.05.13 01:31:49 [ 0 ] CompressedReadBufferBytes: 9756228 (increment)
[clickhouse-builder-0.clickhouse-builder.ch-builder.svc.cluster.local] 2026.05.13 01:31:49 [ 0 ] NetworkReceiveElapsedMicroseconds: 1 (increment)
[clickhouse-builder-0.clickhouse-builder.ch-builder.svc.cluster.local] 2026.05.13 01:31:49 [ 0 ] NetworkSendElapsedMicroseconds: 19 (increment)
[clickhouse-builder-0.clickhouse-builder.ch-builder.svc.cluster.local] 2026.05.13 01:31:49 [ 0 ] NetworkSendBytes: 2870 (increment)
[clickhouse-builder-0.clickhouse-builder.ch-builder.svc.cluster.local] 2026.05.13 01:31:49 [ 0 ] SelectedRows: 65536 (increment)
[clickhouse-builder-0.clickhouse-builder.ch-builder.svc.cluster.local] 2026.05.13 01:31:49 [ 0 ] SelectedBytes: 9502720 (increment)
[clickhouse-builder-0.clickhouse-builder.ch-builder.svc.cluster.local] 2026.05.13 01:31:49 [ 0 ] RowsReadByMainReader: 65536 (increment)
[clickhouse-builder-0.clickhouse-builder.ch-builder.svc.cluster.local] 2026.05.13 01:31:49 [ 0 ] RealTimeMicroseconds: 238508 (increment)
[clickhouse-builder-0.clickhouse-builder.ch-builder.svc.cluster.local] 2026.05.13 01:31:49 [ 0 ] UserTimeMicroseconds: 3504 (increment)
[clickhouse-builder-0.clickhouse-builder.ch-builder.svc.cluster.local] 2026.05.13 01:31:49 [ 0 ] SystemTimeMicroseconds: 324 (increment)
[clickhouse-builder-0.clickhouse-builder.ch-builder.svc.cluster.local] 2026.05.13 01:31:49 [ 0 ] OSCPUVirtualTimeMicroseconds: 3826 (increment)
[clickhouse-builder-0.clickhouse-builder.ch-builder.svc.cluster.local] 2026.05.13 01:31:49 [ 0 ] OSReadChars: 1942 (increment)
[clickhouse-builder-0.clickhouse-builder.ch-builder.svc.cluster.local] 2026.05.13 01:31:49 [ 0 ] ReadBufferFromGCSMicroseconds: 236181 (increment)
[clickhouse-builder-0.clickhouse-builder.ch-builder.svc.cluster.local] 2026.05.13 01:31:49 [ 0 ] ReadBufferFromGCSBytes: 8511094 (increment)
[clickhouse-builder-0.clickhouse-builder.ch-builder.svc.cluster.local] 2026.05.13 01:31:49 [ 0 ] InterfaceNativeSendBytes: 2870 (increment)
[clickhouse-builder-0.clickhouse-builder.ch-builder.svc.cluster.local] 2026.05.13 01:31:49 [ 0 ] MemoryTrackerUsage: 0 (gauge)
[clickhouse-builder-0.clickhouse-builder.ch-builder.svc.cluster.local] 2026.05.13 01:31:49 [ 0 ] MemoryTrackerPeakUsage: 237583676 (gauge)
[clickhouse-builder-0.clickhouse-builder.ch-builder.svc.cluster.local] 2026.05.13 01:31:49 [ 0 ] ReadCompressedBytes: 7618997 (increment)
[clickhouse-builder-0.clickhouse-builder.ch-builder.svc.cluster.local] 2026.05.13 01:31:49 [ 0 ] CompressedReadBufferBlocks: 21 (increment)
[clickhouse-builder-0.clickhouse-builder.ch-builder.svc.cluster.local] 2026.05.13 01:31:49 [ 0 ] CompressedReadBufferBytes: 7618472 (increment)
[clickhouse-builder-0.clickhouse-builder.ch-builder.svc.cluster.local] 2026.05.13 01:31:49 [ 0 ] NetworkSendElapsedMicroseconds: 27 (increment)
[clickhouse-builder-0.clickhouse-builder.ch-builder.svc.cluster.local] 2026.05.13 01:31:49 [ 0 ] NetworkSendBytes: 2313 (increment)
[clickhouse-builder-0.clickhouse-builder.ch-builder.svc.cluster.local] 2026.05.13 01:31:49 [ 0 ] SelectedRows: 53026 (increment)
[clickhouse-builder-0.clickhouse-builder.ch-builder.svc.cluster.local] 2026.05.13 01:31:49 [ 0 ] SelectedBytes: 7688770 (increment)
[clickhouse-builder-0.clickhouse-builder.ch-builder.svc.cluster.local] 2026.05.13 01:31:49 [ 0 ] RowsReadByMainReader: 53026 (increment)
[clickhouse-builder-0.clickhouse-builder.ch-builder.svc.cluster.local] 2026.05.13 01:31:49 [ 0 ] RealTimeMicroseconds: 27159790 (increment)
[clickhouse-builder-0.clickhouse-builder.ch-builder.svc.cluster.local] 2026.05.13 01:31:49 [ 0 ] UserTimeMicroseconds: 56973 (increment)
[clickhouse-builder-0.clickhouse-builder.ch-builder.svc.cluster.local] 2026.05.13 01:31:49 [ 0 ] SystemTimeMicroseconds: 12893 (increment)
[clickhouse-builder-0.clickhouse-builder.ch-builder.svc.cluster.local] 2026.05.13 01:31:49 [ 0 ] SoftPageFaults: 2833 (increment)
[clickhouse-builder-0.clickhouse-builder.ch-builder.svc.cluster.local] 2026.05.13 01:31:49 [ 0 ] OSCPUVirtualTimeMicroseconds: 69670 (increment)
[clickhouse-builder-0.clickhouse-builder.ch-builder.svc.cluster.local] 2026.05.13 01:31:49 [ 0 ] OSReadChars: 23805 (increment)
[clickhouse-builder-0.clickhouse-builder.ch-builder.svc.cluster.local] 2026.05.13 01:31:49 [ 0 ] OSWriteChars: 8 (increment)
[clickhouse-builder-0.clickhouse-builder.ch-builder.svc.cluster.local] 2026.05.13 01:31:49 [ 0 ] ReadBufferFromGCSMicroseconds: 51320 (increment)
[clickhouse-builder-0.clickhouse-builder.ch-builder.svc.cluster.local] 2026.05.13 01:31:49 [ 0 ] ReadBufferFromGCSBytes: 5465295 (increment)
[clickhouse-builder-0.clickhouse-builder.ch-builder.svc.cluster.local] 2026.05.13 01:31:49 [ 0 ] MemoryAllocatedWithoutCheck: 8 (increment)
[clickhouse-builder-0.clickhouse-builder.ch-builder.svc.cluster.local] 2026.05.13 01:31:49 [ 0 ] MemoryAllocatedWithoutCheckBytes: 8081200 (increment)
[clickhouse-builder-0.clickhouse-builder.ch-builder.svc.cluster.local] 2026.05.13 01:31:49 [ 0 ] InterfaceNativeSendBytes: 2313 (increment)
[clickhouse-builder-0.clickhouse-builder.ch-builder.svc.cluster.local] 2026.05.13 01:31:49 [ 0 ] MemoryTrackerUsage: 54288 (gauge)
[clickhouse-builder-0.clickhouse-builder.ch-builder.svc.cluster.local] 2026.05.13 01:31:49 [ 0 ] MemoryTrackerPeakUsage: 237583676 (gauge)
2.811
exit_code=0
