Defaulted container "builder" out of: builder, bootstrap (init)
[clickhouse-builder-0.clickhouse-builder.ch-builder.svc.cluster.local] 2026.05.13 01:31:56 [ 0 ] Query: 1 (increment)
[clickhouse-builder-0.clickhouse-builder.ch-builder.svc.cluster.local] 2026.05.13 01:31:56 [ 0 ] SelectQuery: 1 (increment)
[clickhouse-builder-0.clickhouse-builder.ch-builder.svc.cluster.local] 2026.05.13 01:31:56 [ 0 ] InitialQuery: 1 (increment)
[clickhouse-builder-0.clickhouse-builder.ch-builder.svc.cluster.local] 2026.05.13 01:31:56 [ 0 ] InitialSelectQuery: 1 (increment)
[clickhouse-builder-0.clickhouse-builder.ch-builder.svc.cluster.local] 2026.05.13 01:31:56 [ 0 ] QueriesWithSubqueries: 1 (increment)
[clickhouse-builder-0.clickhouse-builder.ch-builder.svc.cluster.local] 2026.05.13 01:31:56 [ 0 ] SelectQueriesWithSubqueries: 1 (increment)
[clickhouse-builder-0.clickhouse-builder.ch-builder.svc.cluster.local] 2026.05.13 01:31:56 [ 0 ] FileOpen: 80 (increment)
[clickhouse-builder-0.clickhouse-builder.ch-builder.svc.cluster.local] 2026.05.13 01:31:56 [ 0 ] ReadBufferFromFileDescriptorRead: 480 (increment)
[clickhouse-builder-0.clickhouse-builder.ch-builder.svc.cluster.local] 2026.05.13 01:31:56 [ 0 ] ReadBufferFromFileDescriptorReadBytes: 16720 (increment)
[clickhouse-builder-0.clickhouse-builder.ch-builder.svc.cluster.local] 2026.05.13 01:31:56 [ 0 ] OpenedFileCacheHits: 160 (increment)
[clickhouse-builder-0.clickhouse-builder.ch-builder.svc.cluster.local] 2026.05.13 01:31:56 [ 0 ] OpenedFileCacheMisses: 80 (increment)
[clickhouse-builder-0.clickhouse-builder.ch-builder.svc.cluster.local] 2026.05.13 01:31:56 [ 0 ] OpenedFileCacheMicroseconds: 173 (increment)
[clickhouse-builder-0.clickhouse-builder.ch-builder.svc.cluster.local] 2026.05.13 01:31:56 [ 0 ] IOBufferAllocs: 480 (increment)
[clickhouse-builder-0.clickhouse-builder.ch-builder.svc.cluster.local] 2026.05.13 01:31:56 [ 0 ] IOBufferAllocBytes: 150180529 (increment)
[clickhouse-builder-0.clickhouse-builder.ch-builder.svc.cluster.local] 2026.05.13 01:31:56 [ 0 ] MarkCacheHits: 240 (increment)
[clickhouse-builder-0.clickhouse-builder.ch-builder.svc.cluster.local] 2026.05.13 01:31:56 [ 0 ] CreatedReadBufferOrdinary: 240 (increment)
[clickhouse-builder-0.clickhouse-builder.ch-builder.svc.cluster.local] 2026.05.13 01:31:56 [ 0 ] DiskReadElapsedMicroseconds: 452 (increment)
[clickhouse-builder-0.clickhouse-builder.ch-builder.svc.cluster.local] 2026.05.13 01:31:56 [ 0 ] NetworkReceiveElapsedMicroseconds: 2 (increment)
[clickhouse-builder-0.clickhouse-builder.ch-builder.svc.cluster.local] 2026.05.13 01:31:56 [ 0 ] NetworkSendElapsedMicroseconds: 47 (increment)
[clickhouse-builder-0.clickhouse-builder.ch-builder.svc.cluster.local] 2026.05.13 01:31:56 [ 0 ] NetworkSendBytes: 69 (increment)
[clickhouse-builder-0.clickhouse-builder.ch-builder.svc.cluster.local] 2026.05.13 01:31:56 [ 0 ] GlobalThreadPoolLockWaitMicroseconds: 99 (increment)
[clickhouse-builder-0.clickhouse-builder.ch-builder.svc.cluster.local] 2026.05.13 01:31:56 [ 0 ] GlobalThreadPoolJobs: 54 (increment)
[clickhouse-builder-0.clickhouse-builder.ch-builder.svc.cluster.local] 2026.05.13 01:31:56 [ 0 ] LocalThreadPoolExpansions: 53 (increment)
[clickhouse-builder-0.clickhouse-builder.ch-builder.svc.cluster.local] 2026.05.13 01:31:56 [ 0 ] LocalThreadPoolShrinks: 5 (increment)
[clickhouse-builder-0.clickhouse-builder.ch-builder.svc.cluster.local] 2026.05.13 01:31:56 [ 0 ] LocalThreadPoolThreadCreationMicroseconds: 355 (increment)
[clickhouse-builder-0.clickhouse-builder.ch-builder.svc.cluster.local] 2026.05.13 01:31:56 [ 0 ] LocalThreadPoolLockWaitMicroseconds: 2 (increment)
[clickhouse-builder-0.clickhouse-builder.ch-builder.svc.cluster.local] 2026.05.13 01:31:56 [ 0 ] LocalThreadPoolJobs: 53 (increment)
[clickhouse-builder-0.clickhouse-builder.ch-builder.svc.cluster.local] 2026.05.13 01:31:56 [ 0 ] QueryPlanOptimizeMicroseconds: 74 (increment)
[clickhouse-builder-0.clickhouse-builder.ch-builder.svc.cluster.local] 2026.05.13 01:31:56 [ 0 ] IndexAnalysisRounds: 1 (increment)
[clickhouse-builder-0.clickhouse-builder.ch-builder.svc.cluster.local] 2026.05.13 01:31:56 [ 0 ] SelectedParts: 5 (increment)
[clickhouse-builder-0.clickhouse-builder.ch-builder.svc.cluster.local] 2026.05.13 01:31:56 [ 0 ] SelectedPartsTotal: 5 (increment)
[clickhouse-builder-0.clickhouse-builder.ch-builder.svc.cluster.local] 2026.05.13 01:31:56 [ 0 ] SelectedRanges: 5 (increment)
[clickhouse-builder-0.clickhouse-builder.ch-builder.svc.cluster.local] 2026.05.13 01:31:56 [ 0 ] SelectedMarks: 612 (increment)
[clickhouse-builder-0.clickhouse-builder.ch-builder.svc.cluster.local] 2026.05.13 01:31:56 [ 0 ] SelectedMarksTotal: 612 (increment)
[clickhouse-builder-0.clickhouse-builder.ch-builder.svc.cluster.local] 2026.05.13 01:31:56 [ 0 ] FilteringMarksWithPrimaryKeyProcessedMarks: 612 (increment)
[clickhouse-builder-0.clickhouse-builder.ch-builder.svc.cluster.local] 2026.05.13 01:31:56 [ 0 ] FilteringMarksWithPrimaryKeyMicroseconds: 10 (increment)
[clickhouse-builder-0.clickhouse-builder.ch-builder.svc.cluster.local] 2026.05.13 01:31:56 [ 0 ] WaitMarksLoadMicroseconds: 2098 (increment)
[clickhouse-builder-0.clickhouse-builder.ch-builder.svc.cluster.local] 2026.05.13 01:31:56 [ 0 ] ContextLock: 32 (increment)
[clickhouse-builder-0.clickhouse-builder.ch-builder.svc.cluster.local] 2026.05.13 01:31:56 [ 0 ] RWLockAcquiredReadLocks: 1 (increment)
[clickhouse-builder-0.clickhouse-builder.ch-builder.svc.cluster.local] 2026.05.13 01:31:56 [ 0 ] SharedPartsLocks: 2 (increment)
[clickhouse-builder-0.clickhouse-builder.ch-builder.svc.cluster.local] 2026.05.13 01:31:56 [ 0 ] RealTimeMicroseconds: 121 (increment)
[clickhouse-builder-0.clickhouse-builder.ch-builder.svc.cluster.local] 2026.05.13 01:31:56 [ 0 ] OSReadChars: 2374 (increment)
[clickhouse-builder-0.clickhouse-builder.ch-builder.svc.cluster.local] 2026.05.13 01:31:56 [ 0 ] S3ReadMicroseconds: 79555 (increment)
[clickhouse-builder-0.clickhouse-builder.ch-builder.svc.cluster.local] 2026.05.13 01:31:56 [ 0 ] S3ReadRequestsCount: 48 (increment)
[clickhouse-builder-0.clickhouse-builder.ch-builder.svc.cluster.local] 2026.05.13 01:31:56 [ 0 ] DiskS3ReadMicroseconds: 79555 (increment)
[clickhouse-builder-0.clickhouse-builder.ch-builder.svc.cluster.local] 2026.05.13 01:31:56 [ 0 ] DiskS3ReadRequestsCount: 48 (increment)
[clickhouse-builder-0.clickhouse-builder.ch-builder.svc.cluster.local] 2026.05.13 01:31:56 [ 0 ] S3GetObject: 48 (increment)
[clickhouse-builder-0.clickhouse-builder.ch-builder.svc.cluster.local] 2026.05.13 01:31:56 [ 0 ] DiskS3GetObject: 48 (increment)
[clickhouse-builder-0.clickhouse-builder.ch-builder.svc.cluster.local] 2026.05.13 01:31:56 [ 0 ] ReadBufferFromS3InitMicroseconds: 85864 (increment)
[clickhouse-builder-0.clickhouse-builder.ch-builder.svc.cluster.local] 2026.05.13 01:31:56 [ 0 ] MemoryAllocatedWithoutCheck: 247 (increment)
[clickhouse-builder-0.clickhouse-builder.ch-builder.svc.cluster.local] 2026.05.13 01:31:56 [ 0 ] MemoryAllocatedWithoutCheckBytes: 873800 (increment)
[clickhouse-builder-0.clickhouse-builder.ch-builder.svc.cluster.local] 2026.05.13 01:31:56 [ 0 ] LogTrace: 4 (increment)
[clickhouse-builder-0.clickhouse-builder.ch-builder.svc.cluster.local] 2026.05.13 01:31:56 [ 0 ] LogDebug: 5 (increment)
[clickhouse-builder-0.clickhouse-builder.ch-builder.svc.cluster.local] 2026.05.13 01:31:56 [ 0 ] LoggerElapsedNanoseconds: 77817 (increment)
[clickhouse-builder-0.clickhouse-builder.ch-builder.svc.cluster.local] 2026.05.13 01:31:56 [ 0 ] InterfaceNativeSendBytes: 69 (increment)
[clickhouse-builder-0.clickhouse-builder.ch-builder.svc.cluster.local] 2026.05.13 01:31:56 [ 0 ] DiskConnectionsCreated: 48 (increment)
[clickhouse-builder-0.clickhouse-builder.ch-builder.svc.cluster.local] 2026.05.13 01:31:56 [ 0 ] DiskConnectionsExpired: 258 (increment)
[clickhouse-builder-0.clickhouse-builder.ch-builder.svc.cluster.local] 2026.05.13 01:31:56 [ 0 ] DiskConnectionsElapsedMicroseconds: 249823 (increment)
[clickhouse-builder-0.clickhouse-builder.ch-builder.svc.cluster.local] 2026.05.13 01:31:56 [ 0 ] ConcurrencyControlSlotsGranted: 1 (increment)
[clickhouse-builder-0.clickhouse-builder.ch-builder.svc.cluster.local] 2026.05.13 01:31:56 [ 0 ] ConcurrencyControlSlotsAcquired: 47 (increment)
[clickhouse-builder-0.clickhouse-builder.ch-builder.svc.cluster.local] 2026.05.13 01:31:56 [ 0 ] ConcurrencyControlSlotsAcquiredNonCompeting: 1 (increment)
[clickhouse-builder-0.clickhouse-builder.ch-builder.svc.cluster.local] 2026.05.13 01:31:56 [ 0 ] AsyncLoggingConsoleTotalMessages: 9 (increment)
[clickhouse-builder-0.clickhouse-builder.ch-builder.svc.cluster.local] 2026.05.13 01:31:56 [ 0 ] MemoryTrackerUsage: 174608 (gauge)
[clickhouse-builder-0.clickhouse-builder.ch-builder.svc.cluster.local] 2026.05.13 01:31:56 [ 0 ] MemoryTrackerPeakUsage: 174608 (gauge)
[clickhouse-builder-0.clickhouse-builder.ch-builder.svc.cluster.local] 2026.05.13 01:31:56 [ 0 ] ReadCompressedBytes: 42052 (increment)
[clickhouse-builder-0.clickhouse-builder.ch-builder.svc.cluster.local] 2026.05.13 01:31:56 [ 0 ] CompressedReadBufferBlocks: 1 (increment)
[clickhouse-builder-0.clickhouse-builder.ch-builder.svc.cluster.local] 2026.05.13 01:31:56 [ 0 ] CompressedReadBufferBytes: 65536 (increment)
[clickhouse-builder-0.clickhouse-builder.ch-builder.svc.cluster.local] 2026.05.13 01:31:56 [ 0 ] IOBufferAllocs: 1 (increment)
[clickhouse-builder-0.clickhouse-builder.ch-builder.svc.cluster.local] 2026.05.13 01:31:56 [ 0 ] IOBufferAllocBytes: 65663 (increment)
[clickhouse-builder-0.clickhouse-builder.ch-builder.svc.cluster.local] 2026.05.13 01:31:56 [ 0 ] NetworkReceiveElapsedMicroseconds: 2 (increment)
[clickhouse-builder-0.clickhouse-builder.ch-builder.svc.cluster.local] 2026.05.13 01:31:56 [ 0 ] NetworkSendElapsedMicroseconds: 30 (increment)
[clickhouse-builder-0.clickhouse-builder.ch-builder.svc.cluster.local] 2026.05.13 01:31:56 [ 0 ] NetworkSendBytes: 7417 (increment)
[clickhouse-builder-0.clickhouse-builder.ch-builder.svc.cluster.local] 2026.05.13 01:31:56 [ 0 ] S3ReadMicroseconds: 265515 (increment)
[clickhouse-builder-0.clickhouse-builder.ch-builder.svc.cluster.local] 2026.05.13 01:31:56 [ 0 ] S3ReadRequestsCount: 1 (increment)
[clickhouse-builder-0.clickhouse-builder.ch-builder.svc.cluster.local] 2026.05.13 01:31:56 [ 0 ] DiskS3ReadMicroseconds: 265515 (increment)
[clickhouse-builder-0.clickhouse-builder.ch-builder.svc.cluster.local] 2026.05.13 01:31:56 [ 0 ] DiskS3ReadRequestsCount: 1 (increment)
[clickhouse-builder-0.clickhouse-builder.ch-builder.svc.cluster.local] 2026.05.13 01:31:56 [ 0 ] S3GetObject: 1 (increment)
[clickhouse-builder-0.clickhouse-builder.ch-builder.svc.cluster.local] 2026.05.13 01:31:56 [ 0 ] DiskS3GetObject: 1 (increment)
[clickhouse-builder-0.clickhouse-builder.ch-builder.svc.cluster.local] 2026.05.13 01:31:56 [ 0 ] ReadBufferFromS3Microseconds: 144310 (increment)
[clickhouse-builder-0.clickhouse-builder.ch-builder.svc.cluster.local] 2026.05.13 01:31:56 [ 0 ] ReadBufferFromS3InitMicroseconds: 277128 (increment)
[clickhouse-builder-0.clickhouse-builder.ch-builder.svc.cluster.local] 2026.05.13 01:31:56 [ 0 ] ReadBufferFromS3Bytes: 126447 (increment)
[clickhouse-builder-0.clickhouse-builder.ch-builder.svc.cluster.local] 2026.05.13 01:31:56 [ 0 ] MemoryAllocatedWithoutCheck: 2 (increment)
[clickhouse-builder-0.clickhouse-builder.ch-builder.svc.cluster.local] 2026.05.13 01:31:56 [ 0 ] MemoryAllocatedWithoutCheckBytes: 3520 (increment)
[clickhouse-builder-0.clickhouse-builder.ch-builder.svc.cluster.local] 2026.05.13 01:31:56 [ 0 ] InterfaceNativeSendBytes: 7417 (increment)
[clickhouse-builder-0.clickhouse-builder.ch-builder.svc.cluster.local] 2026.05.13 01:31:56 [ 0 ] DiskConnectionsReused: 1 (increment)
[clickhouse-builder-0.clickhouse-builder.ch-builder.svc.cluster.local] 2026.05.13 01:31:56 [ 0 ] DiskConnectionsPreserved: 1 (increment)
[clickhouse-builder-0.clickhouse-builder.ch-builder.svc.cluster.local] 2026.05.13 01:31:56 [ 0 ] MemoryTrackerUsage: 174608 (gauge)
[clickhouse-builder-0.clickhouse-builder.ch-builder.svc.cluster.local] 2026.05.13 01:31:56 [ 0 ] MemoryTrackerPeakUsage: 174608 (gauge)
[clickhouse-builder-0.clickhouse-builder.ch-builder.svc.cluster.local] 2026.05.13 01:31:56 [ 0 ] ReadCompressedBytes: 885083 (increment)
[clickhouse-builder-0.clickhouse-builder.ch-builder.svc.cluster.local] 2026.05.13 01:31:56 [ 0 ] CompressedReadBufferBlocks: 21 (increment)
[clickhouse-builder-0.clickhouse-builder.ch-builder.svc.cluster.local] 2026.05.13 01:31:56 [ 0 ] CompressedReadBufferBytes: 1376256 (increment)
[clickhouse-builder-0.clickhouse-builder.ch-builder.svc.cluster.local] 2026.05.13 01:31:56 [ 0 ] IOBufferAllocs: 21 (increment)
[clickhouse-builder-0.clickhouse-builder.ch-builder.svc.cluster.local] 2026.05.13 01:31:56 [ 0 ] IOBufferAllocBytes: 1378923 (increment)
[clickhouse-builder-0.clickhouse-builder.ch-builder.svc.cluster.local] 2026.05.13 01:31:56 [ 0 ] NetworkReceiveElapsedMicroseconds: 1 (increment)
[clickhouse-builder-0.clickhouse-builder.ch-builder.svc.cluster.local] 2026.05.13 01:31:56 [ 0 ] NetworkSendElapsedMicroseconds: 32 (increment)
[clickhouse-builder-0.clickhouse-builder.ch-builder.svc.cluster.local] 2026.05.13 01:31:56 [ 0 ] NetworkSendBytes: 2874 (increment)
[clickhouse-builder-0.clickhouse-builder.ch-builder.svc.cluster.local] 2026.05.13 01:31:56 [ 0 ] S3ReadMicroseconds: 9864005 (increment)
[clickhouse-builder-0.clickhouse-builder.ch-builder.svc.cluster.local] 2026.05.13 01:31:56 [ 0 ] S3ReadRequestsCount: 20 (increment)
[clickhouse-builder-0.clickhouse-builder.ch-builder.svc.cluster.local] 2026.05.13 01:31:56 [ 0 ] DiskS3ReadMicroseconds: 9864005 (increment)
[clickhouse-builder-0.clickhouse-builder.ch-builder.svc.cluster.local] 2026.05.13 01:31:56 [ 0 ] DiskS3ReadRequestsCount: 20 (increment)
[clickhouse-builder-0.clickhouse-builder.ch-builder.svc.cluster.local] 2026.05.13 01:31:56 [ 0 ] S3GetObject: 20 (increment)
[clickhouse-builder-0.clickhouse-builder.ch-builder.svc.cluster.local] 2026.05.13 01:31:56 [ 0 ] DiskS3GetObject: 20 (increment)
[clickhouse-builder-0.clickhouse-builder.ch-builder.svc.cluster.local] 2026.05.13 01:31:56 [ 0 ] ReadBufferFromS3Microseconds: 5840493 (increment)
[clickhouse-builder-0.clickhouse-builder.ch-builder.svc.cluster.local] 2026.05.13 01:31:56 [ 0 ] ReadBufferFromS3InitMicroseconds: 10125671 (increment)
[clickhouse-builder-0.clickhouse-builder.ch-builder.svc.cluster.local] 2026.05.13 01:31:56 [ 0 ] ReadBufferFromS3Bytes: 2109146 (increment)
[clickhouse-builder-0.clickhouse-builder.ch-builder.svc.cluster.local] 2026.05.13 01:31:56 [ 0 ] MemoryAllocatedWithoutCheck: 42 (increment)
[clickhouse-builder-0.clickhouse-builder.ch-builder.svc.cluster.local] 2026.05.13 01:31:56 [ 0 ] MemoryAllocatedWithoutCheckBytes: 73920 (increment)
[clickhouse-builder-0.clickhouse-builder.ch-builder.svc.cluster.local] 2026.05.13 01:31:56 [ 0 ] InterfaceNativeSendBytes: 2874 (increment)
[clickhouse-builder-0.clickhouse-builder.ch-builder.svc.cluster.local] 2026.05.13 01:31:56 [ 0 ] DiskConnectionsReused: 20 (increment)
[clickhouse-builder-0.clickhouse-builder.ch-builder.svc.cluster.local] 2026.05.13 01:31:56 [ 0 ] DiskConnectionsPreserved: 21 (increment)
[clickhouse-builder-0.clickhouse-builder.ch-builder.svc.cluster.local] 2026.05.13 01:31:56 [ 0 ] MemoryTrackerUsage: 174608 (gauge)
[clickhouse-builder-0.clickhouse-builder.ch-builder.svc.cluster.local] 2026.05.13 01:31:56 [ 0 ] MemoryTrackerPeakUsage: 174608 (gauge)
[clickhouse-builder-0.clickhouse-builder.ch-builder.svc.cluster.local] 2026.05.13 01:31:56 [ 0 ] ReadCompressedBytes: 1120050 (increment)
[clickhouse-builder-0.clickhouse-builder.ch-builder.svc.cluster.local] 2026.05.13 01:31:56 [ 0 ] CompressedReadBufferBlocks: 26 (increment)
[clickhouse-builder-0.clickhouse-builder.ch-builder.svc.cluster.local] 2026.05.13 01:31:56 [ 0 ] CompressedReadBufferBytes: 1703936 (increment)
[clickhouse-builder-0.clickhouse-builder.ch-builder.svc.cluster.local] 2026.05.13 01:31:56 [ 0 ] IOBufferAllocs: 25 (increment)
[clickhouse-builder-0.clickhouse-builder.ch-builder.svc.cluster.local] 2026.05.13 01:31:56 [ 0 ] IOBufferAllocBytes: 1641575 (increment)
[clickhouse-builder-0.clickhouse-builder.ch-builder.svc.cluster.local] 2026.05.13 01:31:56 [ 0 ] NetworkReceiveElapsedMicroseconds: 1 (increment)
[clickhouse-builder-0.clickhouse-builder.ch-builder.svc.cluster.local] 2026.05.13 01:31:56 [ 0 ] NetworkSendElapsedMicroseconds: 27 (increment)
[clickhouse-builder-0.clickhouse-builder.ch-builder.svc.cluster.local] 2026.05.13 01:31:56 [ 0 ] NetworkSendBytes: 2874 (increment)
[clickhouse-builder-0.clickhouse-builder.ch-builder.svc.cluster.local] 2026.05.13 01:31:56 [ 0 ] S3ReadMicroseconds: 2875797 (increment)
[clickhouse-builder-0.clickhouse-builder.ch-builder.svc.cluster.local] 2026.05.13 01:31:56 [ 0 ] S3ReadRequestsCount: 27 (increment)
[clickhouse-builder-0.clickhouse-builder.ch-builder.svc.cluster.local] 2026.05.13 01:31:56 [ 0 ] DiskS3ReadMicroseconds: 2875797 (increment)
[clickhouse-builder-0.clickhouse-builder.ch-builder.svc.cluster.local] 2026.05.13 01:31:56 [ 0 ] DiskS3ReadRequestsCount: 27 (increment)
[clickhouse-builder-0.clickhouse-builder.ch-builder.svc.cluster.local] 2026.05.13 01:31:56 [ 0 ] S3GetObject: 27 (increment)
[clickhouse-builder-0.clickhouse-builder.ch-builder.svc.cluster.local] 2026.05.13 01:31:56 [ 0 ] DiskS3GetObject: 27 (increment)
[clickhouse-builder-0.clickhouse-builder.ch-builder.svc.cluster.local] 2026.05.13 01:31:56 [ 0 ] ReadBufferFromS3Microseconds: 8533984 (increment)
[clickhouse-builder-0.clickhouse-builder.ch-builder.svc.cluster.local] 2026.05.13 01:31:56 [ 0 ] ReadBufferFromS3InitMicroseconds: 2891716 (increment)
[clickhouse-builder-0.clickhouse-builder.ch-builder.svc.cluster.local] 2026.05.13 01:31:56 [ 0 ] ReadBufferFromS3Bytes: 3519514 (increment)
[clickhouse-builder-0.clickhouse-builder.ch-builder.svc.cluster.local] 2026.05.13 01:31:56 [ 0 ] MemoryAllocatedWithoutCheck: 52 (increment)
[clickhouse-builder-0.clickhouse-builder.ch-builder.svc.cluster.local] 2026.05.13 01:31:56 [ 0 ] MemoryAllocatedWithoutCheckBytes: 91520 (increment)
[clickhouse-builder-0.clickhouse-builder.ch-builder.svc.cluster.local] 2026.05.13 01:31:56 [ 0 ] InterfaceNativeSendBytes: 2874 (increment)
[clickhouse-builder-0.clickhouse-builder.ch-builder.svc.cluster.local] 2026.05.13 01:31:56 [ 0 ] DiskConnectionsReused: 27 (increment)
[clickhouse-builder-0.clickhouse-builder.ch-builder.svc.cluster.local] 2026.05.13 01:31:56 [ 0 ] DiskConnectionsPreserved: 26 (increment)
[clickhouse-builder-0.clickhouse-builder.ch-builder.svc.cluster.local] 2026.05.13 01:31:56 [ 0 ] MemoryTrackerUsage: 174608 (gauge)
[clickhouse-builder-0.clickhouse-builder.ch-builder.svc.cluster.local] 2026.05.13 01:31:56 [ 0 ] MemoryTrackerPeakUsage: 174608 (gauge)
[clickhouse-builder-0.clickhouse-builder.ch-builder.svc.cluster.local] 2026.05.13 01:31:56 [ 0 ] ReadCompressedBytes: 304424 (increment)
[clickhouse-builder-0.clickhouse-builder.ch-builder.svc.cluster.local] 2026.05.13 01:31:56 [ 0 ] CompressedReadBufferBlocks: 5 (increment)
[clickhouse-builder-0.clickhouse-builder.ch-builder.svc.cluster.local] 2026.05.13 01:31:56 [ 0 ] CompressedReadBufferBytes: 327680 (increment)
[clickhouse-builder-0.clickhouse-builder.ch-builder.svc.cluster.local] 2026.05.13 01:31:56 [ 0 ] IOBufferAllocs: 1 (increment)
[clickhouse-builder-0.clickhouse-builder.ch-builder.svc.cluster.local] 2026.05.13 01:31:56 [ 0 ] IOBufferAllocBytes: 65663 (increment)
[clickhouse-builder-0.clickhouse-builder.ch-builder.svc.cluster.local] 2026.05.13 01:31:56 [ 0 ] NetworkReceiveElapsedMicroseconds: 1 (increment)
[clickhouse-builder-0.clickhouse-builder.ch-builder.svc.cluster.local] 2026.05.13 01:31:56 [ 0 ] NetworkSendElapsedMicroseconds: 27 (increment)
[clickhouse-builder-0.clickhouse-builder.ch-builder.svc.cluster.local] 2026.05.13 01:31:56 [ 0 ] NetworkSendBytes: 2874 (increment)
[clickhouse-builder-0.clickhouse-builder.ch-builder.svc.cluster.local] 2026.05.13 01:31:56 [ 0 ] S3ReadMicroseconds: 900416 (increment)
[clickhouse-builder-0.clickhouse-builder.ch-builder.svc.cluster.local] 2026.05.13 01:31:56 [ 0 ] S3ReadRequestsCount: 5 (increment)
[clickhouse-builder-0.clickhouse-builder.ch-builder.svc.cluster.local] 2026.05.13 01:31:56 [ 0 ] DiskS3ReadMicroseconds: 900416 (increment)
[clickhouse-builder-0.clickhouse-builder.ch-builder.svc.cluster.local] 2026.05.13 01:31:56 [ 0 ] DiskS3ReadRequestsCount: 5 (increment)
[clickhouse-builder-0.clickhouse-builder.ch-builder.svc.cluster.local] 2026.05.13 01:31:56 [ 0 ] S3GetObject: 5 (increment)
[clickhouse-builder-0.clickhouse-builder.ch-builder.svc.cluster.local] 2026.05.13 01:31:56 [ 0 ] DiskS3GetObject: 5 (increment)
[clickhouse-builder-0.clickhouse-builder.ch-builder.svc.cluster.local] 2026.05.13 01:31:56 [ 0 ] ReadBufferFromS3Microseconds: 1316530 (increment)
[clickhouse-builder-0.clickhouse-builder.ch-builder.svc.cluster.local] 2026.05.13 01:31:56 [ 0 ] ReadBufferFromS3InitMicroseconds: 902432 (increment)
[clickhouse-builder-0.clickhouse-builder.ch-builder.svc.cluster.local] 2026.05.13 01:31:56 [ 0 ] ReadBufferFromS3Bytes: 1831207 (increment)
[clickhouse-builder-0.clickhouse-builder.ch-builder.svc.cluster.local] 2026.05.13 01:31:56 [ 0 ] MemoryAllocatedWithoutCheck: 10 (increment)
[clickhouse-builder-0.clickhouse-builder.ch-builder.svc.cluster.local] 2026.05.13 01:31:56 [ 0 ] MemoryAllocatedWithoutCheckBytes: 17600 (increment)
[clickhouse-builder-0.clickhouse-builder.ch-builder.svc.cluster.local] 2026.05.13 01:31:56 [ 0 ] InterfaceNativeSendBytes: 2874 (increment)
[clickhouse-builder-0.clickhouse-builder.ch-builder.svc.cluster.local] 2026.05.13 01:31:56 [ 0 ] DiskConnectionsReused: 5 (increment)
[clickhouse-builder-0.clickhouse-builder.ch-builder.svc.cluster.local] 2026.05.13 01:31:56 [ 0 ] DiskConnectionsPreserved: 5 (increment)
[clickhouse-builder-0.clickhouse-builder.ch-builder.svc.cluster.local] 2026.05.13 01:31:56 [ 0 ] MemoryTrackerUsage: 174608 (gauge)
[clickhouse-builder-0.clickhouse-builder.ch-builder.svc.cluster.local] 2026.05.13 01:31:56 [ 0 ] MemoryTrackerPeakUsage: 174608 (gauge)
[clickhouse-builder-0.clickhouse-builder.ch-builder.svc.cluster.local] 2026.05.13 01:31:56 [ 0 ] ReadCompressedBytes: 2097952 (increment)
[clickhouse-builder-0.clickhouse-builder.ch-builder.svc.cluster.local] 2026.05.13 01:31:56 [ 0 ] CompressedReadBufferBlocks: 32 (increment)
[clickhouse-builder-0.clickhouse-builder.ch-builder.svc.cluster.local] 2026.05.13 01:31:56 [ 0 ] CompressedReadBufferBytes: 2097152 (increment)
[clickhouse-builder-0.clickhouse-builder.ch-builder.svc.cluster.local] 2026.05.13 01:31:56 [ 0 ] IOBufferAllocs: 1 (increment)
[clickhouse-builder-0.clickhouse-builder.ch-builder.svc.cluster.local] 2026.05.13 01:31:56 [ 0 ] IOBufferAllocBytes: 65599 (increment)
[clickhouse-builder-0.clickhouse-builder.ch-builder.svc.cluster.local] 2026.05.13 01:31:56 [ 0 ] NetworkReceiveElapsedMicroseconds: 1 (increment)
[clickhouse-builder-0.clickhouse-builder.ch-builder.svc.cluster.local] 2026.05.13 01:31:56 [ 0 ] NetworkSendElapsedMicroseconds: 33 (increment)
[clickhouse-builder-0.clickhouse-builder.ch-builder.svc.cluster.local] 2026.05.13 01:31:56 [ 0 ] NetworkSendBytes: 2874 (increment)
[clickhouse-builder-0.clickhouse-builder.ch-builder.svc.cluster.local] 2026.05.13 01:31:56 [ 0 ] S3ReadMicroseconds: 1886659 (increment)
[clickhouse-builder-0.clickhouse-builder.ch-builder.svc.cluster.local] 2026.05.13 01:31:56 [ 0 ] S3ReadRequestsCount: 32 (increment)
[clickhouse-builder-0.clickhouse-builder.ch-builder.svc.cluster.local] 2026.05.13 01:31:56 [ 0 ] DiskS3ReadMicroseconds: 1886659 (increment)
[clickhouse-builder-0.clickhouse-builder.ch-builder.svc.cluster.local] 2026.05.13 01:31:56 [ 0 ] DiskS3ReadRequestsCount: 32 (increment)
[clickhouse-builder-0.clickhouse-builder.ch-builder.svc.cluster.local] 2026.05.13 01:31:56 [ 0 ] S3GetObject: 32 (increment)
[clickhouse-builder-0.clickhouse-builder.ch-builder.svc.cluster.local] 2026.05.13 01:31:56 [ 0 ] DiskS3GetObject: 32 (increment)
[clickhouse-builder-0.clickhouse-builder.ch-builder.svc.cluster.local] 2026.05.13 01:31:56 [ 0 ] ReadBufferFromS3Microseconds: 7794262 (increment)
[clickhouse-builder-0.clickhouse-builder.ch-builder.svc.cluster.local] 2026.05.13 01:31:56 [ 0 ] ReadBufferFromS3InitMicroseconds: 1890734 (increment)
[clickhouse-builder-0.clickhouse-builder.ch-builder.svc.cluster.local] 2026.05.13 01:31:56 [ 0 ] ReadBufferFromS3Bytes: 16390250 (increment)
[clickhouse-builder-0.clickhouse-builder.ch-builder.svc.cluster.local] 2026.05.13 01:31:56 [ 0 ] MemoryAllocatedWithoutCheck: 64 (increment)
[clickhouse-builder-0.clickhouse-builder.ch-builder.svc.cluster.local] 2026.05.13 01:31:56 [ 0 ] MemoryAllocatedWithoutCheckBytes: 112640 (increment)
[clickhouse-builder-0.clickhouse-builder.ch-builder.svc.cluster.local] 2026.05.13 01:31:56 [ 0 ] InterfaceNativeSendBytes: 2874 (increment)
[clickhouse-builder-0.clickhouse-builder.ch-builder.svc.cluster.local] 2026.05.13 01:31:56 [ 0 ] DiskConnectionsReused: 32 (increment)
[clickhouse-builder-0.clickhouse-builder.ch-builder.svc.cluster.local] 2026.05.13 01:31:56 [ 0 ] DiskConnectionsPreserved: 32 (increment)
[clickhouse-builder-0.clickhouse-builder.ch-builder.svc.cluster.local] 2026.05.13 01:31:56 [ 0 ] MemoryTrackerUsage: 174608 (gauge)
[clickhouse-builder-0.clickhouse-builder.ch-builder.svc.cluster.local] 2026.05.13 01:31:56 [ 0 ] MemoryTrackerPeakUsage: 174608 (gauge)
[clickhouse-builder-0.clickhouse-builder.ch-builder.svc.cluster.local] 2026.05.13 01:31:56 [ 0 ] ReadCompressedBytes: 917854 (increment)
[clickhouse-builder-0.clickhouse-builder.ch-builder.svc.cluster.local] 2026.05.13 01:31:56 [ 0 ] CompressedReadBufferBlocks: 14 (increment)
[clickhouse-builder-0.clickhouse-builder.ch-builder.svc.cluster.local] 2026.05.13 01:31:56 [ 0 ] CompressedReadBufferBytes: 917504 (increment)
[clickhouse-builder-0.clickhouse-builder.ch-builder.svc.cluster.local] 2026.05.13 01:31:56 [ 0 ] IOBufferAllocs: 7 (increment)
[clickhouse-builder-0.clickhouse-builder.ch-builder.svc.cluster.local] 2026.05.13 01:31:56 [ 0 ] IOBufferAllocBytes: 459193 (increment)
[clickhouse-builder-0.clickhouse-builder.ch-builder.svc.cluster.local] 2026.05.13 01:31:56 [ 0 ] NetworkReceiveElapsedMicroseconds: 1 (increment)
[clickhouse-builder-0.clickhouse-builder.ch-builder.svc.cluster.local] 2026.05.13 01:31:56 [ 0 ] NetworkSendElapsedMicroseconds: 25 (increment)
[clickhouse-builder-0.clickhouse-builder.ch-builder.svc.cluster.local] 2026.05.13 01:31:56 [ 0 ] NetworkSendBytes: 2874 (increment)
[clickhouse-builder-0.clickhouse-builder.ch-builder.svc.cluster.local] 2026.05.13 01:31:56 [ 0 ] S3ReadMicroseconds: 1388180 (increment)
[clickhouse-builder-0.clickhouse-builder.ch-builder.svc.cluster.local] 2026.05.13 01:31:56 [ 0 ] S3ReadRequestsCount: 14 (increment)
[clickhouse-builder-0.clickhouse-builder.ch-builder.svc.cluster.local] 2026.05.13 01:31:56 [ 0 ] DiskS3ReadMicroseconds: 1388180 (increment)
[clickhouse-builder-0.clickhouse-builder.ch-builder.svc.cluster.local] 2026.05.13 01:31:56 [ 0 ] DiskS3ReadRequestsCount: 14 (increment)
[clickhouse-builder-0.clickhouse-builder.ch-builder.svc.cluster.local] 2026.05.13 01:31:56 [ 0 ] S3GetObject: 14 (increment)
[clickhouse-builder-0.clickhouse-builder.ch-builder.svc.cluster.local] 2026.05.13 01:31:56 [ 0 ] DiskS3GetObject: 14 (increment)
[clickhouse-builder-0.clickhouse-builder.ch-builder.svc.cluster.local] 2026.05.13 01:31:56 [ 0 ] ReadBufferFromS3Microseconds: 3241265 (increment)
[clickhouse-builder-0.clickhouse-builder.ch-builder.svc.cluster.local] 2026.05.13 01:31:56 [ 0 ] ReadBufferFromS3InitMicroseconds: 1391232 (increment)
[clickhouse-builder-0.clickhouse-builder.ch-builder.svc.cluster.local] 2026.05.13 01:31:56 [ 0 ] ReadBufferFromS3Bytes: 5441563 (increment)
[clickhouse-builder-0.clickhouse-builder.ch-builder.svc.cluster.local] 2026.05.13 01:31:56 [ 0 ] MemoryAllocatedWithoutCheck: 28 (increment)
[clickhouse-builder-0.clickhouse-builder.ch-builder.svc.cluster.local] 2026.05.13 01:31:56 [ 0 ] MemoryAllocatedWithoutCheckBytes: 49280 (increment)
[clickhouse-builder-0.clickhouse-builder.ch-builder.svc.cluster.local] 2026.05.13 01:31:56 [ 0 ] InterfaceNativeSendBytes: 2874 (increment)
[clickhouse-builder-0.clickhouse-builder.ch-builder.svc.cluster.local] 2026.05.13 01:31:56 [ 0 ] DiskConnectionsReused: 14 (increment)
[clickhouse-builder-0.clickhouse-builder.ch-builder.svc.cluster.local] 2026.05.13 01:31:56 [ 0 ] DiskConnectionsPreserved: 14 (increment)
[clickhouse-builder-0.clickhouse-builder.ch-builder.svc.cluster.local] 2026.05.13 01:31:56 [ 0 ] MemoryTrackerUsage: 174608 (gauge)
[clickhouse-builder-0.clickhouse-builder.ch-builder.svc.cluster.local] 2026.05.13 01:31:56 [ 0 ] MemoryTrackerPeakUsage: 174608 (gauge)
[clickhouse-builder-0.clickhouse-builder.ch-builder.svc.cluster.local] 2026.05.13 01:31:56 [ 0 ] ReadCompressedBytes: 1966830 (increment)
[clickhouse-builder-0.clickhouse-builder.ch-builder.svc.cluster.local] 2026.05.13 01:31:56 [ 0 ] CompressedReadBufferBlocks: 30 (increment)
[clickhouse-builder-0.clickhouse-builder.ch-builder.svc.cluster.local] 2026.05.13 01:31:56 [ 0 ] CompressedReadBufferBytes: 1966080 (increment)
[clickhouse-builder-0.clickhouse-builder.ch-builder.svc.cluster.local] 2026.05.13 01:31:56 [ 0 ] IOBufferAllocs: 25 (increment)
[clickhouse-builder-0.clickhouse-builder.ch-builder.svc.cluster.local] 2026.05.13 01:31:56 [ 0 ] IOBufferAllocBytes: 1639975 (increment)
[clickhouse-builder-0.clickhouse-builder.ch-builder.svc.cluster.local] 2026.05.13 01:31:56 [ 0 ] NetworkReceiveElapsedMicroseconds: 2 (increment)
[clickhouse-builder-0.clickhouse-builder.ch-builder.svc.cluster.local] 2026.05.13 01:31:56 [ 0 ] NetworkSendElapsedMicroseconds: 31 (increment)
[clickhouse-builder-0.clickhouse-builder.ch-builder.svc.cluster.local] 2026.05.13 01:31:56 [ 0 ] NetworkSendBytes: 2874 (increment)
[clickhouse-builder-0.clickhouse-builder.ch-builder.svc.cluster.local] 2026.05.13 01:31:56 [ 0 ] S3ReadMicroseconds: 1536290 (increment)
[clickhouse-builder-0.clickhouse-builder.ch-builder.svc.cluster.local] 2026.05.13 01:31:56 [ 0 ] S3ReadRequestsCount: 30 (increment)
[clickhouse-builder-0.clickhouse-builder.ch-builder.svc.cluster.local] 2026.05.13 01:31:56 [ 0 ] DiskS3ReadMicroseconds: 1536290 (increment)
[clickhouse-builder-0.clickhouse-builder.ch-builder.svc.cluster.local] 2026.05.13 01:31:56 [ 0 ] DiskS3ReadRequestsCount: 30 (increment)
[clickhouse-builder-0.clickhouse-builder.ch-builder.svc.cluster.local] 2026.05.13 01:31:56 [ 0 ] S3GetObject: 30 (increment)
[clickhouse-builder-0.clickhouse-builder.ch-builder.svc.cluster.local] 2026.05.13 01:31:56 [ 0 ] DiskS3GetObject: 30 (increment)
[clickhouse-builder-0.clickhouse-builder.ch-builder.svc.cluster.local] 2026.05.13 01:31:56 [ 0 ] ReadBufferFromS3Microseconds: 6877885 (increment)
[clickhouse-builder-0.clickhouse-builder.ch-builder.svc.cluster.local] 2026.05.13 01:31:56 [ 0 ] ReadBufferFromS3InitMicroseconds: 1539851 (increment)
[clickhouse-builder-0.clickhouse-builder.ch-builder.svc.cluster.local] 2026.05.13 01:31:56 [ 0 ] ReadBufferFromS3Bytes: 10030833 (increment)
[clickhouse-builder-0.clickhouse-builder.ch-builder.svc.cluster.local] 2026.05.13 01:31:56 [ 0 ] MemoryAllocatedWithoutCheck: 60 (increment)
[clickhouse-builder-0.clickhouse-builder.ch-builder.svc.cluster.local] 2026.05.13 01:31:56 [ 0 ] MemoryAllocatedWithoutCheckBytes: 105600 (increment)
[clickhouse-builder-0.clickhouse-builder.ch-builder.svc.cluster.local] 2026.05.13 01:31:56 [ 0 ] InterfaceNativeSendBytes: 2874 (increment)
[clickhouse-builder-0.clickhouse-builder.ch-builder.svc.cluster.local] 2026.05.13 01:31:56 [ 0 ] DiskConnectionsReused: 30 (increment)
[clickhouse-builder-0.clickhouse-builder.ch-builder.svc.cluster.local] 2026.05.13 01:31:56 [ 0 ] DiskConnectionsPreserved: 30 (increment)
[clickhouse-builder-0.clickhouse-builder.ch-builder.svc.cluster.local] 2026.05.13 01:31:56 [ 0 ] MemoryTrackerUsage: 5581789 (gauge)
[clickhouse-builder-0.clickhouse-builder.ch-builder.svc.cluster.local] 2026.05.13 01:31:56 [ 0 ] MemoryTrackerPeakUsage: 5581789 (gauge)
[clickhouse-builder-0.clickhouse-builder.ch-builder.svc.cluster.local] 2026.05.13 01:31:56 [ 0 ] ReadCompressedBytes: 524488 (increment)
[clickhouse-builder-0.clickhouse-builder.ch-builder.svc.cluster.local] 2026.05.13 01:31:56 [ 0 ] CompressedReadBufferBlocks: 8 (increment)
[clickhouse-builder-0.clickhouse-builder.ch-builder.svc.cluster.local] 2026.05.13 01:31:56 [ 0 ] CompressedReadBufferBytes: 524288 (increment)
[clickhouse-builder-0.clickhouse-builder.ch-builder.svc.cluster.local] 2026.05.13 01:31:56 [ 0 ] IOBufferAllocs: 4 (increment)
[clickhouse-builder-0.clickhouse-builder.ch-builder.svc.cluster.local] 2026.05.13 01:31:56 [ 0 ] IOBufferAllocBytes: 262396 (increment)
[clickhouse-builder-0.clickhouse-builder.ch-builder.svc.cluster.local] 2026.05.13 01:31:56 [ 0 ] NetworkReceiveElapsedMicroseconds: 2 (increment)
[clickhouse-builder-0.clickhouse-builder.ch-builder.svc.cluster.local] 2026.05.13 01:31:56 [ 0 ] NetworkSendElapsedMicroseconds: 30 (increment)
[clickhouse-builder-0.clickhouse-builder.ch-builder.svc.cluster.local] 2026.05.13 01:31:56 [ 0 ] NetworkSendBytes: 2874 (increment)
[clickhouse-builder-0.clickhouse-builder.ch-builder.svc.cluster.local] 2026.05.13 01:31:56 [ 0 ] S3ReadMicroseconds: 2328109 (increment)
[clickhouse-builder-0.clickhouse-builder.ch-builder.svc.cluster.local] 2026.05.13 01:31:56 [ 0 ] S3ReadRequestsCount: 8 (increment)
[clickhouse-builder-0.clickhouse-builder.ch-builder.svc.cluster.local] 2026.05.13 01:31:56 [ 0 ] DiskS3ReadMicroseconds: 2328109 (increment)
[clickhouse-builder-0.clickhouse-builder.ch-builder.svc.cluster.local] 2026.05.13 01:31:56 [ 0 ] DiskS3ReadRequestsCount: 8 (increment)
[clickhouse-builder-0.clickhouse-builder.ch-builder.svc.cluster.local] 2026.05.13 01:31:56 [ 0 ] S3GetObject: 8 (increment)
[clickhouse-builder-0.clickhouse-builder.ch-builder.svc.cluster.local] 2026.05.13 01:31:56 [ 0 ] DiskS3GetObject: 8 (increment)
[clickhouse-builder-0.clickhouse-builder.ch-builder.svc.cluster.local] 2026.05.13 01:31:56 [ 0 ] ReadBufferFromS3Microseconds: 1971879 (increment)
[clickhouse-builder-0.clickhouse-builder.ch-builder.svc.cluster.local] 2026.05.13 01:31:56 [ 0 ] ReadBufferFromS3InitMicroseconds: 2332724 (increment)
[clickhouse-builder-0.clickhouse-builder.ch-builder.svc.cluster.local] 2026.05.13 01:31:56 [ 0 ] ReadBufferFromS3Bytes: 2884684 (increment)
[clickhouse-builder-0.clickhouse-builder.ch-builder.svc.cluster.local] 2026.05.13 01:31:56 [ 0 ] MemoryAllocatedWithoutCheck: 16 (increment)
[clickhouse-builder-0.clickhouse-builder.ch-builder.svc.cluster.local] 2026.05.13 01:31:56 [ 0 ] MemoryAllocatedWithoutCheckBytes: 28160 (increment)
[clickhouse-builder-0.clickhouse-builder.ch-builder.svc.cluster.local] 2026.05.13 01:31:56 [ 0 ] InterfaceNativeSendBytes: 2874 (increment)
[clickhouse-builder-0.clickhouse-builder.ch-builder.svc.cluster.local] 2026.05.13 01:31:56 [ 0 ] DiskConnectionsReused: 8 (increment)
[clickhouse-builder-0.clickhouse-builder.ch-builder.svc.cluster.local] 2026.05.13 01:31:56 [ 0 ] DiskConnectionsPreserved: 8 (increment)
[clickhouse-builder-0.clickhouse-builder.ch-builder.svc.cluster.local] 2026.05.13 01:31:56 [ 0 ] MemoryTrackerUsage: 20561618 (gauge)
[clickhouse-builder-0.clickhouse-builder.ch-builder.svc.cluster.local] 2026.05.13 01:31:56 [ 0 ] MemoryTrackerPeakUsage: 20561618 (gauge)
[clickhouse-builder-0.clickhouse-builder.ch-builder.svc.cluster.local] 2026.05.13 01:31:57 [ 0 ] ReadCompressedBytes: 3188753 (increment)
[clickhouse-builder-0.clickhouse-builder.ch-builder.svc.cluster.local] 2026.05.13 01:31:57 [ 0 ] CompressedReadBufferBlocks: 34 (increment)
[clickhouse-builder-0.clickhouse-builder.ch-builder.svc.cluster.local] 2026.05.13 01:31:57 [ 0 ] CompressedReadBufferBytes: 3211264 (increment)
[clickhouse-builder-0.clickhouse-builder.ch-builder.svc.cluster.local] 2026.05.13 01:31:57 [ 0 ] IOBufferAllocs: 9 (increment)
[clickhouse-builder-0.clickhouse-builder.ch-builder.svc.cluster.local] 2026.05.13 01:31:57 [ 0 ] IOBufferAllocBytes: 590391 (increment)
[clickhouse-builder-0.clickhouse-builder.ch-builder.svc.cluster.local] 2026.05.13 01:31:57 [ 0 ] NetworkSendElapsedMicroseconds: 30 (increment)
[clickhouse-builder-0.clickhouse-builder.ch-builder.svc.cluster.local] 2026.05.13 01:31:57 [ 0 ] NetworkSendBytes: 2877 (increment)
[clickhouse-builder-0.clickhouse-builder.ch-builder.svc.cluster.local] 2026.05.13 01:31:57 [ 0 ] SelectedRows: 8192 (increment)
[clickhouse-builder-0.clickhouse-builder.ch-builder.svc.cluster.local] 2026.05.13 01:31:57 [ 0 ] SelectedBytes: 1187840 (increment)
[clickhouse-builder-0.clickhouse-builder.ch-builder.svc.cluster.local] 2026.05.13 01:31:57 [ 0 ] RowsReadByMainReader: 8192 (increment)
[clickhouse-builder-0.clickhouse-builder.ch-builder.svc.cluster.local] 2026.05.13 01:31:57 [ 0 ] RealTimeMicroseconds: 994161 (increment)
[clickhouse-builder-0.clickhouse-builder.ch-builder.svc.cluster.local] 2026.05.13 01:31:57 [ 0 ] UserTimeMicroseconds: 8378 (increment)
[clickhouse-builder-0.clickhouse-builder.ch-builder.svc.cluster.local] 2026.05.13 01:31:57 [ 0 ] SystemTimeMicroseconds: 7711 (increment)
[clickhouse-builder-0.clickhouse-builder.ch-builder.svc.cluster.local] 2026.05.13 01:31:57 [ 0 ] SoftPageFaults: 353 (increment)
[clickhouse-builder-0.clickhouse-builder.ch-builder.svc.cluster.local] 2026.05.13 01:31:57 [ 0 ] OSCPUVirtualTimeMicroseconds: 16089 (increment)
[clickhouse-builder-0.clickhouse-builder.ch-builder.svc.cluster.local] 2026.05.13 01:31:57 [ 0 ] OSReadChars: 3635704 (increment)
[clickhouse-builder-0.clickhouse-builder.ch-builder.svc.cluster.local] 2026.05.13 01:31:57 [ 0 ] OSWriteChars: 6327 (increment)
[clickhouse-builder-0.clickhouse-builder.ch-builder.svc.cluster.local] 2026.05.13 01:31:57 [ 0 ] S3ReadMicroseconds: 464000 (increment)
[clickhouse-builder-0.clickhouse-builder.ch-builder.svc.cluster.local] 2026.05.13 01:31:57 [ 0 ] S3ReadRequestsCount: 29 (increment)
[clickhouse-builder-0.clickhouse-builder.ch-builder.svc.cluster.local] 2026.05.13 01:31:57 [ 0 ] DiskS3ReadMicroseconds: 464000 (increment)
[clickhouse-builder-0.clickhouse-builder.ch-builder.svc.cluster.local] 2026.05.13 01:31:57 [ 0 ] DiskS3ReadRequestsCount: 29 (increment)
[clickhouse-builder-0.clickhouse-builder.ch-builder.svc.cluster.local] 2026.05.13 01:31:57 [ 0 ] S3GetObject: 29 (increment)
[clickhouse-builder-0.clickhouse-builder.ch-builder.svc.cluster.local] 2026.05.13 01:31:57 [ 0 ] DiskS3GetObject: 29 (increment)
[clickhouse-builder-0.clickhouse-builder.ch-builder.svc.cluster.local] 2026.05.13 01:31:57 [ 0 ] ReadBufferFromS3Microseconds: 7342524 (increment)
[clickhouse-builder-0.clickhouse-builder.ch-builder.svc.cluster.local] 2026.05.13 01:31:57 [ 0 ] ReadBufferFromS3InitMicroseconds: 465213 (increment)
[clickhouse-builder-0.clickhouse-builder.ch-builder.svc.cluster.local] 2026.05.13 01:31:57 [ 0 ] ReadBufferFromS3Bytes: 15143791 (increment)
[clickhouse-builder-0.clickhouse-builder.ch-builder.svc.cluster.local] 2026.05.13 01:31:57 [ 0 ] MemoryAllocatedWithoutCheck: 58 (increment)
[clickhouse-builder-0.clickhouse-builder.ch-builder.svc.cluster.local] 2026.05.13 01:31:57 [ 0 ] MemoryAllocatedWithoutCheckBytes: 102080 (increment)
[clickhouse-builder-0.clickhouse-builder.ch-builder.svc.cluster.local] 2026.05.13 01:31:57 [ 0 ] InterfaceNativeSendBytes: 2877 (increment)
[clickhouse-builder-0.clickhouse-builder.ch-builder.svc.cluster.local] 2026.05.13 01:31:57 [ 0 ] DiskConnectionsReused: 29 (increment)
[clickhouse-builder-0.clickhouse-builder.ch-builder.svc.cluster.local] 2026.05.13 01:31:57 [ 0 ] DiskConnectionsPreserved: 29 (increment)
[clickhouse-builder-0.clickhouse-builder.ch-builder.svc.cluster.local] 2026.05.13 01:31:57 [ 0 ] MemoryTrackerUsage: 127729554 (gauge)
[clickhouse-builder-0.clickhouse-builder.ch-builder.svc.cluster.local] 2026.05.13 01:31:57 [ 0 ] MemoryTrackerPeakUsage: 127729554 (gauge)
[clickhouse-builder-0.clickhouse-builder.ch-builder.svc.cluster.local] 2026.05.13 01:31:57 [ 0 ] ReadCompressedBytes: 19877814 (increment)
[clickhouse-builder-0.clickhouse-builder.ch-builder.svc.cluster.local] 2026.05.13 01:31:57 [ 0 ] CompressedReadBufferBlocks: 64 (increment)
[clickhouse-builder-0.clickhouse-builder.ch-builder.svc.cluster.local] 2026.05.13 01:31:57 [ 0 ] CompressedReadBufferBytes: 19922944 (increment)
[clickhouse-builder-0.clickhouse-builder.ch-builder.svc.cluster.local] 2026.05.13 01:31:57 [ 0 ] IOBufferAllocs: 2 (increment)
[clickhouse-builder-0.clickhouse-builder.ch-builder.svc.cluster.local] 2026.05.13 01:31:57 [ 0 ] IOBufferAllocBytes: 131198 (increment)
[clickhouse-builder-0.clickhouse-builder.ch-builder.svc.cluster.local] 2026.05.13 01:31:57 [ 0 ] NetworkReceiveElapsedMicroseconds: 1 (increment)
[clickhouse-builder-0.clickhouse-builder.ch-builder.svc.cluster.local] 2026.05.13 01:31:57 [ 0 ] NetworkSendElapsedMicroseconds: 29 (increment)
[clickhouse-builder-0.clickhouse-builder.ch-builder.svc.cluster.local] 2026.05.13 01:31:57 [ 0 ] NetworkSendBytes: 3837 (increment)
[clickhouse-builder-0.clickhouse-builder.ch-builder.svc.cluster.local] 2026.05.13 01:31:57 [ 0 ] SelectedRows: 131072 (increment)
[clickhouse-builder-0.clickhouse-builder.ch-builder.svc.cluster.local] 2026.05.13 01:31:57 [ 0 ] SelectedBytes: 19005440 (increment)
[clickhouse-builder-0.clickhouse-builder.ch-builder.svc.cluster.local] 2026.05.13 01:31:57 [ 0 ] RowsReadByMainReader: 131072 (increment)
[clickhouse-builder-0.clickhouse-builder.ch-builder.svc.cluster.local] 2026.05.13 01:31:57 [ 0 ] RealTimeMicroseconds: 2328897 (increment)
[clickhouse-builder-0.clickhouse-builder.ch-builder.svc.cluster.local] 2026.05.13 01:31:57 [ 0 ] UserTimeMicroseconds: 23879 (increment)
[clickhouse-builder-0.clickhouse-builder.ch-builder.svc.cluster.local] 2026.05.13 01:31:57 [ 0 ] SystemTimeMicroseconds: 29608 (increment)
[clickhouse-builder-0.clickhouse-builder.ch-builder.svc.cluster.local] 2026.05.13 01:31:57 [ 0 ] SoftPageFaults: 2092 (increment)
[clickhouse-builder-0.clickhouse-builder.ch-builder.svc.cluster.local] 2026.05.13 01:31:57 [ 0 ] OSCPUWaitMicroseconds: 2 (increment)
[clickhouse-builder-0.clickhouse-builder.ch-builder.svc.cluster.local] 2026.05.13 01:31:57 [ 0 ] OSCPUVirtualTimeMicroseconds: 54119 (increment)
[clickhouse-builder-0.clickhouse-builder.ch-builder.svc.cluster.local] 2026.05.13 01:31:57 [ 0 ] OSReadChars: 18177587 (increment)
[clickhouse-builder-0.clickhouse-builder.ch-builder.svc.cluster.local] 2026.05.13 01:31:57 [ 0 ] OSWriteChars: 12652 (increment)
[clickhouse-builder-0.clickhouse-builder.ch-builder.svc.cluster.local] 2026.05.13 01:31:57 [ 0 ] S3ReadMicroseconds: 3172829 (increment)
[clickhouse-builder-0.clickhouse-builder.ch-builder.svc.cluster.local] 2026.05.13 01:31:57 [ 0 ] S3ReadRequestsCount: 16 (increment)
[clickhouse-builder-0.clickhouse-builder.ch-builder.svc.cluster.local] 2026.05.13 01:31:57 [ 0 ] DiskS3ReadMicroseconds: 3172829 (increment)
[clickhouse-builder-0.clickhouse-builder.ch-builder.svc.cluster.local] 2026.05.13 01:31:57 [ 0 ] DiskS3ReadRequestsCount: 16 (increment)
[clickhouse-builder-0.clickhouse-builder.ch-builder.svc.cluster.local] 2026.05.13 01:31:57 [ 0 ] S3GetObject: 16 (increment)
[clickhouse-builder-0.clickhouse-builder.ch-builder.svc.cluster.local] 2026.05.13 01:31:57 [ 0 ] DiskS3GetObject: 16 (increment)
[clickhouse-builder-0.clickhouse-builder.ch-builder.svc.cluster.local] 2026.05.13 01:31:57 [ 0 ] ReadBufferFromS3Microseconds: 4037463 (increment)
[clickhouse-builder-0.clickhouse-builder.ch-builder.svc.cluster.local] 2026.05.13 01:31:57 [ 0 ] ReadBufferFromS3InitMicroseconds: 3179424 (increment)
[clickhouse-builder-0.clickhouse-builder.ch-builder.svc.cluster.local] 2026.05.13 01:31:57 [ 0 ] ReadBufferFromS3Bytes: 23661521 (increment)
[clickhouse-builder-0.clickhouse-builder.ch-builder.svc.cluster.local] 2026.05.13 01:31:57 [ 0 ] MemoryAllocatedWithoutCheck: 32 (increment)
[clickhouse-builder-0.clickhouse-builder.ch-builder.svc.cluster.local] 2026.05.13 01:31:57 [ 0 ] MemoryAllocatedWithoutCheckBytes: 56320 (increment)
[clickhouse-builder-0.clickhouse-builder.ch-builder.svc.cluster.local] 2026.05.13 01:31:57 [ 0 ] InterfaceNativeSendBytes: 3837 (increment)
[clickhouse-builder-0.clickhouse-builder.ch-builder.svc.cluster.local] 2026.05.13 01:31:57 [ 0 ] DiskConnectionsReused: 16 (increment)
[clickhouse-builder-0.clickhouse-builder.ch-builder.svc.cluster.local] 2026.05.13 01:31:57 [ 0 ] DiskConnectionsPreserved: 16 (increment)
[clickhouse-builder-0.clickhouse-builder.ch-builder.svc.cluster.local] 2026.05.13 01:31:57 [ 0 ] MemoryTrackerUsage: 196284480 (gauge)
[clickhouse-builder-0.clickhouse-builder.ch-builder.svc.cluster.local] 2026.05.13 01:31:57 [ 0 ] MemoryTrackerPeakUsage: 196284480 (gauge)
[clickhouse-builder-0.clickhouse-builder.ch-builder.svc.cluster.local] 2026.05.13 01:31:57 [ 0 ] ReadCompressedBytes: 22494950 (increment)
[clickhouse-builder-0.clickhouse-builder.ch-builder.svc.cluster.local] 2026.05.13 01:31:57 [ 0 ] CompressedReadBufferBlocks: 75 (increment)
[clickhouse-builder-0.clickhouse-builder.ch-builder.svc.cluster.local] 2026.05.13 01:31:57 [ 0 ] CompressedReadBufferBytes: 22609920 (increment)
[clickhouse-builder-0.clickhouse-builder.ch-builder.svc.cluster.local] 2026.05.13 01:31:57 [ 0 ] NetworkReceiveElapsedMicroseconds: 2 (increment)
[clickhouse-builder-0.clickhouse-builder.ch-builder.svc.cluster.local] 2026.05.13 01:31:57 [ 0 ] NetworkSendElapsedMicroseconds: 31 (increment)
[clickhouse-builder-0.clickhouse-builder.ch-builder.svc.cluster.local] 2026.05.13 01:31:57 [ 0 ] NetworkSendBytes: 4073 (increment)
[clickhouse-builder-0.clickhouse-builder.ch-builder.svc.cluster.local] 2026.05.13 01:31:57 [ 0 ] SelectedRows: 147456 (increment)
[clickhouse-builder-0.clickhouse-builder.ch-builder.svc.cluster.local] 2026.05.13 01:31:57 [ 0 ] SelectedBytes: 21381120 (increment)
[clickhouse-builder-0.clickhouse-builder.ch-builder.svc.cluster.local] 2026.05.13 01:31:57 [ 0 ] RowsReadByMainReader: 147456 (increment)
[clickhouse-builder-0.clickhouse-builder.ch-builder.svc.cluster.local] 2026.05.13 01:31:57 [ 0 ] RealTimeMicroseconds: 7550811 (increment)
[clickhouse-builder-0.clickhouse-builder.ch-builder.svc.cluster.local] 2026.05.13 01:31:57 [ 0 ] UserTimeMicroseconds: 52351 (increment)
[clickhouse-builder-0.clickhouse-builder.ch-builder.svc.cluster.local] 2026.05.13 01:31:57 [ 0 ] SystemTimeMicroseconds: 72858 (increment)
[clickhouse-builder-0.clickhouse-builder.ch-builder.svc.cluster.local] 2026.05.13 01:31:57 [ 0 ] SoftPageFaults: 2872 (increment)
[clickhouse-builder-0.clickhouse-builder.ch-builder.svc.cluster.local] 2026.05.13 01:31:57 [ 0 ] OSCPUWaitMicroseconds: 285 (increment)
[clickhouse-builder-0.clickhouse-builder.ch-builder.svc.cluster.local] 2026.05.13 01:31:57 [ 0 ] OSCPUVirtualTimeMicroseconds: 125201 (increment)
[clickhouse-builder-0.clickhouse-builder.ch-builder.svc.cluster.local] 2026.05.13 01:31:57 [ 0 ] OSReadChars: 31488816 (increment)
[clickhouse-builder-0.clickhouse-builder.ch-builder.svc.cluster.local] 2026.05.13 01:31:57 [ 0 ] OSWriteChars: 37963 (increment)
[clickhouse-builder-0.clickhouse-builder.ch-builder.svc.cluster.local] 2026.05.13 01:31:57 [ 0 ] S3ReadMicroseconds: 487492 (increment)
[clickhouse-builder-0.clickhouse-builder.ch-builder.svc.cluster.local] 2026.05.13 01:31:57 [ 0 ] S3ReadRequestsCount: 11 (increment)
[clickhouse-builder-0.clickhouse-builder.ch-builder.svc.cluster.local] 2026.05.13 01:31:57 [ 0 ] DiskS3ReadMicroseconds: 487492 (increment)
[clickhouse-builder-0.clickhouse-builder.ch-builder.svc.cluster.local] 2026.05.13 01:31:57 [ 0 ] DiskS3ReadRequestsCount: 11 (increment)
[clickhouse-builder-0.clickhouse-builder.ch-builder.svc.cluster.local] 2026.05.13 01:31:57 [ 0 ] S3GetObject: 11 (increment)
[clickhouse-builder-0.clickhouse-builder.ch-builder.svc.cluster.local] 2026.05.13 01:31:57 [ 0 ] DiskS3GetObject: 11 (increment)
[clickhouse-builder-0.clickhouse-builder.ch-builder.svc.cluster.local] 2026.05.13 01:31:57 [ 0 ] ReadBufferFromS3Microseconds: 6424437 (increment)
[clickhouse-builder-0.clickhouse-builder.ch-builder.svc.cluster.local] 2026.05.13 01:31:57 [ 0 ] ReadBufferFromS3InitMicroseconds: 488394 (increment)
[clickhouse-builder-0.clickhouse-builder.ch-builder.svc.cluster.local] 2026.05.13 01:31:57 [ 0 ] ReadBufferFromS3Bytes: 36065416 (increment)
[clickhouse-builder-0.clickhouse-builder.ch-builder.svc.cluster.local] 2026.05.13 01:31:57 [ 0 ] MemoryAllocatedWithoutCheck: 22 (increment)
[clickhouse-builder-0.clickhouse-builder.ch-builder.svc.cluster.local] 2026.05.13 01:31:57 [ 0 ] MemoryAllocatedWithoutCheckBytes: 38720 (increment)
[clickhouse-builder-0.clickhouse-builder.ch-builder.svc.cluster.local] 2026.05.13 01:31:57 [ 0 ] InterfaceNativeSendBytes: 4073 (increment)
[clickhouse-builder-0.clickhouse-builder.ch-builder.svc.cluster.local] 2026.05.13 01:31:57 [ 0 ] DiskConnectionsReused: 11 (increment)
[clickhouse-builder-0.clickhouse-builder.ch-builder.svc.cluster.local] 2026.05.13 01:31:57 [ 0 ] DiskConnectionsPreserved: 11 (increment)
[clickhouse-builder-0.clickhouse-builder.ch-builder.svc.cluster.local] 2026.05.13 01:31:57 [ 0 ] MemoryTrackerUsage: 240945205 (gauge)
[clickhouse-builder-0.clickhouse-builder.ch-builder.svc.cluster.local] 2026.05.13 01:31:57 [ 0 ] MemoryTrackerPeakUsage: 245863985 (gauge)
[clickhouse-builder-0.clickhouse-builder.ch-builder.svc.cluster.local] 2026.05.13 01:31:57 [ 0 ] FileOpen: 5 (increment)
[clickhouse-builder-0.clickhouse-builder.ch-builder.svc.cluster.local] 2026.05.13 01:31:57 [ 0 ] ReadBufferFromFileDescriptorRead: 10 (increment)
[clickhouse-builder-0.clickhouse-builder.ch-builder.svc.cluster.local] 2026.05.13 01:31:57 [ 0 ] ReadBufferFromFileDescriptorReadBytes: 349 (increment)
[clickhouse-builder-0.clickhouse-builder.ch-builder.svc.cluster.local] 2026.05.13 01:31:57 [ 0 ] ReadCompressedBytes: 131813221 (increment)
[clickhouse-builder-0.clickhouse-builder.ch-builder.svc.cluster.local] 2026.05.13 01:31:57 [ 0 ] CompressedReadBufferBlocks: 384 (increment)
[clickhouse-builder-0.clickhouse-builder.ch-builder.svc.cluster.local] 2026.05.13 01:31:57 [ 0 ] CompressedReadBufferBytes: 132317184 (increment)
[clickhouse-builder-0.clickhouse-builder.ch-builder.svc.cluster.local] 2026.05.13 01:31:57 [ 0 ] OpenedFileCacheMisses: 5 (increment)
[clickhouse-builder-0.clickhouse-builder.ch-builder.svc.cluster.local] 2026.05.13 01:31:57 [ 0 ] OpenedFileCacheMicroseconds: 2 (increment)
[clickhouse-builder-0.clickhouse-builder.ch-builder.svc.cluster.local] 2026.05.13 01:31:57 [ 0 ] IOBufferAllocs: 10 (increment)
[clickhouse-builder-0.clickhouse-builder.ch-builder.svc.cluster.local] 2026.05.13 01:31:57 [ 0 ] IOBufferAllocBytes: 2641109 (increment)
[clickhouse-builder-0.clickhouse-builder.ch-builder.svc.cluster.local] 2026.05.13 01:31:57 [ 0 ] MarkCacheHits: 5 (increment)
[clickhouse-builder-0.clickhouse-builder.ch-builder.svc.cluster.local] 2026.05.13 01:31:57 [ 0 ] CreatedReadBufferOrdinary: 5 (increment)
[clickhouse-builder-0.clickhouse-builder.ch-builder.svc.cluster.local] 2026.05.13 01:31:57 [ 0 ] DiskReadElapsedMicroseconds: 8 (increment)
[clickhouse-builder-0.clickhouse-builder.ch-builder.svc.cluster.local] 2026.05.13 01:31:57 [ 0 ] NetworkReceiveElapsedMicroseconds: 2 (increment)
[clickhouse-builder-0.clickhouse-builder.ch-builder.svc.cluster.local] 2026.05.13 01:31:57 [ 0 ] NetworkSendElapsedMicroseconds: 32 (increment)
[clickhouse-builder-0.clickhouse-builder.ch-builder.svc.cluster.local] 2026.05.13 01:31:57 [ 0 ] NetworkSendBytes: 3862 (increment)
[clickhouse-builder-0.clickhouse-builder.ch-builder.svc.cluster.local] 2026.05.13 01:31:57 [ 0 ] SelectedRows: 892928 (increment)
[clickhouse-builder-0.clickhouse-builder.ch-builder.svc.cluster.local] 2026.05.13 01:31:57 [ 0 ] SelectedBytes: 129474560 (increment)
[clickhouse-builder-0.clickhouse-builder.ch-builder.svc.cluster.local] 2026.05.13 01:31:57 [ 0 ] RowsReadByMainReader: 892928 (increment)
[clickhouse-builder-0.clickhouse-builder.ch-builder.svc.cluster.local] 2026.05.13 01:31:57 [ 0 ] WaitMarksLoadMicroseconds: 16 (increment)
[clickhouse-builder-0.clickhouse-builder.ch-builder.svc.cluster.local] 2026.05.13 01:31:57 [ 0 ] RealTimeMicroseconds: 27183689 (increment)
[clickhouse-builder-0.clickhouse-builder.ch-builder.svc.cluster.local] 2026.05.13 01:31:57 [ 0 ] UserTimeMicroseconds: 219477 (increment)
[clickhouse-builder-0.clickhouse-builder.ch-builder.svc.cluster.local] 2026.05.13 01:31:57 [ 0 ] SystemTimeMicroseconds: 348543 (increment)
[clickhouse-builder-0.clickhouse-builder.ch-builder.svc.cluster.local] 2026.05.13 01:31:57 [ 0 ] SoftPageFaults: 7262 (increment)
[clickhouse-builder-0.clickhouse-builder.ch-builder.svc.cluster.local] 2026.05.13 01:31:57 [ 0 ] OSCPUWaitMicroseconds: 1984 (increment)
[clickhouse-builder-0.clickhouse-builder.ch-builder.svc.cluster.local] 2026.05.13 01:31:57 [ 0 ] OSCPUVirtualTimeMicroseconds: 567977 (increment)
[clickhouse-builder-0.clickhouse-builder.ch-builder.svc.cluster.local] 2026.05.13 01:31:57 [ 0 ] OSReadChars: 151738940 (increment)
[clickhouse-builder-0.clickhouse-builder.ch-builder.svc.cluster.local] 2026.05.13 01:31:57 [ 0 ] OSWriteChars: 132621 (increment)
[clickhouse-builder-0.clickhouse-builder.ch-builder.svc.cluster.local] 2026.05.13 01:31:57 [ 0 ] S3ReadMicroseconds: 1205332 (increment)
[clickhouse-builder-0.clickhouse-builder.ch-builder.svc.cluster.local] 2026.05.13 01:31:57 [ 0 ] S3ReadRequestsCount: 15 (increment)
[clickhouse-builder-0.clickhouse-builder.ch-builder.svc.cluster.local] 2026.05.13 01:31:57 [ 0 ] DiskS3ReadMicroseconds: 1205332 (increment)
[clickhouse-builder-0.clickhouse-builder.ch-builder.svc.cluster.local] 2026.05.13 01:31:57 [ 0 ] DiskS3ReadRequestsCount: 15 (increment)
[clickhouse-builder-0.clickhouse-builder.ch-builder.svc.cluster.local] 2026.05.13 01:31:57 [ 0 ] S3GetObject: 15 (increment)
[clickhouse-builder-0.clickhouse-builder.ch-builder.svc.cluster.local] 2026.05.13 01:31:57 [ 0 ] DiskS3GetObject: 15 (increment)
[clickhouse-builder-0.clickhouse-builder.ch-builder.svc.cluster.local] 2026.05.13 01:31:57 [ 0 ] ReadBufferFromS3Microseconds: 8243939 (increment)
[clickhouse-builder-0.clickhouse-builder.ch-builder.svc.cluster.local] 2026.05.13 01:31:57 [ 0 ] ReadBufferFromS3InitMicroseconds: 1208418 (increment)
[clickhouse-builder-0.clickhouse-builder.ch-builder.svc.cluster.local] 2026.05.13 01:31:57 [ 0 ] ReadBufferFromS3Bytes: 124670931 (increment)
[clickhouse-builder-0.clickhouse-builder.ch-builder.svc.cluster.local] 2026.05.13 01:31:57 [ 0 ] MemoryAllocatedWithoutCheck: 30 (increment)
[clickhouse-builder-0.clickhouse-builder.ch-builder.svc.cluster.local] 2026.05.13 01:31:57 [ 0 ] MemoryAllocatedWithoutCheckBytes: 52800 (increment)
[clickhouse-builder-0.clickhouse-builder.ch-builder.svc.cluster.local] 2026.05.13 01:31:57 [ 0 ] InterfaceNativeSendBytes: 3862 (increment)
[clickhouse-builder-0.clickhouse-builder.ch-builder.svc.cluster.local] 2026.05.13 01:31:57 [ 0 ] DiskConnectionsReused: 15 (increment)
[clickhouse-builder-0.clickhouse-builder.ch-builder.svc.cluster.local] 2026.05.13 01:31:57 [ 0 ] DiskConnectionsPreserved: 15 (increment)
[clickhouse-builder-0.clickhouse-builder.ch-builder.svc.cluster.local] 2026.05.13 01:31:57 [ 0 ] MemoryTrackerUsage: 264488458 (gauge)
[clickhouse-builder-0.clickhouse-builder.ch-builder.svc.cluster.local] 2026.05.13 01:31:57 [ 0 ] MemoryTrackerPeakUsage: 265754966 (gauge)
[clickhouse-builder-0.clickhouse-builder.ch-builder.svc.cluster.local] 2026.05.13 01:31:57 [ 0 ] FileOpen: 15 (increment)
[clickhouse-builder-0.clickhouse-builder.ch-builder.svc.cluster.local] 2026.05.13 01:31:57 [ 0 ] ReadBufferFromFileDescriptorRead: 30 (increment)
[clickhouse-builder-0.clickhouse-builder.ch-builder.svc.cluster.local] 2026.05.13 01:31:57 [ 0 ] ReadBufferFromFileDescriptorReadBytes: 1047 (increment)
[clickhouse-builder-0.clickhouse-builder.ch-builder.svc.cluster.local] 2026.05.13 01:31:57 [ 0 ] ReadCompressedBytes: 145739851 (increment)
[clickhouse-builder-0.clickhouse-builder.ch-builder.svc.cluster.local] 2026.05.13 01:31:57 [ 0 ] CompressedReadBufferBlocks: 404 (increment)
[clickhouse-builder-0.clickhouse-builder.ch-builder.svc.cluster.local] 2026.05.13 01:31:57 [ 0 ] CompressedReadBufferBytes: 146407424 (increment)
[clickhouse-builder-0.clickhouse-builder.ch-builder.svc.cluster.local] 2026.05.13 01:31:57 [ 0 ] OpenedFileCacheMisses: 15 (increment)
[clickhouse-builder-0.clickhouse-builder.ch-builder.svc.cluster.local] 2026.05.13 01:31:57 [ 0 ] OpenedFileCacheMicroseconds: 5 (increment)
[clickhouse-builder-0.clickhouse-builder.ch-builder.svc.cluster.local] 2026.05.13 01:31:57 [ 0 ] IOBufferAllocs: 31 (increment)
[clickhouse-builder-0.clickhouse-builder.ch-builder.svc.cluster.local] 2026.05.13 01:31:57 [ 0 ] IOBufferAllocBytes: 7989086 (increment)
[clickhouse-builder-0.clickhouse-builder.ch-builder.svc.cluster.local] 2026.05.13 01:31:57 [ 0 ] MarkCacheHits: 15 (increment)
[clickhouse-builder-0.clickhouse-builder.ch-builder.svc.cluster.local] 2026.05.13 01:31:57 [ 0 ] CreatedReadBufferOrdinary: 15 (increment)
[clickhouse-builder-0.clickhouse-builder.ch-builder.svc.cluster.local] 2026.05.13 01:31:57 [ 0 ] DiskReadElapsedMicroseconds: 28 (increment)
[clickhouse-builder-0.clickhouse-builder.ch-builder.svc.cluster.local] 2026.05.13 01:31:57 [ 0 ] NetworkReceiveElapsedMicroseconds: 1 (increment)
[clickhouse-builder-0.clickhouse-builder.ch-builder.svc.cluster.local] 2026.05.13 01:31:57 [ 0 ] NetworkSendElapsedMicroseconds: 28 (increment)
[clickhouse-builder-0.clickhouse-builder.ch-builder.svc.cluster.local] 2026.05.13 01:31:57 [ 0 ] NetworkSendBytes: 5107 (increment)
[clickhouse-builder-0.clickhouse-builder.ch-builder.svc.cluster.local] 2026.05.13 01:31:57 [ 0 ] SelectedRows: 999424 (increment)
[clickhouse-builder-0.clickhouse-builder.ch-builder.svc.cluster.local] 2026.05.13 01:31:57 [ 0 ] SelectedBytes: 144916480 (increment)
[clickhouse-builder-0.clickhouse-builder.ch-builder.svc.cluster.local] 2026.05.13 01:31:57 [ 0 ] RowsReadByMainReader: 999424 (increment)
[clickhouse-builder-0.clickhouse-builder.ch-builder.svc.cluster.local] 2026.05.13 01:31:57 [ 0 ] WaitMarksLoadMicroseconds: 40 (increment)
[clickhouse-builder-0.clickhouse-builder.ch-builder.svc.cluster.local] 2026.05.13 01:31:57 [ 0 ] RealTimeMicroseconds: 10824620 (increment)
[clickhouse-builder-0.clickhouse-builder.ch-builder.svc.cluster.local] 2026.05.13 01:31:57 [ 0 ] UserTimeMicroseconds: 143867 (increment)
[clickhouse-builder-0.clickhouse-builder.ch-builder.svc.cluster.local] 2026.05.13 01:31:57 [ 0 ] SystemTimeMicroseconds: 183094 (increment)
[clickhouse-builder-0.clickhouse-builder.ch-builder.svc.cluster.local] 2026.05.13 01:31:57 [ 0 ] SoftPageFaults: 4604 (increment)
[clickhouse-builder-0.clickhouse-builder.ch-builder.svc.cluster.local] 2026.05.13 01:31:57 [ 0 ] OSCPUWaitMicroseconds: 701 (increment)
[clickhouse-builder-0.clickhouse-builder.ch-builder.svc.cluster.local] 2026.05.13 01:31:57 [ 0 ] OSCPUVirtualTimeMicroseconds: 326926 (increment)
[clickhouse-builder-0.clickhouse-builder.ch-builder.svc.cluster.local] 2026.05.13 01:31:57 [ 0 ] OSReadChars: 115670261 (increment)
[clickhouse-builder-0.clickhouse-builder.ch-builder.svc.cluster.local] 2026.05.13 01:31:57 [ 0 ] OSWriteChars: 44262 (increment)
[clickhouse-builder-0.clickhouse-builder.ch-builder.svc.cluster.local] 2026.05.13 01:31:57 [ 0 ] S3ReadMicroseconds: 977074 (increment)
[clickhouse-builder-0.clickhouse-builder.ch-builder.svc.cluster.local] 2026.05.13 01:31:57 [ 0 ] S3ReadRequestsCount: 23 (increment)
[clickhouse-builder-0.clickhouse-builder.ch-builder.svc.cluster.local] 2026.05.13 01:31:57 [ 0 ] DiskS3ReadMicroseconds: 977074 (increment)
[clickhouse-builder-0.clickhouse-builder.ch-builder.svc.cluster.local] 2026.05.13 01:31:57 [ 0 ] DiskS3ReadRequestsCount: 23 (increment)
[clickhouse-builder-0.clickhouse-builder.ch-builder.svc.cluster.local] 2026.05.13 01:31:57 [ 0 ] S3GetObject: 23 (increment)
[clickhouse-builder-0.clickhouse-builder.ch-builder.svc.cluster.local] 2026.05.13 01:31:57 [ 0 ] DiskS3GetObject: 23 (increment)
[clickhouse-builder-0.clickhouse-builder.ch-builder.svc.cluster.local] 2026.05.13 01:31:57 [ 0 ] ReadBufferFromS3Microseconds: 2838956 (increment)
[clickhouse-builder-0.clickhouse-builder.ch-builder.svc.cluster.local] 2026.05.13 01:31:57 [ 0 ] ReadBufferFromS3InitMicroseconds: 980440 (increment)
[clickhouse-builder-0.clickhouse-builder.ch-builder.svc.cluster.local] 2026.05.13 01:31:57 [ 0 ] ReadBufferFromS3Bytes: 112448123 (increment)
[clickhouse-builder-0.clickhouse-builder.ch-builder.svc.cluster.local] 2026.05.13 01:31:57 [ 0 ] MemoryAllocatedWithoutCheck: 46 (increment)
[clickhouse-builder-0.clickhouse-builder.ch-builder.svc.cluster.local] 2026.05.13 01:31:57 [ 0 ] MemoryAllocatedWithoutCheckBytes: 80960 (increment)
[clickhouse-builder-0.clickhouse-builder.ch-builder.svc.cluster.local] 2026.05.13 01:31:57 [ 0 ] InterfaceNativeSendBytes: 5107 (increment)
[clickhouse-builder-0.clickhouse-builder.ch-builder.svc.cluster.local] 2026.05.13 01:31:57 [ 0 ] DiskConnectionsCreated: 1 (increment)
[clickhouse-builder-0.clickhouse-builder.ch-builder.svc.cluster.local] 2026.05.13 01:31:57 [ 0 ] DiskConnectionsReused: 22 (increment)
[clickhouse-builder-0.clickhouse-builder.ch-builder.svc.cluster.local] 2026.05.13 01:31:57 [ 0 ] DiskConnectionsPreserved: 22 (increment)
[clickhouse-builder-0.clickhouse-builder.ch-builder.svc.cluster.local] 2026.05.13 01:31:57 [ 0 ] DiskConnectionsElapsedMicroseconds: 3913 (increment)
[clickhouse-builder-0.clickhouse-builder.ch-builder.svc.cluster.local] 2026.05.13 01:31:57 [ 0 ] MemoryTrackerUsage: 222501200 (gauge)
[clickhouse-builder-0.clickhouse-builder.ch-builder.svc.cluster.local] 2026.05.13 01:31:57 [ 0 ] MemoryTrackerPeakUsage: 265754966 (gauge)
[clickhouse-builder-0.clickhouse-builder.ch-builder.svc.cluster.local] 2026.05.13 01:31:57 [ 0 ] FileOpen: 5 (increment)
[clickhouse-builder-0.clickhouse-builder.ch-builder.svc.cluster.local] 2026.05.13 01:31:57 [ 0 ] ReadBufferFromFileDescriptorRead: 10 (increment)
[clickhouse-builder-0.clickhouse-builder.ch-builder.svc.cluster.local] 2026.05.13 01:31:57 [ 0 ] ReadBufferFromFileDescriptorReadBytes: 349 (increment)
[clickhouse-builder-0.clickhouse-builder.ch-builder.svc.cluster.local] 2026.05.13 01:31:57 [ 0 ] ReadCompressedBytes: 47901496 (increment)
[clickhouse-builder-0.clickhouse-builder.ch-builder.svc.cluster.local] 2026.05.13 01:31:57 [ 0 ] CompressedReadBufferBlocks: 153 (increment)
[clickhouse-builder-0.clickhouse-builder.ch-builder.svc.cluster.local] 2026.05.13 01:31:57 [ 0 ] CompressedReadBufferBytes: 48365568 (increment)
[clickhouse-builder-0.clickhouse-builder.ch-builder.svc.cluster.local] 2026.05.13 01:31:57 [ 0 ] OpenedFileCacheMisses: 5 (increment)
[clickhouse-builder-0.clickhouse-builder.ch-builder.svc.cluster.local] 2026.05.13 01:31:57 [ 0 ] OpenedFileCacheMicroseconds: 2 (increment)
[clickhouse-builder-0.clickhouse-builder.ch-builder.svc.cluster.local] 2026.05.13 01:31:57 [ 0 ] IOBufferAllocs: 13 (increment)
[clickhouse-builder-0.clickhouse-builder.ch-builder.svc.cluster.local] 2026.05.13 01:31:57 [ 0 ] IOBufferAllocBytes: 2838233 (increment)
[clickhouse-builder-0.clickhouse-builder.ch-builder.svc.cluster.local] 2026.05.13 01:31:57 [ 0 ] MarkCacheHits: 5 (increment)
[clickhouse-builder-0.clickhouse-builder.ch-builder.svc.cluster.local] 2026.05.13 01:31:57 [ 0 ] CreatedReadBufferOrdinary: 5 (increment)
[clickhouse-builder-0.clickhouse-builder.ch-builder.svc.cluster.local] 2026.05.13 01:31:57 [ 0 ] DiskReadElapsedMicroseconds: 8 (increment)
[clickhouse-builder-0.clickhouse-builder.ch-builder.svc.cluster.local] 2026.05.13 01:31:57 [ 0 ] NetworkReceiveElapsedMicroseconds: 2 (increment)
[clickhouse-builder-0.clickhouse-builder.ch-builder.svc.cluster.local] 2026.05.13 01:31:57 [ 0 ] NetworkSendElapsedMicroseconds: 39 (increment)
[clickhouse-builder-0.clickhouse-builder.ch-builder.svc.cluster.local] 2026.05.13 01:31:57 [ 0 ] NetworkSendBytes: 5345 (increment)
[clickhouse-builder-0.clickhouse-builder.ch-builder.svc.cluster.local] 2026.05.13 01:31:57 [ 0 ] SelectedRows: 319488 (increment)
[clickhouse-builder-0.clickhouse-builder.ch-builder.svc.cluster.local] 2026.05.13 01:31:57 [ 0 ] SelectedBytes: 46325760 (increment)
[clickhouse-builder-0.clickhouse-builder.ch-builder.svc.cluster.local] 2026.05.13 01:31:57 [ 0 ] RowsReadByMainReader: 319488 (increment)
[clickhouse-builder-0.clickhouse-builder.ch-builder.svc.cluster.local] 2026.05.13 01:31:57 [ 0 ] WaitMarksLoadMicroseconds: 13 (increment)
[clickhouse-builder-0.clickhouse-builder.ch-builder.svc.cluster.local] 2026.05.13 01:31:57 [ 0 ] RealTimeMicroseconds: 9416080 (increment)
[clickhouse-builder-0.clickhouse-builder.ch-builder.svc.cluster.local] 2026.05.13 01:31:57 [ 0 ] UserTimeMicroseconds: 66274 (increment)
[clickhouse-builder-0.clickhouse-builder.ch-builder.svc.cluster.local] 2026.05.13 01:31:57 [ 0 ] SystemTimeMicroseconds: 104920 (increment)
[clickhouse-builder-0.clickhouse-builder.ch-builder.svc.cluster.local] 2026.05.13 01:31:57 [ 0 ] SoftPageFaults: 2005 (increment)
[clickhouse-builder-0.clickhouse-builder.ch-builder.svc.cluster.local] 2026.05.13 01:31:57 [ 0 ] OSCPUWaitMicroseconds: 461 (increment)
[clickhouse-builder-0.clickhouse-builder.ch-builder.svc.cluster.local] 2026.05.13 01:31:57 [ 0 ] OSCPUVirtualTimeMicroseconds: 171178 (increment)
[clickhouse-builder-0.clickhouse-builder.ch-builder.svc.cluster.local] 2026.05.13 01:31:57 [ 0 ] OSReadChars: 52113769 (increment)
[clickhouse-builder-0.clickhouse-builder.ch-builder.svc.cluster.local] 2026.05.13 01:31:57 [ 0 ] OSWriteChars: 37959 (increment)
[clickhouse-builder-0.clickhouse-builder.ch-builder.svc.cluster.local] 2026.05.13 01:31:57 [ 0 ] S3ReadMicroseconds: 1356498 (increment)
[clickhouse-builder-0.clickhouse-builder.ch-builder.svc.cluster.local] 2026.05.13 01:31:57 [ 0 ] S3ReadRequestsCount: 25 (increment)
[clickhouse-builder-0.clickhouse-builder.ch-builder.svc.cluster.local] 2026.05.13 01:31:57 [ 0 ] DiskS3ReadMicroseconds: 1356498 (increment)
[clickhouse-builder-0.clickhouse-builder.ch-builder.svc.cluster.local] 2026.05.13 01:31:57 [ 0 ] DiskS3ReadRequestsCount: 25 (increment)
[clickhouse-builder-0.clickhouse-builder.ch-builder.svc.cluster.local] 2026.05.13 01:31:57 [ 0 ] S3GetObject: 25 (increment)
[clickhouse-builder-0.clickhouse-builder.ch-builder.svc.cluster.local] 2026.05.13 01:31:57 [ 0 ] DiskS3GetObject: 25 (increment)
[clickhouse-builder-0.clickhouse-builder.ch-builder.svc.cluster.local] 2026.05.13 01:31:57 [ 0 ] ReadBufferFromS3Microseconds: 6450461 (increment)
[clickhouse-builder-0.clickhouse-builder.ch-builder.svc.cluster.local] 2026.05.13 01:31:57 [ 0 ] ReadBufferFromS3InitMicroseconds: 1360327 (increment)
[clickhouse-builder-0.clickhouse-builder.ch-builder.svc.cluster.local] 2026.05.13 01:31:57 [ 0 ] ReadBufferFromS3Bytes: 47949823 (increment)
[clickhouse-builder-0.clickhouse-builder.ch-builder.svc.cluster.local] 2026.05.13 01:31:57 [ 0 ] MemoryAllocatedWithoutCheck: 50 (increment)
[clickhouse-builder-0.clickhouse-builder.ch-builder.svc.cluster.local] 2026.05.13 01:31:57 [ 0 ] MemoryAllocatedWithoutCheckBytes: 88000 (increment)
[clickhouse-builder-0.clickhouse-builder.ch-builder.svc.cluster.local] 2026.05.13 01:31:57 [ 0 ] InterfaceNativeSendBytes: 5345 (increment)
[clickhouse-builder-0.clickhouse-builder.ch-builder.svc.cluster.local] 2026.05.13 01:31:57 [ 0 ] DiskConnectionsCreated: 1 (increment)
[clickhouse-builder-0.clickhouse-builder.ch-builder.svc.cluster.local] 2026.05.13 01:31:57 [ 0 ] DiskConnectionsReused: 24 (increment)
[clickhouse-builder-0.clickhouse-builder.ch-builder.svc.cluster.local] 2026.05.13 01:31:57 [ 0 ] DiskConnectionsPreserved: 24 (increment)
[clickhouse-builder-0.clickhouse-builder.ch-builder.svc.cluster.local] 2026.05.13 01:31:57 [ 0 ] DiskConnectionsElapsedMicroseconds: 2810 (increment)
[clickhouse-builder-0.clickhouse-builder.ch-builder.svc.cluster.local] 2026.05.13 01:31:57 [ 0 ] MemoryTrackerUsage: 223440594 (gauge)
[clickhouse-builder-0.clickhouse-builder.ch-builder.svc.cluster.local] 2026.05.13 01:31:57 [ 0 ] MemoryTrackerPeakUsage: 265754966 (gauge)
[clickhouse-builder-0.clickhouse-builder.ch-builder.svc.cluster.local] 2026.05.13 01:31:57 [ 0 ] FileOpen: 5 (increment)
[clickhouse-builder-0.clickhouse-builder.ch-builder.svc.cluster.local] 2026.05.13 01:31:57 [ 0 ] ReadBufferFromFileDescriptorRead: 10 (increment)
[clickhouse-builder-0.clickhouse-builder.ch-builder.svc.cluster.local] 2026.05.13 01:31:57 [ 0 ] ReadBufferFromFileDescriptorReadBytes: 349 (increment)
[clickhouse-builder-0.clickhouse-builder.ch-builder.svc.cluster.local] 2026.05.13 01:31:57 [ 0 ] ReadCompressedBytes: 71893674 (increment)
[clickhouse-builder-0.clickhouse-builder.ch-builder.svc.cluster.local] 2026.05.13 01:31:57 [ 0 ] CompressedReadBufferBlocks: 218 (increment)
[clickhouse-builder-0.clickhouse-builder.ch-builder.svc.cluster.local] 2026.05.13 01:31:57 [ 0 ] CompressedReadBufferBytes: 72286208 (increment)
[clickhouse-builder-0.clickhouse-builder.ch-builder.svc.cluster.local] 2026.05.13 01:31:57 [ 0 ] OpenedFileCacheMisses: 5 (increment)
[clickhouse-builder-0.clickhouse-builder.ch-builder.svc.cluster.local] 2026.05.13 01:31:57 [ 0 ] OpenedFileCacheMicroseconds: 2 (increment)
[clickhouse-builder-0.clickhouse-builder.ch-builder.svc.cluster.local] 2026.05.13 01:31:57 [ 0 ] IOBufferAllocs: 11 (increment)
[clickhouse-builder-0.clickhouse-builder.ch-builder.svc.cluster.local] 2026.05.13 01:31:57 [ 0 ] IOBufferAllocBytes: 2706593 (increment)
[clickhouse-builder-0.clickhouse-builder.ch-builder.svc.cluster.local] 2026.05.13 01:31:57 [ 0 ] MarkCacheHits: 5 (increment)
[clickhouse-builder-0.clickhouse-builder.ch-builder.svc.cluster.local] 2026.05.13 01:31:57 [ 0 ] CreatedReadBufferOrdinary: 5 (increment)
[clickhouse-builder-0.clickhouse-builder.ch-builder.svc.cluster.local] 2026.05.13 01:31:57 [ 0 ] DiskReadElapsedMicroseconds: 9 (increment)
[clickhouse-builder-0.clickhouse-builder.ch-builder.svc.cluster.local] 2026.05.13 01:31:57 [ 0 ] NetworkReceiveElapsedMicroseconds: 1 (increment)
[clickhouse-builder-0.clickhouse-builder.ch-builder.svc.cluster.local] 2026.05.13 01:31:57 [ 0 ] NetworkSendElapsedMicroseconds: 33 (increment)
[clickhouse-builder-0.clickhouse-builder.ch-builder.svc.cluster.local] 2026.05.13 01:31:57 [ 0 ] NetworkSendBytes: 5345 (increment)
[clickhouse-builder-0.clickhouse-builder.ch-builder.svc.cluster.local] 2026.05.13 01:31:57 [ 0 ] SelectedRows: 483328 (increment)
[clickhouse-builder-0.clickhouse-builder.ch-builder.svc.cluster.local] 2026.05.13 01:31:57 [ 0 ] SelectedBytes: 70082560 (increment)
[clickhouse-builder-0.clickhouse-builder.ch-builder.svc.cluster.local] 2026.05.13 01:31:57 [ 0 ] RowsReadByMainReader: 483328 (increment)
[clickhouse-builder-0.clickhouse-builder.ch-builder.svc.cluster.local] 2026.05.13 01:31:57 [ 0 ] WaitMarksLoadMicroseconds: 15 (increment)
[clickhouse-builder-0.clickhouse-builder.ch-builder.svc.cluster.local] 2026.05.13 01:31:57 [ 0 ] RealTimeMicroseconds: 8438042 (increment)
[clickhouse-builder-0.clickhouse-builder.ch-builder.svc.cluster.local] 2026.05.13 01:31:57 [ 0 ] UserTimeMicroseconds: 81416 (increment)
[clickhouse-builder-0.clickhouse-builder.ch-builder.svc.cluster.local] 2026.05.13 01:31:57 [ 0 ] SystemTimeMicroseconds: 105833 (increment)
[clickhouse-builder-0.clickhouse-builder.ch-builder.svc.cluster.local] 2026.05.13 01:31:57 [ 0 ] SoftPageFaults: 1457 (increment)
[clickhouse-builder-0.clickhouse-builder.ch-builder.svc.cluster.local] 2026.05.13 01:31:57 [ 0 ] OSCPUWaitMicroseconds: 246 (increment)
[clickhouse-builder-0.clickhouse-builder.ch-builder.svc.cluster.local] 2026.05.13 01:31:57 [ 0 ] OSCPUVirtualTimeMicroseconds: 187232 (increment)
[clickhouse-builder-0.clickhouse-builder.ch-builder.svc.cluster.local] 2026.05.13 01:31:57 [ 0 ] OSReadChars: 59552168 (increment)
[clickhouse-builder-0.clickhouse-builder.ch-builder.svc.cluster.local] 2026.05.13 01:31:57 [ 0 ] OSWriteChars: 31642 (increment)
[clickhouse-builder-0.clickhouse-builder.ch-builder.svc.cluster.local] 2026.05.13 01:31:57 [ 0 ] S3ReadMicroseconds: 2083941 (increment)
[clickhouse-builder-0.clickhouse-builder.ch-builder.svc.cluster.local] 2026.05.13 01:31:57 [ 0 ] S3ReadRequestsCount: 19 (increment)
[clickhouse-builder-0.clickhouse-builder.ch-builder.svc.cluster.local] 2026.05.13 01:31:57 [ 0 ] DiskS3ReadMicroseconds: 2083941 (increment)
[clickhouse-builder-0.clickhouse-builder.ch-builder.svc.cluster.local] 2026.05.13 01:31:57 [ 0 ] DiskS3ReadRequestsCount: 19 (increment)
[clickhouse-builder-0.clickhouse-builder.ch-builder.svc.cluster.local] 2026.05.13 01:31:57 [ 0 ] S3GetObject: 19 (increment)
[clickhouse-builder-0.clickhouse-builder.ch-builder.svc.cluster.local] 2026.05.13 01:31:57 [ 0 ] DiskS3GetObject: 19 (increment)
[clickhouse-builder-0.clickhouse-builder.ch-builder.svc.cluster.local] 2026.05.13 01:31:57 [ 0 ] ReadBufferFromS3Microseconds: 3825808 (increment)
[clickhouse-builder-0.clickhouse-builder.ch-builder.svc.cluster.local] 2026.05.13 01:31:57 [ 0 ] ReadBufferFromS3InitMicroseconds: 2088103 (increment)
[clickhouse-builder-0.clickhouse-builder.ch-builder.svc.cluster.local] 2026.05.13 01:31:57 [ 0 ] ReadBufferFromS3Bytes: 58196353 (increment)
[clickhouse-builder-0.clickhouse-builder.ch-builder.svc.cluster.local] 2026.05.13 01:31:57 [ 0 ] MemoryAllocatedWithoutCheck: 44 (increment)
[clickhouse-builder-0.clickhouse-builder.ch-builder.svc.cluster.local] 2026.05.13 01:31:57 [ 0 ] MemoryAllocatedWithoutCheckBytes: 77440 (increment)
[clickhouse-builder-0.clickhouse-builder.ch-builder.svc.cluster.local] 2026.05.13 01:31:57 [ 0 ] InterfaceNativeSendBytes: 5345 (increment)
[clickhouse-builder-0.clickhouse-builder.ch-builder.svc.cluster.local] 2026.05.13 01:31:57 [ 0 ] DiskConnectionsCreated: 1 (increment)
[clickhouse-builder-0.clickhouse-builder.ch-builder.svc.cluster.local] 2026.05.13 01:31:57 [ 0 ] DiskConnectionsReused: 18 (increment)
[clickhouse-builder-0.clickhouse-builder.ch-builder.svc.cluster.local] 2026.05.13 01:31:57 [ 0 ] DiskConnectionsPreserved: 21 (increment)
[clickhouse-builder-0.clickhouse-builder.ch-builder.svc.cluster.local] 2026.05.13 01:31:57 [ 0 ] DiskConnectionsElapsedMicroseconds: 3884 (increment)
[clickhouse-builder-0.clickhouse-builder.ch-builder.svc.cluster.local] 2026.05.13 01:31:57 [ 0 ] MemoryTrackerUsage: 191708413 (gauge)
[clickhouse-builder-0.clickhouse-builder.ch-builder.svc.cluster.local] 2026.05.13 01:31:57 [ 0 ] MemoryTrackerPeakUsage: 265754966 (gauge)
[clickhouse-builder-0.clickhouse-builder.ch-builder.svc.cluster.local] 2026.05.13 01:31:57 [ 0 ] ReadCompressedBytes: 7706283 (increment)
[clickhouse-builder-0.clickhouse-builder.ch-builder.svc.cluster.local] 2026.05.13 01:31:57 [ 0 ] CompressedReadBufferBlocks: 44 (increment)
[clickhouse-builder-0.clickhouse-builder.ch-builder.svc.cluster.local] 2026.05.13 01:31:57 [ 0 ] CompressedReadBufferBytes: 7798784 (increment)
[clickhouse-builder-0.clickhouse-builder.ch-builder.svc.cluster.local] 2026.05.13 01:31:57 [ 0 ] IOBufferAllocs: 2 (increment)
[clickhouse-builder-0.clickhouse-builder.ch-builder.svc.cluster.local] 2026.05.13 01:31:57 [ 0 ] IOBufferAllocBytes: 131262 (increment)
[clickhouse-builder-0.clickhouse-builder.ch-builder.svc.cluster.local] 2026.05.13 01:31:57 [ 0 ] NetworkReceiveElapsedMicroseconds: 1 (increment)
[clickhouse-builder-0.clickhouse-builder.ch-builder.svc.cluster.local] 2026.05.13 01:31:57 [ 0 ] NetworkSendElapsedMicroseconds: 26 (increment)
[clickhouse-builder-0.clickhouse-builder.ch-builder.svc.cluster.local] 2026.05.13 01:31:57 [ 0 ] NetworkSendBytes: 5345 (increment)
[clickhouse-builder-0.clickhouse-builder.ch-builder.svc.cluster.local] 2026.05.13 01:31:57 [ 0 ] SelectedRows: 40960 (increment)
[clickhouse-builder-0.clickhouse-builder.ch-builder.svc.cluster.local] 2026.05.13 01:31:57 [ 0 ] SelectedBytes: 5939200 (increment)
[clickhouse-builder-0.clickhouse-builder.ch-builder.svc.cluster.local] 2026.05.13 01:31:57 [ 0 ] RowsReadByMainReader: 40960 (increment)
[clickhouse-builder-0.clickhouse-builder.ch-builder.svc.cluster.local] 2026.05.13 01:31:57 [ 0 ] RealTimeMicroseconds: 2510918 (increment)
[clickhouse-builder-0.clickhouse-builder.ch-builder.svc.cluster.local] 2026.05.13 01:31:57 [ 0 ] UserTimeMicroseconds: 13807 (increment)
[clickhouse-builder-0.clickhouse-builder.ch-builder.svc.cluster.local] 2026.05.13 01:31:57 [ 0 ] SystemTimeMicroseconds: 15401 (increment)
[clickhouse-builder-0.clickhouse-builder.ch-builder.svc.cluster.local] 2026.05.13 01:31:57 [ 0 ] SoftPageFaults: 89 (increment)
[clickhouse-builder-0.clickhouse-builder.ch-builder.svc.cluster.local] 2026.05.13 01:31:57 [ 0 ] OSCPUVirtualTimeMicroseconds: 29204 (increment)
[clickhouse-builder-0.clickhouse-builder.ch-builder.svc.cluster.local] 2026.05.13 01:31:57 [ 0 ] OSReadChars: 8394853 (increment)
[clickhouse-builder-0.clickhouse-builder.ch-builder.svc.cluster.local] 2026.05.13 01:31:57 [ 0 ] OSWriteChars: 9060 (increment)
[clickhouse-builder-0.clickhouse-builder.ch-builder.svc.cluster.local] 2026.05.13 01:31:57 [ 0 ] S3ReadMicroseconds: 2763944 (increment)
[clickhouse-builder-0.clickhouse-builder.ch-builder.svc.cluster.local] 2026.05.13 01:31:57 [ 0 ] S3ReadRequestsCount: 31 (increment)
[clickhouse-builder-0.clickhouse-builder.ch-builder.svc.cluster.local] 2026.05.13 01:31:57 [ 0 ] DiskS3ReadMicroseconds: 2763944 (increment)
[clickhouse-builder-0.clickhouse-builder.ch-builder.svc.cluster.local] 2026.05.13 01:31:57 [ 0 ] DiskS3ReadRequestsCount: 31 (increment)
[clickhouse-builder-0.clickhouse-builder.ch-builder.svc.cluster.local] 2026.05.13 01:31:57 [ 0 ] S3GetObject: 31 (increment)
[clickhouse-builder-0.clickhouse-builder.ch-builder.svc.cluster.local] 2026.05.13 01:31:57 [ 0 ] DiskS3GetObject: 31 (increment)
[clickhouse-builder-0.clickhouse-builder.ch-builder.svc.cluster.local] 2026.05.13 01:31:57 [ 0 ] ReadBufferFromS3Microseconds: 7391971 (increment)
[clickhouse-builder-0.clickhouse-builder.ch-builder.svc.cluster.local] 2026.05.13 01:31:57 [ 0 ] ReadBufferFromS3InitMicroseconds: 2776997 (increment)
[clickhouse-builder-0.clickhouse-builder.ch-builder.svc.cluster.local] 2026.05.13 01:31:57 [ 0 ] ReadBufferFromS3Bytes: 13785514 (increment)
[clickhouse-builder-0.clickhouse-builder.ch-builder.svc.cluster.local] 2026.05.13 01:31:57 [ 0 ] MemoryAllocatedWithoutCheck: 58 (increment)
[clickhouse-builder-0.clickhouse-builder.ch-builder.svc.cluster.local] 2026.05.13 01:31:57 [ 0 ] MemoryAllocatedWithoutCheckBytes: 102080 (increment)
[clickhouse-builder-0.clickhouse-builder.ch-builder.svc.cluster.local] 2026.05.13 01:31:57 [ 0 ] InterfaceNativeSendBytes: 5345 (increment)
[clickhouse-builder-0.clickhouse-builder.ch-builder.svc.cluster.local] 2026.05.13 01:31:57 [ 0 ] DiskConnectionsReused: 31 (increment)
[clickhouse-builder-0.clickhouse-builder.ch-builder.svc.cluster.local] 2026.05.13 01:31:57 [ 0 ] DiskConnectionsPreserved: 29 (increment)
[clickhouse-builder-0.clickhouse-builder.ch-builder.svc.cluster.local] 2026.05.13 01:31:57 [ 0 ] MemoryTrackerUsage: 182311745 (gauge)
[clickhouse-builder-0.clickhouse-builder.ch-builder.svc.cluster.local] 2026.05.13 01:31:57 [ 0 ] MemoryTrackerPeakUsage: 265754966 (gauge)
[clickhouse-builder-0.clickhouse-builder.ch-builder.svc.cluster.local] 2026.05.13 01:31:57 [ 0 ] ReadCompressedBytes: 12364272 (increment)
[clickhouse-builder-0.clickhouse-builder.ch-builder.svc.cluster.local] 2026.05.13 01:31:57 [ 0 ] CompressedReadBufferBlocks: 54 (increment)
[clickhouse-builder-0.clickhouse-builder.ch-builder.svc.cluster.local] 2026.05.13 01:31:57 [ 0 ] CompressedReadBufferBytes: 12386304 (increment)
[clickhouse-builder-0.clickhouse-builder.ch-builder.svc.cluster.local] 2026.05.13 01:31:57 [ 0 ] IOBufferAllocs: 2 (increment)
[clickhouse-builder-0.clickhouse-builder.ch-builder.svc.cluster.local] 2026.05.13 01:31:57 [ 0 ] IOBufferAllocBytes: 131198 (increment)
[clickhouse-builder-0.clickhouse-builder.ch-builder.svc.cluster.local] 2026.05.13 01:31:57 [ 0 ] NetworkReceiveElapsedMicroseconds: 1 (increment)
[clickhouse-builder-0.clickhouse-builder.ch-builder.svc.cluster.local] 2026.05.13 01:31:57 [ 0 ] NetworkSendElapsedMicroseconds: 23 (increment)
[clickhouse-builder-0.clickhouse-builder.ch-builder.svc.cluster.local] 2026.05.13 01:31:57 [ 0 ] NetworkSendBytes: 3961 (increment)
[clickhouse-builder-0.clickhouse-builder.ch-builder.svc.cluster.local] 2026.05.13 01:31:57 [ 0 ] SelectedRows: 65536 (increment)
[clickhouse-builder-0.clickhouse-builder.ch-builder.svc.cluster.local] 2026.05.13 01:31:57 [ 0 ] SelectedBytes: 9502720 (increment)
[clickhouse-builder-0.clickhouse-builder.ch-builder.svc.cluster.local] 2026.05.13 01:31:57 [ 0 ] RowsReadByMainReader: 65536 (increment)
[clickhouse-builder-0.clickhouse-builder.ch-builder.svc.cluster.local] 2026.05.13 01:31:57 [ 0 ] RealTimeMicroseconds: 319024 (increment)
[clickhouse-builder-0.clickhouse-builder.ch-builder.svc.cluster.local] 2026.05.13 01:31:57 [ 0 ] UserTimeMicroseconds: 9540 (increment)
[clickhouse-builder-0.clickhouse-builder.ch-builder.svc.cluster.local] 2026.05.13 01:31:57 [ 0 ] SystemTimeMicroseconds: 7062 (increment)
[clickhouse-builder-0.clickhouse-builder.ch-builder.svc.cluster.local] 2026.05.13 01:31:57 [ 0 ] OSCPUVirtualTimeMicroseconds: 16599 (increment)
[clickhouse-builder-0.clickhouse-builder.ch-builder.svc.cluster.local] 2026.05.13 01:31:57 [ 0 ] OSReadChars: 7531333 (increment)
[clickhouse-builder-0.clickhouse-builder.ch-builder.svc.cluster.local] 2026.05.13 01:31:57 [ 0 ] OSWriteChars: 1842 (increment)
[clickhouse-builder-0.clickhouse-builder.ch-builder.svc.cluster.local] 2026.05.13 01:31:57 [ 0 ] S3ReadMicroseconds: 1945559 (increment)
[clickhouse-builder-0.clickhouse-builder.ch-builder.svc.cluster.local] 2026.05.13 01:31:57 [ 0 ] S3ReadRequestsCount: 26 (increment)
[clickhouse-builder-0.clickhouse-builder.ch-builder.svc.cluster.local] 2026.05.13 01:31:57 [ 0 ] DiskS3ReadMicroseconds: 1945559 (increment)
[clickhouse-builder-0.clickhouse-builder.ch-builder.svc.cluster.local] 2026.05.13 01:31:57 [ 0 ] DiskS3ReadRequestsCount: 26 (increment)
[clickhouse-builder-0.clickhouse-builder.ch-builder.svc.cluster.local] 2026.05.13 01:31:57 [ 0 ] S3GetObject: 26 (increment)
[clickhouse-builder-0.clickhouse-builder.ch-builder.svc.cluster.local] 2026.05.13 01:31:57 [ 0 ] DiskS3GetObject: 26 (increment)
[clickhouse-builder-0.clickhouse-builder.ch-builder.svc.cluster.local] 2026.05.13 01:31:57 [ 0 ] ReadBufferFromS3Microseconds: 7220237 (increment)
[clickhouse-builder-0.clickhouse-builder.ch-builder.svc.cluster.local] 2026.05.13 01:31:57 [ 0 ] ReadBufferFromS3InitMicroseconds: 1953927 (increment)
[clickhouse-builder-0.clickhouse-builder.ch-builder.svc.cluster.local] 2026.05.13 01:31:57 [ 0 ] ReadBufferFromS3Bytes: 18110587 (increment)
[clickhouse-builder-0.clickhouse-builder.ch-builder.svc.cluster.local] 2026.05.13 01:31:57 [ 0 ] MemoryAllocatedWithoutCheck: 54 (increment)
[clickhouse-builder-0.clickhouse-builder.ch-builder.svc.cluster.local] 2026.05.13 01:31:57 [ 0 ] MemoryAllocatedWithoutCheckBytes: 95040 (increment)
[clickhouse-builder-0.clickhouse-builder.ch-builder.svc.cluster.local] 2026.05.13 01:31:57 [ 0 ] InterfaceNativeSendBytes: 3961 (increment)
[clickhouse-builder-0.clickhouse-builder.ch-builder.svc.cluster.local] 2026.05.13 01:31:57 [ 0 ] DiskConnectionsCreated: 1 (increment)
[clickhouse-builder-0.clickhouse-builder.ch-builder.svc.cluster.local] 2026.05.13 01:31:57 [ 0 ] DiskConnectionsReused: 25 (increment)
[clickhouse-builder-0.clickhouse-builder.ch-builder.svc.cluster.local] 2026.05.13 01:31:57 [ 0 ] DiskConnectionsPreserved: 26 (increment)
[clickhouse-builder-0.clickhouse-builder.ch-builder.svc.cluster.local] 2026.05.13 01:31:57 [ 0 ] DiskConnectionsElapsedMicroseconds: 3604 (increment)
[clickhouse-builder-0.clickhouse-builder.ch-builder.svc.cluster.local] 2026.05.13 01:31:57 [ 0 ] MemoryTrackerUsage: 182152538 (gauge)
[clickhouse-builder-0.clickhouse-builder.ch-builder.svc.cluster.local] 2026.05.13 01:31:57 [ 0 ] MemoryTrackerPeakUsage: 265754966 (gauge)
[clickhouse-builder-0.clickhouse-builder.ch-builder.svc.cluster.local] 2026.05.13 01:31:58 [ 0 ] ReadCompressedBytes: 10987376 (increment)
[clickhouse-builder-0.clickhouse-builder.ch-builder.svc.cluster.local] 2026.05.13 01:31:58 [ 0 ] CompressedReadBufferBlocks: 33 (increment)
[clickhouse-builder-0.clickhouse-builder.ch-builder.svc.cluster.local] 2026.05.13 01:31:58 [ 0 ] CompressedReadBufferBytes: 11010048 (increment)
[clickhouse-builder-0.clickhouse-builder.ch-builder.svc.cluster.local] 2026.05.13 01:31:58 [ 0 ] IOBufferAllocs: 2 (increment)
[clickhouse-builder-0.clickhouse-builder.ch-builder.svc.cluster.local] 2026.05.13 01:31:58 [ 0 ] IOBufferAllocBytes: 131198 (increment)
[clickhouse-builder-0.clickhouse-builder.ch-builder.svc.cluster.local] 2026.05.13 01:31:58 [ 0 ] NetworkReceiveElapsedMicroseconds: 1 (increment)
[clickhouse-builder-0.clickhouse-builder.ch-builder.svc.cluster.local] 2026.05.13 01:31:58 [ 0 ] NetworkSendElapsedMicroseconds: 25 (increment)
[clickhouse-builder-0.clickhouse-builder.ch-builder.svc.cluster.local] 2026.05.13 01:31:58 [ 0 ] NetworkSendBytes: 4094 (increment)
[clickhouse-builder-0.clickhouse-builder.ch-builder.svc.cluster.local] 2026.05.13 01:31:58 [ 0 ] SelectedRows: 81920 (increment)
[clickhouse-builder-0.clickhouse-builder.ch-builder.svc.cluster.local] 2026.05.13 01:31:58 [ 0 ] SelectedBytes: 11878400 (increment)
[clickhouse-builder-0.clickhouse-builder.ch-builder.svc.cluster.local] 2026.05.13 01:31:58 [ 0 ] RowsReadByMainReader: 81920 (increment)
[clickhouse-builder-0.clickhouse-builder.ch-builder.svc.cluster.local] 2026.05.13 01:31:58 [ 0 ] RealTimeMicroseconds: 4681934 (increment)
[clickhouse-builder-0.clickhouse-builder.ch-builder.svc.cluster.local] 2026.05.13 01:31:58 [ 0 ] UserTimeMicroseconds: 38377 (increment)
[clickhouse-builder-0.clickhouse-builder.ch-builder.svc.cluster.local] 2026.05.13 01:31:58 [ 0 ] SystemTimeMicroseconds: 24848 (increment)
[clickhouse-builder-0.clickhouse-builder.ch-builder.svc.cluster.local] 2026.05.13 01:31:58 [ 0 ] SoftPageFaults: 29 (increment)
[clickhouse-builder-0.clickhouse-builder.ch-builder.svc.cluster.local] 2026.05.13 01:31:58 [ 0 ] OSCPUWaitMicroseconds: 211 (increment)
[clickhouse-builder-0.clickhouse-builder.ch-builder.svc.cluster.local] 2026.05.13 01:31:58 [ 0 ] OSCPUVirtualTimeMicroseconds: 63221 (increment)
[clickhouse-builder-0.clickhouse-builder.ch-builder.svc.cluster.local] 2026.05.13 01:31:58 [ 0 ] OSReadChars: 14117370 (increment)
[clickhouse-builder-0.clickhouse-builder.ch-builder.svc.cluster.local] 2026.05.13 01:31:58 [ 0 ] OSWriteChars: 19380 (increment)
[clickhouse-builder-0.clickhouse-builder.ch-builder.svc.cluster.local] 2026.05.13 01:31:58 [ 0 ] S3ReadMicroseconds: 1131243 (increment)
[clickhouse-builder-0.clickhouse-builder.ch-builder.svc.cluster.local] 2026.05.13 01:31:58 [ 0 ] S3ReadRequestsCount: 20 (increment)
[clickhouse-builder-0.clickhouse-builder.ch-builder.svc.cluster.local] 2026.05.13 01:31:58 [ 0 ] DiskS3ReadMicroseconds: 1131243 (increment)
[clickhouse-builder-0.clickhouse-builder.ch-builder.svc.cluster.local] 2026.05.13 01:31:58 [ 0 ] DiskS3ReadRequestsCount: 20 (increment)
[clickhouse-builder-0.clickhouse-builder.ch-builder.svc.cluster.local] 2026.05.13 01:31:58 [ 0 ] S3GetObject: 20 (increment)
[clickhouse-builder-0.clickhouse-builder.ch-builder.svc.cluster.local] 2026.05.13 01:31:58 [ 0 ] DiskS3GetObject: 20 (increment)
[clickhouse-builder-0.clickhouse-builder.ch-builder.svc.cluster.local] 2026.05.13 01:31:58 [ 0 ] ReadBufferFromS3Microseconds: 4213078 (increment)
[clickhouse-builder-0.clickhouse-builder.ch-builder.svc.cluster.local] 2026.05.13 01:31:58 [ 0 ] ReadBufferFromS3InitMicroseconds: 1134026 (increment)
[clickhouse-builder-0.clickhouse-builder.ch-builder.svc.cluster.local] 2026.05.13 01:31:58 [ 0 ] ReadBufferFromS3Bytes: 13067208 (increment)
[clickhouse-builder-0.clickhouse-builder.ch-builder.svc.cluster.local] 2026.05.13 01:31:58 [ 0 ] MemoryAllocatedWithoutCheck: 36 (increment)
[clickhouse-builder-0.clickhouse-builder.ch-builder.svc.cluster.local] 2026.05.13 01:31:58 [ 0 ] MemoryAllocatedWithoutCheckBytes: 63360 (increment)
[clickhouse-builder-0.clickhouse-builder.ch-builder.svc.cluster.local] 2026.05.13 01:31:58 [ 0 ] InterfaceNativeSendBytes: 4094 (increment)
[clickhouse-builder-0.clickhouse-builder.ch-builder.svc.cluster.local] 2026.05.13 01:31:58 [ 0 ] DiskConnectionsCreated: 4 (increment)
[clickhouse-builder-0.clickhouse-builder.ch-builder.svc.cluster.local] 2026.05.13 01:31:58 [ 0 ] DiskConnectionsReused: 16 (increment)
[clickhouse-builder-0.clickhouse-builder.ch-builder.svc.cluster.local] 2026.05.13 01:31:58 [ 0 ] DiskConnectionsPreserved: 14 (increment)
[clickhouse-builder-0.clickhouse-builder.ch-builder.svc.cluster.local] 2026.05.13 01:31:58 [ 0 ] DiskConnectionsElapsedMicroseconds: 14934 (increment)
[clickhouse-builder-0.clickhouse-builder.ch-builder.svc.cluster.local] 2026.05.13 01:31:58 [ 0 ] MemoryTrackerUsage: 172314978 (gauge)
[clickhouse-builder-0.clickhouse-builder.ch-builder.svc.cluster.local] 2026.05.13 01:31:58 [ 0 ] MemoryTrackerPeakUsage: 265754966 (gauge)
[clickhouse-builder-0.clickhouse-builder.ch-builder.svc.cluster.local] 2026.05.13 01:31:58 [ 0 ] ReadCompressedBytes: 13698124 (increment)
[clickhouse-builder-0.clickhouse-builder.ch-builder.svc.cluster.local] 2026.05.13 01:31:58 [ 0 ] CompressedReadBufferBlocks: 44 (increment)
[clickhouse-builder-0.clickhouse-builder.ch-builder.svc.cluster.local] 2026.05.13 01:31:58 [ 0 ] CompressedReadBufferBytes: 13697024 (increment)
[clickhouse-builder-0.clickhouse-builder.ch-builder.svc.cluster.local] 2026.05.13 01:31:58 [ 0 ] IOBufferAllocs: 1 (increment)
[clickhouse-builder-0.clickhouse-builder.ch-builder.svc.cluster.local] 2026.05.13 01:31:58 [ 0 ] IOBufferAllocBytes: 65599 (increment)
[clickhouse-builder-0.clickhouse-builder.ch-builder.svc.cluster.local] 2026.05.13 01:31:58 [ 0 ] NetworkReceiveElapsedMicroseconds: 1 (increment)
[clickhouse-builder-0.clickhouse-builder.ch-builder.svc.cluster.local] 2026.05.13 01:31:58 [ 0 ] NetworkSendElapsedMicroseconds: 24 (increment)
[clickhouse-builder-0.clickhouse-builder.ch-builder.svc.cluster.local] 2026.05.13 01:31:58 [ 0 ] NetworkSendBytes: 4311 (increment)
[clickhouse-builder-0.clickhouse-builder.ch-builder.svc.cluster.local] 2026.05.13 01:31:58 [ 0 ] SelectedRows: 90112 (increment)
[clickhouse-builder-0.clickhouse-builder.ch-builder.svc.cluster.local] 2026.05.13 01:31:58 [ 0 ] SelectedBytes: 13066240 (increment)
[clickhouse-builder-0.clickhouse-builder.ch-builder.svc.cluster.local] 2026.05.13 01:31:58 [ 0 ] RowsReadByMainReader: 90112 (increment)
[clickhouse-builder-0.clickhouse-builder.ch-builder.svc.cluster.local] 2026.05.13 01:31:58 [ 0 ] RealTimeMicroseconds: 3622973 (increment)
[clickhouse-builder-0.clickhouse-builder.ch-builder.svc.cluster.local] 2026.05.13 01:31:58 [ 0 ] UserTimeMicroseconds: 31005 (increment)
[clickhouse-builder-0.clickhouse-builder.ch-builder.svc.cluster.local] 2026.05.13 01:31:58 [ 0 ] SystemTimeMicroseconds: 21868 (increment)
[clickhouse-builder-0.clickhouse-builder.ch-builder.svc.cluster.local] 2026.05.13 01:31:58 [ 0 ] SoftPageFaults: 9 (increment)
[clickhouse-builder-0.clickhouse-builder.ch-builder.svc.cluster.local] 2026.05.13 01:31:58 [ 0 ] OSCPUWaitMicroseconds: 41 (increment)
[clickhouse-builder-0.clickhouse-builder.ch-builder.svc.cluster.local] 2026.05.13 01:31:58 [ 0 ] OSCPUVirtualTimeMicroseconds: 52233 (increment)
[clickhouse-builder-0.clickhouse-builder.ch-builder.svc.cluster.local] 2026.05.13 01:31:58 [ 0 ] OSReadChars: 11873486 (increment)
[clickhouse-builder-0.clickhouse-builder.ch-builder.svc.cluster.local] 2026.05.13 01:31:58 [ 0 ] OSWriteChars: 16602 (increment)
[clickhouse-builder-0.clickhouse-builder.ch-builder.svc.cluster.local] 2026.05.13 01:31:58 [ 0 ] S3ReadMicroseconds: 1160945 (increment)
[clickhouse-builder-0.clickhouse-builder.ch-builder.svc.cluster.local] 2026.05.13 01:31:58 [ 0 ] S3ReadRequestsCount: 15 (increment)
[clickhouse-builder-0.clickhouse-builder.ch-builder.svc.cluster.local] 2026.05.13 01:31:58 [ 0 ] DiskS3ReadMicroseconds: 1160945 (increment)
[clickhouse-builder-0.clickhouse-builder.ch-builder.svc.cluster.local] 2026.05.13 01:31:58 [ 0 ] DiskS3ReadRequestsCount: 15 (increment)
[clickhouse-builder-0.clickhouse-builder.ch-builder.svc.cluster.local] 2026.05.13 01:31:58 [ 0 ] S3GetObject: 15 (increment)
[clickhouse-builder-0.clickhouse-builder.ch-builder.svc.cluster.local] 2026.05.13 01:31:58 [ 0 ] DiskS3GetObject: 15 (increment)
[clickhouse-builder-0.clickhouse-builder.ch-builder.svc.cluster.local] 2026.05.13 01:31:58 [ 0 ] ReadBufferFromS3Microseconds: 4290907 (increment)
[clickhouse-builder-0.clickhouse-builder.ch-builder.svc.cluster.local] 2026.05.13 01:31:58 [ 0 ] ReadBufferFromS3InitMicroseconds: 1166841 (increment)
[clickhouse-builder-0.clickhouse-builder.ch-builder.svc.cluster.local] 2026.05.13 01:31:58 [ 0 ] ReadBufferFromS3Bytes: 17465663 (increment)
[clickhouse-builder-0.clickhouse-builder.ch-builder.svc.cluster.local] 2026.05.13 01:31:58 [ 0 ] MemoryAllocatedWithoutCheck: 30 (increment)
[clickhouse-builder-0.clickhouse-builder.ch-builder.svc.cluster.local] 2026.05.13 01:31:58 [ 0 ] MemoryAllocatedWithoutCheckBytes: 52800 (increment)
[clickhouse-builder-0.clickhouse-builder.ch-builder.svc.cluster.local] 2026.05.13 01:31:58 [ 0 ] InterfaceNativeSendBytes: 4311 (increment)
[clickhouse-builder-0.clickhouse-builder.ch-builder.svc.cluster.local] 2026.05.13 01:31:58 [ 0 ] DiskConnectionsCreated: 4 (increment)
[clickhouse-builder-0.clickhouse-builder.ch-builder.svc.cluster.local] 2026.05.13 01:31:58 [ 0 ] DiskConnectionsReused: 11 (increment)
[clickhouse-builder-0.clickhouse-builder.ch-builder.svc.cluster.local] 2026.05.13 01:31:58 [ 0 ] DiskConnectionsPreserved: 11 (increment)
[clickhouse-builder-0.clickhouse-builder.ch-builder.svc.cluster.local] 2026.05.13 01:31:58 [ 0 ] DiskConnectionsElapsedMicroseconds: 15309 (increment)
[clickhouse-builder-0.clickhouse-builder.ch-builder.svc.cluster.local] 2026.05.13 01:31:58 [ 0 ] MemoryTrackerUsage: 181536921 (gauge)
[clickhouse-builder-0.clickhouse-builder.ch-builder.svc.cluster.local] 2026.05.13 01:31:58 [ 0 ] MemoryTrackerPeakUsage: 265754966 (gauge)
[clickhouse-builder-0.clickhouse-builder.ch-builder.svc.cluster.local] 2026.05.13 01:31:58 [ 0 ] ReadCompressedBytes: 12097144 (increment)
[clickhouse-builder-0.clickhouse-builder.ch-builder.svc.cluster.local] 2026.05.13 01:31:58 [ 0 ] CompressedReadBufferBlocks: 36 (increment)
[clickhouse-builder-0.clickhouse-builder.ch-builder.svc.cluster.local] 2026.05.13 01:31:58 [ 0 ] CompressedReadBufferBytes: 12189696 (increment)
[clickhouse-builder-0.clickhouse-builder.ch-builder.svc.cluster.local] 2026.05.13 01:31:58 [ 0 ] NetworkReceiveElapsedMicroseconds: 1 (increment)
[clickhouse-builder-0.clickhouse-builder.ch-builder.svc.cluster.local] 2026.05.13 01:31:58 [ 0 ] NetworkSendElapsedMicroseconds: 25 (increment)
[clickhouse-builder-0.clickhouse-builder.ch-builder.svc.cluster.local] 2026.05.13 01:31:58 [ 0 ] NetworkSendBytes: 4311 (increment)
[clickhouse-builder-0.clickhouse-builder.ch-builder.svc.cluster.local] 2026.05.13 01:31:58 [ 0 ] SelectedRows: 81920 (increment)
[clickhouse-builder-0.clickhouse-builder.ch-builder.svc.cluster.local] 2026.05.13 01:31:58 [ 0 ] SelectedBytes: 11878400 (increment)
[clickhouse-builder-0.clickhouse-builder.ch-builder.svc.cluster.local] 2026.05.13 01:31:58 [ 0 ] RowsReadByMainReader: 81920 (increment)
[clickhouse-builder-0.clickhouse-builder.ch-builder.svc.cluster.local] 2026.05.13 01:31:58 [ 0 ] RealTimeMicroseconds: 3345652 (increment)
[clickhouse-builder-0.clickhouse-builder.ch-builder.svc.cluster.local] 2026.05.13 01:31:58 [ 0 ] UserTimeMicroseconds: 31098 (increment)
[clickhouse-builder-0.clickhouse-builder.ch-builder.svc.cluster.local] 2026.05.13 01:31:58 [ 0 ] SystemTimeMicroseconds: 34407 (increment)
[clickhouse-builder-0.clickhouse-builder.ch-builder.svc.cluster.local] 2026.05.13 01:31:58 [ 0 ] SoftPageFaults: 35 (increment)
[clickhouse-builder-0.clickhouse-builder.ch-builder.svc.cluster.local] 2026.05.13 01:31:58 [ 0 ] OSCPUWaitMicroseconds: 86 (increment)
[clickhouse-builder-0.clickhouse-builder.ch-builder.svc.cluster.local] 2026.05.13 01:31:58 [ 0 ] OSCPUVirtualTimeMicroseconds: 65500 (increment)
[clickhouse-builder-0.clickhouse-builder.ch-builder.svc.cluster.local] 2026.05.13 01:31:58 [ 0 ] OSReadChars: 15708423 (increment)
[clickhouse-builder-0.clickhouse-builder.ch-builder.svc.cluster.local] 2026.05.13 01:31:58 [ 0 ] OSWriteChars: 13838 (increment)
[clickhouse-builder-0.clickhouse-builder.ch-builder.svc.cluster.local] 2026.05.13 01:31:58 [ 0 ] S3ReadMicroseconds: 1178131 (increment)
[clickhouse-builder-0.clickhouse-builder.ch-builder.svc.cluster.local] 2026.05.13 01:31:58 [ 0 ] S3ReadRequestsCount: 13 (increment)
[clickhouse-builder-0.clickhouse-builder.ch-builder.svc.cluster.local] 2026.05.13 01:31:58 [ 0 ] DiskS3ReadMicroseconds: 1178131 (increment)
[clickhouse-builder-0.clickhouse-builder.ch-builder.svc.cluster.local] 2026.05.13 01:31:58 [ 0 ] DiskS3ReadRequestsCount: 13 (increment)
[clickhouse-builder-0.clickhouse-builder.ch-builder.svc.cluster.local] 2026.05.13 01:31:58 [ 0 ] S3GetObject: 13 (increment)
[clickhouse-builder-0.clickhouse-builder.ch-builder.svc.cluster.local] 2026.05.13 01:31:58 [ 0 ] DiskS3GetObject: 13 (increment)
[clickhouse-builder-0.clickhouse-builder.ch-builder.svc.cluster.local] 2026.05.13 01:31:58 [ 0 ] ReadBufferFromS3Microseconds: 3328777 (increment)
[clickhouse-builder-0.clickhouse-builder.ch-builder.svc.cluster.local] 2026.05.13 01:31:58 [ 0 ] ReadBufferFromS3InitMicroseconds: 1180615 (increment)
[clickhouse-builder-0.clickhouse-builder.ch-builder.svc.cluster.local] 2026.05.13 01:31:58 [ 0 ] ReadBufferFromS3Bytes: 12743809 (increment)
[clickhouse-builder-0.clickhouse-builder.ch-builder.svc.cluster.local] 2026.05.13 01:31:58 [ 0 ] MemoryAllocatedWithoutCheck: 28 (increment)
[clickhouse-builder-0.clickhouse-builder.ch-builder.svc.cluster.local] 2026.05.13 01:31:58 [ 0 ] MemoryAllocatedWithoutCheckBytes: 49280 (increment)
[clickhouse-builder-0.clickhouse-builder.ch-builder.svc.cluster.local] 2026.05.13 01:31:58 [ 0 ] InterfaceNativeSendBytes: 4311 (increment)
[clickhouse-builder-0.clickhouse-builder.ch-builder.svc.cluster.local] 2026.05.13 01:31:58 [ 0 ] DiskConnectionsCreated: 2 (increment)
[clickhouse-builder-0.clickhouse-builder.ch-builder.svc.cluster.local] 2026.05.13 01:31:58 [ 0 ] DiskConnectionsReused: 11 (increment)
[clickhouse-builder-0.clickhouse-builder.ch-builder.svc.cluster.local] 2026.05.13 01:31:58 [ 0 ] DiskConnectionsPreserved: 12 (increment)
[clickhouse-builder-0.clickhouse-builder.ch-builder.svc.cluster.local] 2026.05.13 01:31:58 [ 0 ] DiskConnectionsElapsedMicroseconds: 7693 (increment)
[clickhouse-builder-0.clickhouse-builder.ch-builder.svc.cluster.local] 2026.05.13 01:31:58 [ 0 ] MemoryTrackerUsage: 186238530 (gauge)
[clickhouse-builder-0.clickhouse-builder.ch-builder.svc.cluster.local] 2026.05.13 01:31:58 [ 0 ] MemoryTrackerPeakUsage: 265754966 (gauge)
[clickhouse-builder-0.clickhouse-builder.ch-builder.svc.cluster.local] 2026.05.13 01:31:58 [ 0 ] ReadCompressedBytes: 31450100 (increment)
[clickhouse-builder-0.clickhouse-builder.ch-builder.svc.cluster.local] 2026.05.13 01:31:58 [ 0 ] CompressedReadBufferBlocks: 92 (increment)
[clickhouse-builder-0.clickhouse-builder.ch-builder.svc.cluster.local] 2026.05.13 01:31:58 [ 0 ] CompressedReadBufferBytes: 31588352 (increment)
[clickhouse-builder-0.clickhouse-builder.ch-builder.svc.cluster.local] 2026.05.13 01:31:58 [ 0 ] NetworkReceiveElapsedMicroseconds: 1 (increment)
[clickhouse-builder-0.clickhouse-builder.ch-builder.svc.cluster.local] 2026.05.13 01:31:58 [ 0 ] NetworkSendElapsedMicroseconds: 26 (increment)
[clickhouse-builder-0.clickhouse-builder.ch-builder.svc.cluster.local] 2026.05.13 01:31:58 [ 0 ] NetworkSendBytes: 4097 (increment)
[clickhouse-builder-0.clickhouse-builder.ch-builder.svc.cluster.local] 2026.05.13 01:31:58 [ 0 ] SelectedRows: 212992 (increment)
[clickhouse-builder-0.clickhouse-builder.ch-builder.svc.cluster.local] 2026.05.13 01:31:58 [ 0 ] SelectedBytes: 30883840 (increment)
[clickhouse-builder-0.clickhouse-builder.ch-builder.svc.cluster.local] 2026.05.13 01:31:58 [ 0 ] RowsReadByMainReader: 212992 (increment)
[clickhouse-builder-0.clickhouse-builder.ch-builder.svc.cluster.local] 2026.05.13 01:31:58 [ 0 ] RealTimeMicroseconds: 6737726 (increment)
[clickhouse-builder-0.clickhouse-builder.ch-builder.svc.cluster.local] 2026.05.13 01:31:58 [ 0 ] UserTimeMicroseconds: 89549 (increment)
[clickhouse-builder-0.clickhouse-builder.ch-builder.svc.cluster.local] 2026.05.13 01:31:58 [ 0 ] SystemTimeMicroseconds: 49648 (increment)
[clickhouse-builder-0.clickhouse-builder.ch-builder.svc.cluster.local] 2026.05.13 01:31:58 [ 0 ] SoftPageFaults: 9 (increment)
[clickhouse-builder-0.clickhouse-builder.ch-builder.svc.cluster.local] 2026.05.13 01:31:58 [ 0 ] OSCPUWaitMicroseconds: 38 (increment)
[clickhouse-builder-0.clickhouse-builder.ch-builder.svc.cluster.local] 2026.05.13 01:31:58 [ 0 ] OSCPUVirtualTimeMicroseconds: 139188 (increment)
[clickhouse-builder-0.clickhouse-builder.ch-builder.svc.cluster.local] 2026.05.13 01:31:58 [ 0 ] OSReadChars: 29544675 (increment)
[clickhouse-builder-0.clickhouse-builder.ch-builder.svc.cluster.local] 2026.05.13 01:31:58 [ 0 ] OSWriteChars: 30235 (increment)
[clickhouse-builder-0.clickhouse-builder.ch-builder.svc.cluster.local] 2026.05.13 01:31:58 [ 0 ] S3ReadMicroseconds: 2509535 (increment)
[clickhouse-builder-0.clickhouse-builder.ch-builder.svc.cluster.local] 2026.05.13 01:31:58 [ 0 ] S3ReadRequestsCount: 11 (increment)
[clickhouse-builder-0.clickhouse-builder.ch-builder.svc.cluster.local] 2026.05.13 01:31:58 [ 0 ] DiskS3ReadMicroseconds: 2509535 (increment)
[clickhouse-builder-0.clickhouse-builder.ch-builder.svc.cluster.local] 2026.05.13 01:31:58 [ 0 ] DiskS3ReadRequestsCount: 11 (increment)
[clickhouse-builder-0.clickhouse-builder.ch-builder.svc.cluster.local] 2026.05.13 01:31:58 [ 0 ] S3GetObject: 11 (increment)
[clickhouse-builder-0.clickhouse-builder.ch-builder.svc.cluster.local] 2026.05.13 01:31:58 [ 0 ] DiskS3GetObject: 11 (increment)
[clickhouse-builder-0.clickhouse-builder.ch-builder.svc.cluster.local] 2026.05.13 01:31:58 [ 0 ] ReadBufferFromS3Microseconds: 4676287 (increment)
[clickhouse-builder-0.clickhouse-builder.ch-builder.svc.cluster.local] 2026.05.13 01:31:58 [ 0 ] ReadBufferFromS3InitMicroseconds: 2542832 (increment)
[clickhouse-builder-0.clickhouse-builder.ch-builder.svc.cluster.local] 2026.05.13 01:31:58 [ 0 ] ReadBufferFromS3Bytes: 29796854 (increment)
[clickhouse-builder-0.clickhouse-builder.ch-builder.svc.cluster.local] 2026.05.13 01:31:58 [ 0 ] MemoryAllocatedWithoutCheck: 30 (increment)
[clickhouse-builder-0.clickhouse-builder.ch-builder.svc.cluster.local] 2026.05.13 01:31:58 [ 0 ] MemoryAllocatedWithoutCheckBytes: 52800 (increment)
[clickhouse-builder-0.clickhouse-builder.ch-builder.svc.cluster.local] 2026.05.13 01:31:58 [ 0 ] InterfaceNativeSendBytes: 4097 (increment)
[clickhouse-builder-0.clickhouse-builder.ch-builder.svc.cluster.local] 2026.05.13 01:31:58 [ 0 ] DiskConnectionsReused: 11 (increment)
[clickhouse-builder-0.clickhouse-builder.ch-builder.svc.cluster.local] 2026.05.13 01:31:58 [ 0 ] DiskConnectionsPreserved: 15 (increment)
[clickhouse-builder-0.clickhouse-builder.ch-builder.svc.cluster.local] 2026.05.13 01:31:58 [ 0 ] MemoryTrackerUsage: 195617308 (gauge)
[clickhouse-builder-0.clickhouse-builder.ch-builder.svc.cluster.local] 2026.05.13 01:31:58 [ 0 ] MemoryTrackerPeakUsage: 265754966 (gauge)
[clickhouse-builder-0.clickhouse-builder.ch-builder.svc.cluster.local] 2026.05.13 01:31:58 [ 0 ] ReadCompressedBytes: 46645090 (increment)
[clickhouse-builder-0.clickhouse-builder.ch-builder.svc.cluster.local] 2026.05.13 01:31:58 [ 0 ] CompressedReadBufferBlocks: 141 (increment)
[clickhouse-builder-0.clickhouse-builder.ch-builder.svc.cluster.local] 2026.05.13 01:31:58 [ 0 ] CompressedReadBufferBytes: 46848936 (increment)
[clickhouse-builder-0.clickhouse-builder.ch-builder.svc.cluster.local] 2026.05.13 01:31:58 [ 0 ] NetworkReceiveElapsedMicroseconds: 1 (increment)
[clickhouse-builder-0.clickhouse-builder.ch-builder.svc.cluster.local] 2026.05.13 01:31:58 [ 0 ] NetworkSendElapsedMicroseconds: 24 (increment)
[clickhouse-builder-0.clickhouse-builder.ch-builder.svc.cluster.local] 2026.05.13 01:31:58 [ 0 ] NetworkSendBytes: 3859 (increment)
[clickhouse-builder-0.clickhouse-builder.ch-builder.svc.cluster.local] 2026.05.13 01:31:58 [ 0 ] SelectedRows: 314620 (increment)
[clickhouse-builder-0.clickhouse-builder.ch-builder.svc.cluster.local] 2026.05.13 01:31:58 [ 0 ] SelectedBytes: 45619900 (increment)
[clickhouse-builder-0.clickhouse-builder.ch-builder.svc.cluster.local] 2026.05.13 01:31:58 [ 0 ] RowsReadByMainReader: 314620 (increment)
[clickhouse-builder-0.clickhouse-builder.ch-builder.svc.cluster.local] 2026.05.13 01:31:58 [ 0 ] RealTimeMicroseconds: 7515548 (increment)
[clickhouse-builder-0.clickhouse-builder.ch-builder.svc.cluster.local] 2026.05.13 01:31:58 [ 0 ] UserTimeMicroseconds: 143263 (increment)
[clickhouse-builder-0.clickhouse-builder.ch-builder.svc.cluster.local] 2026.05.13 01:31:58 [ 0 ] SystemTimeMicroseconds: 42254 (increment)
[clickhouse-builder-0.clickhouse-builder.ch-builder.svc.cluster.local] 2026.05.13 01:31:58 [ 0 ] SoftPageFaults: 57 (increment)
[clickhouse-builder-0.clickhouse-builder.ch-builder.svc.cluster.local] 2026.05.13 01:31:58 [ 0 ] OSCPUWaitMicroseconds: 105 (increment)
[clickhouse-builder-0.clickhouse-builder.ch-builder.svc.cluster.local] 2026.05.13 01:31:58 [ 0 ] OSCPUVirtualTimeMicroseconds: 185506 (increment)
[clickhouse-builder-0.clickhouse-builder.ch-builder.svc.cluster.local] 2026.05.13 01:31:58 [ 0 ] OSReadChars: 38145782 (increment)
[clickhouse-builder-0.clickhouse-builder.ch-builder.svc.cluster.local] 2026.05.13 01:31:58 [ 0 ] OSWriteChars: 40825 (increment)
[clickhouse-builder-0.clickhouse-builder.ch-builder.svc.cluster.local] 2026.05.13 01:31:58 [ 0 ] S3ReadMicroseconds: 1232687 (increment)
[clickhouse-builder-0.clickhouse-builder.ch-builder.svc.cluster.local] 2026.05.13 01:31:58 [ 0 ] S3ReadRequestsCount: 4 (increment)
[clickhouse-builder-0.clickhouse-builder.ch-builder.svc.cluster.local] 2026.05.13 01:31:58 [ 0 ] DiskS3ReadMicroseconds: 1232687 (increment)
[clickhouse-builder-0.clickhouse-builder.ch-builder.svc.cluster.local] 2026.05.13 01:31:58 [ 0 ] DiskS3ReadRequestsCount: 4 (increment)
[clickhouse-builder-0.clickhouse-builder.ch-builder.svc.cluster.local] 2026.05.13 01:31:58 [ 0 ] S3GetObject: 4 (increment)
[clickhouse-builder-0.clickhouse-builder.ch-builder.svc.cluster.local] 2026.05.13 01:31:58 [ 0 ] DiskS3GetObject: 4 (increment)
[clickhouse-builder-0.clickhouse-builder.ch-builder.svc.cluster.local] 2026.05.13 01:31:58 [ 0 ] ReadBufferFromS3Microseconds: 3968681 (increment)
[clickhouse-builder-0.clickhouse-builder.ch-builder.svc.cluster.local] 2026.05.13 01:31:58 [ 0 ] ReadBufferFromS3InitMicroseconds: 1243017 (increment)
[clickhouse-builder-0.clickhouse-builder.ch-builder.svc.cluster.local] 2026.05.13 01:31:58 [ 0 ] ReadBufferFromS3Bytes: 45750219 (increment)
[clickhouse-builder-0.clickhouse-builder.ch-builder.svc.cluster.local] 2026.05.13 01:31:58 [ 0 ] MemoryAllocatedWithoutCheck: 32 (increment)
[clickhouse-builder-0.clickhouse-builder.ch-builder.svc.cluster.local] 2026.05.13 01:31:58 [ 0 ] MemoryAllocatedWithoutCheckBytes: 56320 (increment)
[clickhouse-builder-0.clickhouse-builder.ch-builder.svc.cluster.local] 2026.05.13 01:31:58 [ 0 ] InterfaceNativeSendBytes: 3859 (increment)
[clickhouse-builder-0.clickhouse-builder.ch-builder.svc.cluster.local] 2026.05.13 01:31:58 [ 0 ] DiskConnectionsReused: 4 (increment)
[clickhouse-builder-0.clickhouse-builder.ch-builder.svc.cluster.local] 2026.05.13 01:31:58 [ 0 ] DiskConnectionsPreserved: 16 (increment)
[clickhouse-builder-0.clickhouse-builder.ch-builder.svc.cluster.local] 2026.05.13 01:31:58 [ 0 ] MemoryTrackerUsage: 179775590 (gauge)
[clickhouse-builder-0.clickhouse-builder.ch-builder.svc.cluster.local] 2026.05.13 01:31:58 [ 0 ] MemoryTrackerPeakUsage: 265754966 (gauge)
[clickhouse-builder-0.clickhouse-builder.ch-builder.svc.cluster.local] 2026.05.13 01:31:58 [ 0 ] ReadCompressedBytes: 70924157 (increment)
[clickhouse-builder-0.clickhouse-builder.ch-builder.svc.cluster.local] 2026.05.13 01:31:58 [ 0 ] CompressedReadBufferBlocks: 185 (increment)
[clickhouse-builder-0.clickhouse-builder.ch-builder.svc.cluster.local] 2026.05.13 01:31:58 [ 0 ] CompressedReadBufferBytes: 71106560 (increment)
[clickhouse-builder-0.clickhouse-builder.ch-builder.svc.cluster.local] 2026.05.13 01:31:58 [ 0 ] NetworkReceiveElapsedMicroseconds: 1 (increment)
[clickhouse-builder-0.clickhouse-builder.ch-builder.svc.cluster.local] 2026.05.13 01:31:58 [ 0 ] NetworkSendElapsedMicroseconds: 26 (increment)
[clickhouse-builder-0.clickhouse-builder.ch-builder.svc.cluster.local] 2026.05.13 01:31:58 [ 0 ] NetworkSendBytes: 3859 (increment)
[clickhouse-builder-0.clickhouse-builder.ch-builder.svc.cluster.local] 2026.05.13 01:31:58 [ 0 ] SelectedRows: 491520 (increment)
[clickhouse-builder-0.clickhouse-builder.ch-builder.svc.cluster.local] 2026.05.13 01:31:58 [ 0 ] SelectedBytes: 71270400 (increment)
[clickhouse-builder-0.clickhouse-builder.ch-builder.svc.cluster.local] 2026.05.13 01:31:58 [ 0 ] RowsReadByMainReader: 491520 (increment)
[clickhouse-builder-0.clickhouse-builder.ch-builder.svc.cluster.local] 2026.05.13 01:31:58 [ 0 ] RealTimeMicroseconds: 11843520 (increment)
[clickhouse-builder-0.clickhouse-builder.ch-builder.svc.cluster.local] 2026.05.13 01:31:58 [ 0 ] UserTimeMicroseconds: 237903 (increment)
[clickhouse-builder-0.clickhouse-builder.ch-builder.svc.cluster.local] 2026.05.13 01:31:58 [ 0 ] SystemTimeMicroseconds: 133351 (increment)
[clickhouse-builder-0.clickhouse-builder.ch-builder.svc.cluster.local] 2026.05.13 01:31:58 [ 0 ] SoftPageFaults: 484 (increment)
[clickhouse-builder-0.clickhouse-builder.ch-builder.svc.cluster.local] 2026.05.13 01:31:58 [ 0 ] OSCPUWaitMicroseconds: 271 (increment)
[clickhouse-builder-0.clickhouse-builder.ch-builder.svc.cluster.local] 2026.05.13 01:31:58 [ 0 ] OSCPUVirtualTimeMicroseconds: 371234 (increment)
[clickhouse-builder-0.clickhouse-builder.ch-builder.svc.cluster.local] 2026.05.13 01:31:58 [ 0 ] OSReadChars: 69661446 (increment)
[clickhouse-builder-0.clickhouse-builder.ch-builder.svc.cluster.local] 2026.05.13 01:31:58 [ 0 ] OSWriteChars: 57150 (increment)
[clickhouse-builder-0.clickhouse-builder.ch-builder.svc.cluster.local] 2026.05.13 01:31:58 [ 0 ] S3ReadMicroseconds: 124795 (increment)
[clickhouse-builder-0.clickhouse-builder.ch-builder.svc.cluster.local] 2026.05.13 01:31:58 [ 0 ] S3ReadRequestsCount: 4 (increment)
[clickhouse-builder-0.clickhouse-builder.ch-builder.svc.cluster.local] 2026.05.13 01:31:58 [ 0 ] DiskS3ReadMicroseconds: 124795 (increment)
[clickhouse-builder-0.clickhouse-builder.ch-builder.svc.cluster.local] 2026.05.13 01:31:58 [ 0 ] DiskS3ReadRequestsCount: 4 (increment)
[clickhouse-builder-0.clickhouse-builder.ch-builder.svc.cluster.local] 2026.05.13 01:31:58 [ 0 ] S3GetObject: 4 (increment)
[clickhouse-builder-0.clickhouse-builder.ch-builder.svc.cluster.local] 2026.05.13 01:31:58 [ 0 ] DiskS3GetObject: 4 (increment)
[clickhouse-builder-0.clickhouse-builder.ch-builder.svc.cluster.local] 2026.05.13 01:31:58 [ 0 ] ReadBufferFromS3Microseconds: 2244965 (increment)
[clickhouse-builder-0.clickhouse-builder.ch-builder.svc.cluster.local] 2026.05.13 01:31:58 [ 0 ] ReadBufferFromS3InitMicroseconds: 125262 (increment)
[clickhouse-builder-0.clickhouse-builder.ch-builder.svc.cluster.local] 2026.05.13 01:31:58 [ 0 ] ReadBufferFromS3Bytes: 59184757 (increment)
[clickhouse-builder-0.clickhouse-builder.ch-builder.svc.cluster.local] 2026.05.13 01:31:58 [ 0 ] MemoryAllocatedWithoutCheck: 40 (increment)
[clickhouse-builder-0.clickhouse-builder.ch-builder.svc.cluster.local] 2026.05.13 01:31:58 [ 0 ] MemoryAllocatedWithoutCheckBytes: 70400 (increment)
[clickhouse-builder-0.clickhouse-builder.ch-builder.svc.cluster.local] 2026.05.13 01:31:58 [ 0 ] InterfaceNativeSendBytes: 3859 (increment)
[clickhouse-builder-0.clickhouse-builder.ch-builder.svc.cluster.local] 2026.05.13 01:31:58 [ 0 ] DiskConnectionsReused: 4 (increment)
[clickhouse-builder-0.clickhouse-builder.ch-builder.svc.cluster.local] 2026.05.13 01:31:58 [ 0 ] DiskConnectionsPreserved: 20 (increment)
[clickhouse-builder-0.clickhouse-builder.ch-builder.svc.cluster.local] 2026.05.13 01:31:58 [ 0 ] MemoryTrackerUsage: 163386303 (gauge)
[clickhouse-builder-0.clickhouse-builder.ch-builder.svc.cluster.local] 2026.05.13 01:31:58 [ 0 ] MemoryTrackerPeakUsage: 265754966 (gauge)
[clickhouse-builder-0.clickhouse-builder.ch-builder.svc.cluster.local] 2026.05.13 01:31:58 [ 0 ] ReadCompressedBytes: 35750171 (increment)
[clickhouse-builder-0.clickhouse-builder.ch-builder.svc.cluster.local] 2026.05.13 01:31:58 [ 0 ] CompressedReadBufferBlocks: 98 (increment)
[clickhouse-builder-0.clickhouse-builder.ch-builder.svc.cluster.local] 2026.05.13 01:31:58 [ 0 ] CompressedReadBufferBytes: 35909410 (increment)
[clickhouse-builder-0.clickhouse-builder.ch-builder.svc.cluster.local] 2026.05.13 01:31:58 [ 0 ] NetworkReceiveElapsedMicroseconds: 1 (increment)
[clickhouse-builder-0.clickhouse-builder.ch-builder.svc.cluster.local] 2026.05.13 01:31:58 [ 0 ] NetworkSendElapsedMicroseconds: 23 (increment)
[clickhouse-builder-0.clickhouse-builder.ch-builder.svc.cluster.local] 2026.05.13 01:31:58 [ 0 ] NetworkSendBytes: 3859 (increment)
[clickhouse-builder-0.clickhouse-builder.ch-builder.svc.cluster.local] 2026.05.13 01:31:58 [ 0 ] SelectedRows: 245760 (increment)
[clickhouse-builder-0.clickhouse-builder.ch-builder.svc.cluster.local] 2026.05.13 01:31:58 [ 0 ] SelectedBytes: 35635200 (increment)
[clickhouse-builder-0.clickhouse-builder.ch-builder.svc.cluster.local] 2026.05.13 01:31:58 [ 0 ] RowsReadByMainReader: 245760 (increment)
[clickhouse-builder-0.clickhouse-builder.ch-builder.svc.cluster.local] 2026.05.13 01:31:58 [ 0 ] RealTimeMicroseconds: 4891019 (increment)
[clickhouse-builder-0.clickhouse-builder.ch-builder.svc.cluster.local] 2026.05.13 01:31:58 [ 0 ] UserTimeMicroseconds: 92050 (increment)
[clickhouse-builder-0.clickhouse-builder.ch-builder.svc.cluster.local] 2026.05.13 01:31:58 [ 0 ] SystemTimeMicroseconds: 60855 (increment)
[clickhouse-builder-0.clickhouse-builder.ch-builder.svc.cluster.local] 2026.05.13 01:31:58 [ 0 ] SoftPageFaults: 327 (increment)
[clickhouse-builder-0.clickhouse-builder.ch-builder.svc.cluster.local] 2026.05.13 01:31:58 [ 0 ] OSCPUWaitMicroseconds: 29 (increment)
[clickhouse-builder-0.clickhouse-builder.ch-builder.svc.cluster.local] 2026.05.13 01:31:58 [ 0 ] OSCPUVirtualTimeMicroseconds: 152893 (increment)
[clickhouse-builder-0.clickhouse-builder.ch-builder.svc.cluster.local] 2026.05.13 01:31:58 [ 0 ] OSReadChars: 36426829 (increment)
[clickhouse-builder-0.clickhouse-builder.ch-builder.svc.cluster.local] 2026.05.13 01:31:58 [ 0 ] OSWriteChars: 19359 (increment)
[clickhouse-builder-0.clickhouse-builder.ch-builder.svc.cluster.local] 2026.05.13 01:31:58 [ 0 ] S3ReadMicroseconds: 176153 (increment)
[clickhouse-builder-0.clickhouse-builder.ch-builder.svc.cluster.local] 2026.05.13 01:31:58 [ 0 ] S3ReadRequestsCount: 1 (increment)
[clickhouse-builder-0.clickhouse-builder.ch-builder.svc.cluster.local] 2026.05.13 01:31:58 [ 0 ] DiskS3ReadMicroseconds: 176153 (increment)
[clickhouse-builder-0.clickhouse-builder.ch-builder.svc.cluster.local] 2026.05.13 01:31:58 [ 0 ] DiskS3ReadRequestsCount: 1 (increment)
[clickhouse-builder-0.clickhouse-builder.ch-builder.svc.cluster.local] 2026.05.13 01:31:58 [ 0 ] S3GetObject: 1 (increment)
[clickhouse-builder-0.clickhouse-builder.ch-builder.svc.cluster.local] 2026.05.13 01:31:58 [ 0 ] DiskS3GetObject: 1 (increment)
[clickhouse-builder-0.clickhouse-builder.ch-builder.svc.cluster.local] 2026.05.13 01:31:58 [ 0 ] ReadBufferFromS3Microseconds: 1665320 (increment)
[clickhouse-builder-0.clickhouse-builder.ch-builder.svc.cluster.local] 2026.05.13 01:31:58 [ 0 ] ReadBufferFromS3InitMicroseconds: 177018 (increment)
[clickhouse-builder-0.clickhouse-builder.ch-builder.svc.cluster.local] 2026.05.13 01:31:58 [ 0 ] ReadBufferFromS3Bytes: 31193299 (increment)
[clickhouse-builder-0.clickhouse-builder.ch-builder.svc.cluster.local] 2026.05.13 01:31:58 [ 0 ] MemoryAllocatedWithoutCheck: 24 (increment)
[clickhouse-builder-0.clickhouse-builder.ch-builder.svc.cluster.local] 2026.05.13 01:31:58 [ 0 ] MemoryAllocatedWithoutCheckBytes: 42240 (increment)
[clickhouse-builder-0.clickhouse-builder.ch-builder.svc.cluster.local] 2026.05.13 01:31:58 [ 0 ] InterfaceNativeSendBytes: 3859 (increment)
[clickhouse-builder-0.clickhouse-builder.ch-builder.svc.cluster.local] 2026.05.13 01:31:58 [ 0 ] DiskConnectionsReused: 1 (increment)
[clickhouse-builder-0.clickhouse-builder.ch-builder.svc.cluster.local] 2026.05.13 01:31:58 [ 0 ] DiskConnectionsPreserved: 12 (increment)
[clickhouse-builder-0.clickhouse-builder.ch-builder.svc.cluster.local] 2026.05.13 01:31:58 [ 0 ] MemoryTrackerUsage: 157648789 (gauge)
[clickhouse-builder-0.clickhouse-builder.ch-builder.svc.cluster.local] 2026.05.13 01:31:58 [ 0 ] MemoryTrackerPeakUsage: 265754966 (gauge)
[clickhouse-builder-0.clickhouse-builder.ch-builder.svc.cluster.local] 2026.05.13 01:31:58 [ 0 ] ReadCompressedBytes: 30760376 (increment)
[clickhouse-builder-0.clickhouse-builder.ch-builder.svc.cluster.local] 2026.05.13 01:31:58 [ 0 ] CompressedReadBufferBlocks: 86 (increment)
[clickhouse-builder-0.clickhouse-builder.ch-builder.svc.cluster.local] 2026.05.13 01:31:58 [ 0 ] CompressedReadBufferBytes: 30875604 (increment)
[clickhouse-builder-0.clickhouse-builder.ch-builder.svc.cluster.local] 2026.05.13 01:31:58 [ 0 ] NetworkReceiveElapsedMicroseconds: 2 (increment)
[clickhouse-builder-0.clickhouse-builder.ch-builder.svc.cluster.local] 2026.05.13 01:31:58 [ 0 ] NetworkSendElapsedMicroseconds: 37 (increment)
[clickhouse-builder-0.clickhouse-builder.ch-builder.svc.cluster.local] 2026.05.13 01:31:58 [ 0 ] NetworkSendBytes: 3859 (increment)
[clickhouse-builder-0.clickhouse-builder.ch-builder.svc.cluster.local] 2026.05.13 01:31:58 [ 0 ] SelectedRows: 210833 (increment)
[clickhouse-builder-0.clickhouse-builder.ch-builder.svc.cluster.local] 2026.05.13 01:31:58 [ 0 ] SelectedBytes: 30570785 (increment)
[clickhouse-builder-0.clickhouse-builder.ch-builder.svc.cluster.local] 2026.05.13 01:31:58 [ 0 ] RowsReadByMainReader: 210833 (increment)
[clickhouse-builder-0.clickhouse-builder.ch-builder.svc.cluster.local] 2026.05.13 01:31:58 [ 0 ] RealTimeMicroseconds: 3115364 (increment)
[clickhouse-builder-0.clickhouse-builder.ch-builder.svc.cluster.local] 2026.05.13 01:31:58 [ 0 ] UserTimeMicroseconds: 47904 (increment)
[clickhouse-builder-0.clickhouse-builder.ch-builder.svc.cluster.local] 2026.05.13 01:31:58 [ 0 ] SystemTimeMicroseconds: 36690 (increment)
[clickhouse-builder-0.clickhouse-builder.ch-builder.svc.cluster.local] 2026.05.13 01:31:58 [ 0 ] SoftPageFaults: 81 (increment)
[clickhouse-builder-0.clickhouse-builder.ch-builder.svc.cluster.local] 2026.05.13 01:31:58 [ 0 ] OSCPUWaitMicroseconds: 233 (increment)
[clickhouse-builder-0.clickhouse-builder.ch-builder.svc.cluster.local] 2026.05.13 01:31:58 [ 0 ] OSCPUVirtualTimeMicroseconds: 84587 (increment)
[clickhouse-builder-0.clickhouse-builder.ch-builder.svc.cluster.local] 2026.05.13 01:31:58 [ 0 ] OSReadChars: 24559174 (increment)
[clickhouse-builder-0.clickhouse-builder.ch-builder.svc.cluster.local] 2026.05.13 01:31:58 [ 0 ] OSWriteChars: 13654 (increment)
[clickhouse-builder-0.clickhouse-builder.ch-builder.svc.cluster.local] 2026.05.13 01:31:58 [ 0 ] S3ReadMicroseconds: 118303 (increment)
[clickhouse-builder-0.clickhouse-builder.ch-builder.svc.cluster.local] 2026.05.13 01:31:58 [ 0 ] S3ReadRequestsCount: 2 (increment)
[clickhouse-builder-0.clickhouse-builder.ch-builder.svc.cluster.local] 2026.05.13 01:31:58 [ 0 ] DiskS3ReadMicroseconds: 118303 (increment)
[clickhouse-builder-0.clickhouse-builder.ch-builder.svc.cluster.local] 2026.05.13 01:31:58 [ 0 ] DiskS3ReadRequestsCount: 2 (increment)
[clickhouse-builder-0.clickhouse-builder.ch-builder.svc.cluster.local] 2026.05.13 01:31:58 [ 0 ] S3GetObject: 2 (increment)
[clickhouse-builder-0.clickhouse-builder.ch-builder.svc.cluster.local] 2026.05.13 01:31:58 [ 0 ] DiskS3GetObject: 2 (increment)
[clickhouse-builder-0.clickhouse-builder.ch-builder.svc.cluster.local] 2026.05.13 01:31:58 [ 0 ] ReadBufferFromS3Microseconds: 834735 (increment)
[clickhouse-builder-0.clickhouse-builder.ch-builder.svc.cluster.local] 2026.05.13 01:31:58 [ 0 ] ReadBufferFromS3InitMicroseconds: 118776 (increment)
[clickhouse-builder-0.clickhouse-builder.ch-builder.svc.cluster.local] 2026.05.13 01:31:58 [ 0 ] ReadBufferFromS3Bytes: 23966918 (increment)
[clickhouse-builder-0.clickhouse-builder.ch-builder.svc.cluster.local] 2026.05.13 01:31:58 [ 0 ] MemoryAllocatedWithoutCheck: 16 (increment)
[clickhouse-builder-0.clickhouse-builder.ch-builder.svc.cluster.local] 2026.05.13 01:31:58 [ 0 ] MemoryAllocatedWithoutCheckBytes: 28160 (increment)
[clickhouse-builder-0.clickhouse-builder.ch-builder.svc.cluster.local] 2026.05.13 01:31:58 [ 0 ] InterfaceNativeSendBytes: 3859 (increment)
[clickhouse-builder-0.clickhouse-builder.ch-builder.svc.cluster.local] 2026.05.13 01:31:58 [ 0 ] DiskConnectionsReused: 2 (increment)
[clickhouse-builder-0.clickhouse-builder.ch-builder.svc.cluster.local] 2026.05.13 01:31:58 [ 0 ] DiskConnectionsPreserved: 8 (increment)
[clickhouse-builder-0.clickhouse-builder.ch-builder.svc.cluster.local] 2026.05.13 01:31:58 [ 0 ] MemoryTrackerUsage: 145203084 (gauge)
[clickhouse-builder-0.clickhouse-builder.ch-builder.svc.cluster.local] 2026.05.13 01:31:58 [ 0 ] MemoryTrackerPeakUsage: 265754966 (gauge)
[clickhouse-builder-0.clickhouse-builder.ch-builder.svc.cluster.local] 2026.05.13 01:31:58 [ 0 ] ReadCompressedBytes: 26967517 (increment)
[clickhouse-builder-0.clickhouse-builder.ch-builder.svc.cluster.local] 2026.05.13 01:31:58 [ 0 ] CompressedReadBufferBlocks: 83 (increment)
[clickhouse-builder-0.clickhouse-builder.ch-builder.svc.cluster.local] 2026.05.13 01:31:58 [ 0 ] CompressedReadBufferBytes: 27077858 (increment)
[clickhouse-builder-0.clickhouse-builder.ch-builder.svc.cluster.local] 2026.05.13 01:31:58 [ 0 ] NetworkSendElapsedMicroseconds: 40 (increment)
[clickhouse-builder-0.clickhouse-builder.ch-builder.svc.cluster.local] 2026.05.13 01:31:58 [ 0 ] NetworkSendBytes: 3876 (increment)
[clickhouse-builder-0.clickhouse-builder.ch-builder.svc.cluster.local] 2026.05.13 01:31:58 [ 0 ] SelectedRows: 181939 (increment)
[clickhouse-builder-0.clickhouse-builder.ch-builder.svc.cluster.local] 2026.05.13 01:31:58 [ 0 ] SelectedBytes: 26381155 (increment)
[clickhouse-builder-0.clickhouse-builder.ch-builder.svc.cluster.local] 2026.05.13 01:31:58 [ 0 ] RowsReadByMainReader: 181939 (increment)
[clickhouse-builder-0.clickhouse-builder.ch-builder.svc.cluster.local] 2026.05.13 01:31:58 [ 0 ] RealTimeMicroseconds: 25498410 (increment)
[clickhouse-builder-0.clickhouse-builder.ch-builder.svc.cluster.local] 2026.05.13 01:31:58 [ 0 ] UserTimeMicroseconds: 210347 (increment)
[clickhouse-builder-0.clickhouse-builder.ch-builder.svc.cluster.local] 2026.05.13 01:31:58 [ 0 ] SystemTimeMicroseconds: 78582 (increment)
[clickhouse-builder-0.clickhouse-builder.ch-builder.svc.cluster.local] 2026.05.13 01:31:58 [ 0 ] SoftPageFaults: 131 (increment)
[clickhouse-builder-0.clickhouse-builder.ch-builder.svc.cluster.local] 2026.05.13 01:31:58 [ 0 ] OSCPUWaitMicroseconds: 12 (increment)
[clickhouse-builder-0.clickhouse-builder.ch-builder.svc.cluster.local] 2026.05.13 01:31:58 [ 0 ] OSCPUVirtualTimeMicroseconds: 288907 (increment)
[clickhouse-builder-0.clickhouse-builder.ch-builder.svc.cluster.local] 2026.05.13 01:31:58 [ 0 ] OSReadChars: 65586040 (increment)
[clickhouse-builder-0.clickhouse-builder.ch-builder.svc.cluster.local] 2026.05.13 01:31:58 [ 0 ] OSWriteChars: 1838 (increment)
[clickhouse-builder-0.clickhouse-builder.ch-builder.svc.cluster.local] 2026.05.13 01:31:58 [ 0 ] S3ReadMicroseconds: 57628 (increment)
[clickhouse-builder-0.clickhouse-builder.ch-builder.svc.cluster.local] 2026.05.13 01:31:58 [ 0 ] DiskS3ReadMicroseconds: 57628 (increment)
[clickhouse-builder-0.clickhouse-builder.ch-builder.svc.cluster.local] 2026.05.13 01:31:58 [ 0 ] ReadBufferFromS3Microseconds: 287682 (increment)
[clickhouse-builder-0.clickhouse-builder.ch-builder.svc.cluster.local] 2026.05.13 01:31:58 [ 0 ] ReadBufferFromS3InitMicroseconds: 57835 (increment)
[clickhouse-builder-0.clickhouse-builder.ch-builder.svc.cluster.local] 2026.05.13 01:31:58 [ 0 ] ReadBufferFromS3Bytes: 24584672 (increment)
[clickhouse-builder-0.clickhouse-builder.ch-builder.svc.cluster.local] 2026.05.13 01:31:58 [ 0 ] MemoryAllocatedWithoutCheck: 28 (increment)
[clickhouse-builder-0.clickhouse-builder.ch-builder.svc.cluster.local] 2026.05.13 01:31:58 [ 0 ] MemoryAllocatedWithoutCheckBytes: 255808 (increment)
[clickhouse-builder-0.clickhouse-builder.ch-builder.svc.cluster.local] 2026.05.13 01:31:58 [ 0 ] InterfaceNativeSendBytes: 3876 (increment)
[clickhouse-builder-0.clickhouse-builder.ch-builder.svc.cluster.local] 2026.05.13 01:31:58 [ 0 ] DiskConnectionsPreserved: 12 (increment)
[clickhouse-builder-0.clickhouse-builder.ch-builder.svc.cluster.local] 2026.05.13 01:31:58 [ 0 ] MemoryTrackerUsage: 5957637 (gauge)
[clickhouse-builder-0.clickhouse-builder.ch-builder.svc.cluster.local] 2026.05.13 01:31:58 [ 0 ] MemoryTrackerPeakUsage: 265754966 (gauge)
2.876
exit_code=0
