Defaulted container "builder" out of: builder, bootstrap (init)
[clickhouse-builder-0.clickhouse-builder.ch-builder.svc.cluster.local] 2026.05.13 01:32:00 [ 0 ] Query: 1 (increment)
[clickhouse-builder-0.clickhouse-builder.ch-builder.svc.cluster.local] 2026.05.13 01:32:00 [ 0 ] SelectQuery: 1 (increment)
[clickhouse-builder-0.clickhouse-builder.ch-builder.svc.cluster.local] 2026.05.13 01:32:00 [ 0 ] InitialQuery: 1 (increment)
[clickhouse-builder-0.clickhouse-builder.ch-builder.svc.cluster.local] 2026.05.13 01:32:00 [ 0 ] InitialSelectQuery: 1 (increment)
[clickhouse-builder-0.clickhouse-builder.ch-builder.svc.cluster.local] 2026.05.13 01:32:00 [ 0 ] QueriesWithSubqueries: 1 (increment)
[clickhouse-builder-0.clickhouse-builder.ch-builder.svc.cluster.local] 2026.05.13 01:32:00 [ 0 ] SelectQueriesWithSubqueries: 1 (increment)
[clickhouse-builder-0.clickhouse-builder.ch-builder.svc.cluster.local] 2026.05.13 01:32:00 [ 0 ] FileOpen: 93 (increment)
[clickhouse-builder-0.clickhouse-builder.ch-builder.svc.cluster.local] 2026.05.13 01:32:00 [ 0 ] ReadBufferFromFileDescriptorRead: 480 (increment)
[clickhouse-builder-0.clickhouse-builder.ch-builder.svc.cluster.local] 2026.05.13 01:32:00 [ 0 ] ReadBufferFromFileDescriptorReadBytes: 16720 (increment)
[clickhouse-builder-0.clickhouse-builder.ch-builder.svc.cluster.local] 2026.05.13 01:32:00 [ 0 ] ReadCompressedBytes: 84089 (increment)
[clickhouse-builder-0.clickhouse-builder.ch-builder.svc.cluster.local] 2026.05.13 01:32:00 [ 0 ] CompressedReadBufferBlocks: 2 (increment)
[clickhouse-builder-0.clickhouse-builder.ch-builder.svc.cluster.local] 2026.05.13 01:32:00 [ 0 ] CompressedReadBufferBytes: 131072 (increment)
[clickhouse-builder-0.clickhouse-builder.ch-builder.svc.cluster.local] 2026.05.13 01:32:00 [ 0 ] OpenedFileCacheHits: 147 (increment)
[clickhouse-builder-0.clickhouse-builder.ch-builder.svc.cluster.local] 2026.05.13 01:32:00 [ 0 ] OpenedFileCacheMisses: 93 (increment)
[clickhouse-builder-0.clickhouse-builder.ch-builder.svc.cluster.local] 2026.05.13 01:32:00 [ 0 ] OpenedFileCacheMicroseconds: 211 (increment)
[clickhouse-builder-0.clickhouse-builder.ch-builder.svc.cluster.local] 2026.05.13 01:32:00 [ 0 ] IOBufferAllocs: 482 (increment)
[clickhouse-builder-0.clickhouse-builder.ch-builder.svc.cluster.local] 2026.05.13 01:32:00 [ 0 ] IOBufferAllocBytes: 150311855 (increment)
[clickhouse-builder-0.clickhouse-builder.ch-builder.svc.cluster.local] 2026.05.13 01:32:00 [ 0 ] MarkCacheHits: 240 (increment)
[clickhouse-builder-0.clickhouse-builder.ch-builder.svc.cluster.local] 2026.05.13 01:32:00 [ 0 ] CreatedReadBufferOrdinary: 240 (increment)
[clickhouse-builder-0.clickhouse-builder.ch-builder.svc.cluster.local] 2026.05.13 01:32:00 [ 0 ] DiskReadElapsedMicroseconds: 467 (increment)
[clickhouse-builder-0.clickhouse-builder.ch-builder.svc.cluster.local] 2026.05.13 01:32:00 [ 0 ] NetworkReceiveElapsedMicroseconds: 1 (increment)
[clickhouse-builder-0.clickhouse-builder.ch-builder.svc.cluster.local] 2026.05.13 01:32:00 [ 0 ] NetworkSendElapsedMicroseconds: 43 (increment)
[clickhouse-builder-0.clickhouse-builder.ch-builder.svc.cluster.local] 2026.05.13 01:32:00 [ 0 ] NetworkSendBytes: 69 (increment)
[clickhouse-builder-0.clickhouse-builder.ch-builder.svc.cluster.local] 2026.05.13 01:32:00 [ 0 ] GlobalThreadPoolLockWaitMicroseconds: 78 (increment)
[clickhouse-builder-0.clickhouse-builder.ch-builder.svc.cluster.local] 2026.05.13 01:32:00 [ 0 ] GlobalThreadPoolJobs: 54 (increment)
[clickhouse-builder-0.clickhouse-builder.ch-builder.svc.cluster.local] 2026.05.13 01:32:00 [ 0 ] LocalThreadPoolExpansions: 53 (increment)
[clickhouse-builder-0.clickhouse-builder.ch-builder.svc.cluster.local] 2026.05.13 01:32:00 [ 0 ] LocalThreadPoolShrinks: 5 (increment)
[clickhouse-builder-0.clickhouse-builder.ch-builder.svc.cluster.local] 2026.05.13 01:32:00 [ 0 ] LocalThreadPoolThreadCreationMicroseconds: 346 (increment)
[clickhouse-builder-0.clickhouse-builder.ch-builder.svc.cluster.local] 2026.05.13 01:32:00 [ 0 ] LocalThreadPoolLockWaitMicroseconds: 11 (increment)
[clickhouse-builder-0.clickhouse-builder.ch-builder.svc.cluster.local] 2026.05.13 01:32:00 [ 0 ] LocalThreadPoolJobs: 53 (increment)
[clickhouse-builder-0.clickhouse-builder.ch-builder.svc.cluster.local] 2026.05.13 01:32:00 [ 0 ] QueryPlanOptimizeMicroseconds: 73 (increment)
[clickhouse-builder-0.clickhouse-builder.ch-builder.svc.cluster.local] 2026.05.13 01:32:00 [ 0 ] IndexAnalysisRounds: 1 (increment)
[clickhouse-builder-0.clickhouse-builder.ch-builder.svc.cluster.local] 2026.05.13 01:32:00 [ 0 ] SelectedParts: 5 (increment)
[clickhouse-builder-0.clickhouse-builder.ch-builder.svc.cluster.local] 2026.05.13 01:32:00 [ 0 ] SelectedPartsTotal: 5 (increment)
[clickhouse-builder-0.clickhouse-builder.ch-builder.svc.cluster.local] 2026.05.13 01:32:00 [ 0 ] SelectedRanges: 5 (increment)
[clickhouse-builder-0.clickhouse-builder.ch-builder.svc.cluster.local] 2026.05.13 01:32:00 [ 0 ] SelectedMarks: 612 (increment)
[clickhouse-builder-0.clickhouse-builder.ch-builder.svc.cluster.local] 2026.05.13 01:32:00 [ 0 ] SelectedMarksTotal: 612 (increment)
[clickhouse-builder-0.clickhouse-builder.ch-builder.svc.cluster.local] 2026.05.13 01:32:00 [ 0 ] FilteringMarksWithPrimaryKeyProcessedMarks: 612 (increment)
[clickhouse-builder-0.clickhouse-builder.ch-builder.svc.cluster.local] 2026.05.13 01:32:00 [ 0 ] FilteringMarksWithPrimaryKeyMicroseconds: 11 (increment)
[clickhouse-builder-0.clickhouse-builder.ch-builder.svc.cluster.local] 2026.05.13 01:32:00 [ 0 ] WaitMarksLoadMicroseconds: 1565 (increment)
[clickhouse-builder-0.clickhouse-builder.ch-builder.svc.cluster.local] 2026.05.13 01:32:00 [ 0 ] ContextLock: 32 (increment)
[clickhouse-builder-0.clickhouse-builder.ch-builder.svc.cluster.local] 2026.05.13 01:32:00 [ 0 ] RWLockAcquiredReadLocks: 1 (increment)
[clickhouse-builder-0.clickhouse-builder.ch-builder.svc.cluster.local] 2026.05.13 01:32:00 [ 0 ] SharedPartsLockHoldMicroseconds: 1 (increment)
[clickhouse-builder-0.clickhouse-builder.ch-builder.svc.cluster.local] 2026.05.13 01:32:00 [ 0 ] SharedPartsLocks: 2 (increment)
[clickhouse-builder-0.clickhouse-builder.ch-builder.svc.cluster.local] 2026.05.13 01:32:00 [ 0 ] RealTimeMicroseconds: 119 (increment)
[clickhouse-builder-0.clickhouse-builder.ch-builder.svc.cluster.local] 2026.05.13 01:32:00 [ 0 ] OSReadChars: 2400 (increment)
[clickhouse-builder-0.clickhouse-builder.ch-builder.svc.cluster.local] 2026.05.13 01:32:00 [ 0 ] S3ReadMicroseconds: 2602973 (increment)
[clickhouse-builder-0.clickhouse-builder.ch-builder.svc.cluster.local] 2026.05.13 01:32:00 [ 0 ] S3ReadRequestsCount: 50 (increment)
[clickhouse-builder-0.clickhouse-builder.ch-builder.svc.cluster.local] 2026.05.13 01:32:00 [ 0 ] DiskS3ReadMicroseconds: 2602973 (increment)
[clickhouse-builder-0.clickhouse-builder.ch-builder.svc.cluster.local] 2026.05.13 01:32:00 [ 0 ] DiskS3ReadRequestsCount: 50 (increment)
[clickhouse-builder-0.clickhouse-builder.ch-builder.svc.cluster.local] 2026.05.13 01:32:00 [ 0 ] S3GetObject: 50 (increment)
[clickhouse-builder-0.clickhouse-builder.ch-builder.svc.cluster.local] 2026.05.13 01:32:00 [ 0 ] DiskS3GetObject: 50 (increment)
[clickhouse-builder-0.clickhouse-builder.ch-builder.svc.cluster.local] 2026.05.13 01:32:00 [ 0 ] ReadBufferFromS3Microseconds: 192687 (increment)
[clickhouse-builder-0.clickhouse-builder.ch-builder.svc.cluster.local] 2026.05.13 01:32:00 [ 0 ] ReadBufferFromS3InitMicroseconds: 2614532 (increment)
[clickhouse-builder-0.clickhouse-builder.ch-builder.svc.cluster.local] 2026.05.13 01:32:00 [ 0 ] ReadBufferFromS3Bytes: 168395 (increment)
[clickhouse-builder-0.clickhouse-builder.ch-builder.svc.cluster.local] 2026.05.13 01:32:00 [ 0 ] MemoryAllocatedWithoutCheck: 155 (increment)
[clickhouse-builder-0.clickhouse-builder.ch-builder.svc.cluster.local] 2026.05.13 01:32:00 [ 0 ] MemoryAllocatedWithoutCheckBytes: 711880 (increment)
[clickhouse-builder-0.clickhouse-builder.ch-builder.svc.cluster.local] 2026.05.13 01:32:00 [ 0 ] LogTrace: 4 (increment)
[clickhouse-builder-0.clickhouse-builder.ch-builder.svc.cluster.local] 2026.05.13 01:32:00 [ 0 ] LogDebug: 5 (increment)
[clickhouse-builder-0.clickhouse-builder.ch-builder.svc.cluster.local] 2026.05.13 01:32:00 [ 0 ] LoggerElapsedNanoseconds: 93442 (increment)
[clickhouse-builder-0.clickhouse-builder.ch-builder.svc.cluster.local] 2026.05.13 01:32:00 [ 0 ] InterfaceNativeSendBytes: 69 (increment)
[clickhouse-builder-0.clickhouse-builder.ch-builder.svc.cluster.local] 2026.05.13 01:32:00 [ 0 ] DiskConnectionsReused: 50 (increment)
[clickhouse-builder-0.clickhouse-builder.ch-builder.svc.cluster.local] 2026.05.13 01:32:00 [ 0 ] DiskConnectionsPreserved: 2 (increment)
[clickhouse-builder-0.clickhouse-builder.ch-builder.svc.cluster.local] 2026.05.13 01:32:00 [ 0 ] ConcurrencyControlSlotsGranted: 1 (increment)
[clickhouse-builder-0.clickhouse-builder.ch-builder.svc.cluster.local] 2026.05.13 01:32:00 [ 0 ] ConcurrencyControlSlotsAcquired: 47 (increment)
[clickhouse-builder-0.clickhouse-builder.ch-builder.svc.cluster.local] 2026.05.13 01:32:00 [ 0 ] ConcurrencyControlSlotsAcquiredNonCompeting: 1 (increment)
[clickhouse-builder-0.clickhouse-builder.ch-builder.svc.cluster.local] 2026.05.13 01:32:00 [ 0 ] AsyncLoggingConsoleTotalMessages: 9 (increment)
[clickhouse-builder-0.clickhouse-builder.ch-builder.svc.cluster.local] 2026.05.13 01:32:00 [ 0 ] MemoryTrackerUsage: 174608 (gauge)
[clickhouse-builder-0.clickhouse-builder.ch-builder.svc.cluster.local] 2026.05.13 01:32:00 [ 0 ] MemoryTrackerPeakUsage: 174608 (gauge)
[clickhouse-builder-0.clickhouse-builder.ch-builder.svc.cluster.local] 2026.05.13 01:32:00 [ 0 ] ReadCompressedBytes: 1728785 (increment)
[clickhouse-builder-0.clickhouse-builder.ch-builder.svc.cluster.local] 2026.05.13 01:32:00 [ 0 ] CompressedReadBufferBlocks: 41 (increment)
[clickhouse-builder-0.clickhouse-builder.ch-builder.svc.cluster.local] 2026.05.13 01:32:00 [ 0 ] CompressedReadBufferBytes: 2686976 (increment)
[clickhouse-builder-0.clickhouse-builder.ch-builder.svc.cluster.local] 2026.05.13 01:32:00 [ 0 ] IOBufferAllocs: 41 (increment)
[clickhouse-builder-0.clickhouse-builder.ch-builder.svc.cluster.local] 2026.05.13 01:32:00 [ 0 ] IOBufferAllocBytes: 2692183 (increment)
[clickhouse-builder-0.clickhouse-builder.ch-builder.svc.cluster.local] 2026.05.13 01:32:00 [ 0 ] NetworkReceiveElapsedMicroseconds: 1 (increment)
[clickhouse-builder-0.clickhouse-builder.ch-builder.svc.cluster.local] 2026.05.13 01:32:00 [ 0 ] NetworkSendElapsedMicroseconds: 32 (increment)
[clickhouse-builder-0.clickhouse-builder.ch-builder.svc.cluster.local] 2026.05.13 01:32:00 [ 0 ] NetworkSendBytes: 7989 (increment)
[clickhouse-builder-0.clickhouse-builder.ch-builder.svc.cluster.local] 2026.05.13 01:32:00 [ 0 ] S3ReadMicroseconds: 924658 (increment)
[clickhouse-builder-0.clickhouse-builder.ch-builder.svc.cluster.local] 2026.05.13 01:32:00 [ 0 ] S3ReadRequestsCount: 41 (increment)
[clickhouse-builder-0.clickhouse-builder.ch-builder.svc.cluster.local] 2026.05.13 01:32:00 [ 0 ] DiskS3ReadMicroseconds: 924658 (increment)
[clickhouse-builder-0.clickhouse-builder.ch-builder.svc.cluster.local] 2026.05.13 01:32:00 [ 0 ] DiskS3ReadRequestsCount: 41 (increment)
[clickhouse-builder-0.clickhouse-builder.ch-builder.svc.cluster.local] 2026.05.13 01:32:00 [ 0 ] S3GetObject: 41 (increment)
[clickhouse-builder-0.clickhouse-builder.ch-builder.svc.cluster.local] 2026.05.13 01:32:00 [ 0 ] DiskS3GetObject: 41 (increment)
[clickhouse-builder-0.clickhouse-builder.ch-builder.svc.cluster.local] 2026.05.13 01:32:00 [ 0 ] ReadBufferFromS3Microseconds: 5717574 (increment)
[clickhouse-builder-0.clickhouse-builder.ch-builder.svc.cluster.local] 2026.05.13 01:32:00 [ 0 ] ReadBufferFromS3InitMicroseconds: 927052 (increment)
[clickhouse-builder-0.clickhouse-builder.ch-builder.svc.cluster.local] 2026.05.13 01:32:00 [ 0 ] ReadBufferFromS3Bytes: 4682376 (increment)
[clickhouse-builder-0.clickhouse-builder.ch-builder.svc.cluster.local] 2026.05.13 01:32:00 [ 0 ] MemoryAllocatedWithoutCheck: 82 (increment)
[clickhouse-builder-0.clickhouse-builder.ch-builder.svc.cluster.local] 2026.05.13 01:32:00 [ 0 ] MemoryAllocatedWithoutCheckBytes: 144320 (increment)
[clickhouse-builder-0.clickhouse-builder.ch-builder.svc.cluster.local] 2026.05.13 01:32:00 [ 0 ] InterfaceNativeSendBytes: 7989 (increment)
[clickhouse-builder-0.clickhouse-builder.ch-builder.svc.cluster.local] 2026.05.13 01:32:00 [ 0 ] DiskConnectionsReused: 41 (increment)
[clickhouse-builder-0.clickhouse-builder.ch-builder.svc.cluster.local] 2026.05.13 01:32:00 [ 0 ] DiskConnectionsPreserved: 41 (increment)
[clickhouse-builder-0.clickhouse-builder.ch-builder.svc.cluster.local] 2026.05.13 01:32:00 [ 0 ] MemoryTrackerUsage: 174608 (gauge)
[clickhouse-builder-0.clickhouse-builder.ch-builder.svc.cluster.local] 2026.05.13 01:32:00 [ 0 ] MemoryTrackerPeakUsage: 174608 (gauge)
[clickhouse-builder-0.clickhouse-builder.ch-builder.svc.cluster.local] 2026.05.13 01:32:00 [ 0 ] ReadCompressedBytes: 234187 (increment)
[clickhouse-builder-0.clickhouse-builder.ch-builder.svc.cluster.local] 2026.05.13 01:32:00 [ 0 ] CompressedReadBufferBlocks: 5 (increment)
[clickhouse-builder-0.clickhouse-builder.ch-builder.svc.cluster.local] 2026.05.13 01:32:00 [ 0 ] CompressedReadBufferBytes: 327680 (increment)
[clickhouse-builder-0.clickhouse-builder.ch-builder.svc.cluster.local] 2026.05.13 01:32:00 [ 0 ] IOBufferAllocs: 4 (increment)
[clickhouse-builder-0.clickhouse-builder.ch-builder.svc.cluster.local] 2026.05.13 01:32:00 [ 0 ] IOBufferAllocBytes: 262652 (increment)
[clickhouse-builder-0.clickhouse-builder.ch-builder.svc.cluster.local] 2026.05.13 01:32:00 [ 0 ] NetworkReceiveElapsedMicroseconds: 1 (increment)
[clickhouse-builder-0.clickhouse-builder.ch-builder.svc.cluster.local] 2026.05.13 01:32:00 [ 0 ] NetworkSendElapsedMicroseconds: 25 (increment)
[clickhouse-builder-0.clickhouse-builder.ch-builder.svc.cluster.local] 2026.05.13 01:32:00 [ 0 ] NetworkSendBytes: 2874 (increment)
[clickhouse-builder-0.clickhouse-builder.ch-builder.svc.cluster.local] 2026.05.13 01:32:00 [ 0 ] S3ReadMicroseconds: 3200170 (increment)
[clickhouse-builder-0.clickhouse-builder.ch-builder.svc.cluster.local] 2026.05.13 01:32:00 [ 0 ] S3ReadRequestsCount: 5 (increment)
[clickhouse-builder-0.clickhouse-builder.ch-builder.svc.cluster.local] 2026.05.13 01:32:00 [ 0 ] DiskS3ReadMicroseconds: 3200170 (increment)
[clickhouse-builder-0.clickhouse-builder.ch-builder.svc.cluster.local] 2026.05.13 01:32:00 [ 0 ] DiskS3ReadRequestsCount: 5 (increment)
[clickhouse-builder-0.clickhouse-builder.ch-builder.svc.cluster.local] 2026.05.13 01:32:00 [ 0 ] S3GetObject: 5 (increment)
[clickhouse-builder-0.clickhouse-builder.ch-builder.svc.cluster.local] 2026.05.13 01:32:00 [ 0 ] DiskS3GetObject: 5 (increment)
[clickhouse-builder-0.clickhouse-builder.ch-builder.svc.cluster.local] 2026.05.13 01:32:00 [ 0 ] ReadBufferFromS3Microseconds: 1180245 (increment)
[clickhouse-builder-0.clickhouse-builder.ch-builder.svc.cluster.local] 2026.05.13 01:32:00 [ 0 ] ReadBufferFromS3InitMicroseconds: 3205747 (increment)
[clickhouse-builder-0.clickhouse-builder.ch-builder.svc.cluster.local] 2026.05.13 01:32:00 [ 0 ] ReadBufferFromS3Bytes: 903991 (increment)
[clickhouse-builder-0.clickhouse-builder.ch-builder.svc.cluster.local] 2026.05.13 01:32:00 [ 0 ] MemoryAllocatedWithoutCheck: 10 (increment)
[clickhouse-builder-0.clickhouse-builder.ch-builder.svc.cluster.local] 2026.05.13 01:32:00 [ 0 ] MemoryAllocatedWithoutCheckBytes: 17600 (increment)
[clickhouse-builder-0.clickhouse-builder.ch-builder.svc.cluster.local] 2026.05.13 01:32:00 [ 0 ] InterfaceNativeSendBytes: 2874 (increment)
[clickhouse-builder-0.clickhouse-builder.ch-builder.svc.cluster.local] 2026.05.13 01:32:00 [ 0 ] DiskConnectionsReused: 5 (increment)
[clickhouse-builder-0.clickhouse-builder.ch-builder.svc.cluster.local] 2026.05.13 01:32:00 [ 0 ] DiskConnectionsPreserved: 5 (increment)
[clickhouse-builder-0.clickhouse-builder.ch-builder.svc.cluster.local] 2026.05.13 01:32:00 [ 0 ] MemoryTrackerUsage: 174608 (gauge)
[clickhouse-builder-0.clickhouse-builder.ch-builder.svc.cluster.local] 2026.05.13 01:32:00 [ 0 ] MemoryTrackerPeakUsage: 174608 (gauge)
[clickhouse-builder-0.clickhouse-builder.ch-builder.svc.cluster.local] 2026.05.13 01:32:01 [ 0 ] ReadCompressedBytes: 1615768 (increment)
[clickhouse-builder-0.clickhouse-builder.ch-builder.svc.cluster.local] 2026.05.13 01:32:01 [ 0 ] CompressedReadBufferBlocks: 25 (increment)
[clickhouse-builder-0.clickhouse-builder.ch-builder.svc.cluster.local] 2026.05.13 01:32:01 [ 0 ] CompressedReadBufferBytes: 1638400 (increment)
[clickhouse-builder-0.clickhouse-builder.ch-builder.svc.cluster.local] 2026.05.13 01:32:01 [ 0 ] IOBufferAllocs: 1 (increment)
[clickhouse-builder-0.clickhouse-builder.ch-builder.svc.cluster.local] 2026.05.13 01:32:01 [ 0 ] IOBufferAllocBytes: 65663 (increment)
[clickhouse-builder-0.clickhouse-builder.ch-builder.svc.cluster.local] 2026.05.13 01:32:01 [ 0 ] NetworkReceiveElapsedMicroseconds: 1 (increment)
[clickhouse-builder-0.clickhouse-builder.ch-builder.svc.cluster.local] 2026.05.13 01:32:01 [ 0 ] NetworkSendElapsedMicroseconds: 29 (increment)
[clickhouse-builder-0.clickhouse-builder.ch-builder.svc.cluster.local] 2026.05.13 01:32:01 [ 0 ] NetworkSendBytes: 2874 (increment)
[clickhouse-builder-0.clickhouse-builder.ch-builder.svc.cluster.local] 2026.05.13 01:32:01 [ 0 ] S3ReadMicroseconds: 1625085 (increment)
[clickhouse-builder-0.clickhouse-builder.ch-builder.svc.cluster.local] 2026.05.13 01:32:01 [ 0 ] S3ReadRequestsCount: 25 (increment)
[clickhouse-builder-0.clickhouse-builder.ch-builder.svc.cluster.local] 2026.05.13 01:32:01 [ 0 ] DiskS3ReadMicroseconds: 1625085 (increment)
[clickhouse-builder-0.clickhouse-builder.ch-builder.svc.cluster.local] 2026.05.13 01:32:01 [ 0 ] DiskS3ReadRequestsCount: 25 (increment)
[clickhouse-builder-0.clickhouse-builder.ch-builder.svc.cluster.local] 2026.05.13 01:32:01 [ 0 ] S3GetObject: 25 (increment)
[clickhouse-builder-0.clickhouse-builder.ch-builder.svc.cluster.local] 2026.05.13 01:32:01 [ 0 ] DiskS3GetObject: 25 (increment)
[clickhouse-builder-0.clickhouse-builder.ch-builder.svc.cluster.local] 2026.05.13 01:32:01 [ 0 ] ReadBufferFromS3Microseconds: 5726692 (increment)
[clickhouse-builder-0.clickhouse-builder.ch-builder.svc.cluster.local] 2026.05.13 01:32:01 [ 0 ] ReadBufferFromS3InitMicroseconds: 1627717 (increment)
[clickhouse-builder-0.clickhouse-builder.ch-builder.svc.cluster.local] 2026.05.13 01:32:01 [ 0 ] ReadBufferFromS3Bytes: 12321312 (increment)
[clickhouse-builder-0.clickhouse-builder.ch-builder.svc.cluster.local] 2026.05.13 01:32:01 [ 0 ] MemoryAllocatedWithoutCheck: 50 (increment)
[clickhouse-builder-0.clickhouse-builder.ch-builder.svc.cluster.local] 2026.05.13 01:32:01 [ 0 ] MemoryAllocatedWithoutCheckBytes: 88000 (increment)
[clickhouse-builder-0.clickhouse-builder.ch-builder.svc.cluster.local] 2026.05.13 01:32:01 [ 0 ] InterfaceNativeSendBytes: 2874 (increment)
[clickhouse-builder-0.clickhouse-builder.ch-builder.svc.cluster.local] 2026.05.13 01:32:01 [ 0 ] DiskConnectionsReused: 25 (increment)
[clickhouse-builder-0.clickhouse-builder.ch-builder.svc.cluster.local] 2026.05.13 01:32:01 [ 0 ] DiskConnectionsPreserved: 25 (increment)
[clickhouse-builder-0.clickhouse-builder.ch-builder.svc.cluster.local] 2026.05.13 01:32:01 [ 0 ] MemoryTrackerUsage: 174608 (gauge)
[clickhouse-builder-0.clickhouse-builder.ch-builder.svc.cluster.local] 2026.05.13 01:32:01 [ 0 ] MemoryTrackerPeakUsage: 174608 (gauge)
[clickhouse-builder-0.clickhouse-builder.ch-builder.svc.cluster.local] 2026.05.13 01:32:01 [ 0 ] ReadCompressedBytes: 1311220 (increment)
[clickhouse-builder-0.clickhouse-builder.ch-builder.svc.cluster.local] 2026.05.13 01:32:01 [ 0 ] CompressedReadBufferBlocks: 20 (increment)
[clickhouse-builder-0.clickhouse-builder.ch-builder.svc.cluster.local] 2026.05.13 01:32:01 [ 0 ] CompressedReadBufferBytes: 1310720 (increment)
[clickhouse-builder-0.clickhouse-builder.ch-builder.svc.cluster.local] 2026.05.13 01:32:01 [ 0 ] IOBufferAllocs: 4 (increment)
[clickhouse-builder-0.clickhouse-builder.ch-builder.svc.cluster.local] 2026.05.13 01:32:01 [ 0 ] IOBufferAllocBytes: 262396 (increment)
[clickhouse-builder-0.clickhouse-builder.ch-builder.svc.cluster.local] 2026.05.13 01:32:01 [ 0 ] NetworkReceiveElapsedMicroseconds: 2 (increment)
[clickhouse-builder-0.clickhouse-builder.ch-builder.svc.cluster.local] 2026.05.13 01:32:01 [ 0 ] NetworkSendElapsedMicroseconds: 39 (increment)
[clickhouse-builder-0.clickhouse-builder.ch-builder.svc.cluster.local] 2026.05.13 01:32:01 [ 0 ] NetworkSendBytes: 2874 (increment)
[clickhouse-builder-0.clickhouse-builder.ch-builder.svc.cluster.local] 2026.05.13 01:32:01 [ 0 ] S3ReadMicroseconds: 1385993 (increment)
[clickhouse-builder-0.clickhouse-builder.ch-builder.svc.cluster.local] 2026.05.13 01:32:01 [ 0 ] S3ReadRequestsCount: 20 (increment)
[clickhouse-builder-0.clickhouse-builder.ch-builder.svc.cluster.local] 2026.05.13 01:32:01 [ 0 ] DiskS3ReadMicroseconds: 1385993 (increment)
[clickhouse-builder-0.clickhouse-builder.ch-builder.svc.cluster.local] 2026.05.13 01:32:01 [ 0 ] DiskS3ReadRequestsCount: 20 (increment)
[clickhouse-builder-0.clickhouse-builder.ch-builder.svc.cluster.local] 2026.05.13 01:32:01 [ 0 ] S3GetObject: 20 (increment)
[clickhouse-builder-0.clickhouse-builder.ch-builder.svc.cluster.local] 2026.05.13 01:32:01 [ 0 ] DiskS3GetObject: 20 (increment)
[clickhouse-builder-0.clickhouse-builder.ch-builder.svc.cluster.local] 2026.05.13 01:32:01 [ 0 ] ReadBufferFromS3Microseconds: 5230509 (increment)
[clickhouse-builder-0.clickhouse-builder.ch-builder.svc.cluster.local] 2026.05.13 01:32:01 [ 0 ] ReadBufferFromS3InitMicroseconds: 1389993 (increment)
[clickhouse-builder-0.clickhouse-builder.ch-builder.svc.cluster.local] 2026.05.13 01:32:01 [ 0 ] ReadBufferFromS3Bytes: 9178540 (increment)
[clickhouse-builder-0.clickhouse-builder.ch-builder.svc.cluster.local] 2026.05.13 01:32:01 [ 0 ] MemoryAllocatedWithoutCheck: 40 (increment)
[clickhouse-builder-0.clickhouse-builder.ch-builder.svc.cluster.local] 2026.05.13 01:32:01 [ 0 ] MemoryAllocatedWithoutCheckBytes: 70400 (increment)
[clickhouse-builder-0.clickhouse-builder.ch-builder.svc.cluster.local] 2026.05.13 01:32:01 [ 0 ] InterfaceNativeSendBytes: 2874 (increment)
[clickhouse-builder-0.clickhouse-builder.ch-builder.svc.cluster.local] 2026.05.13 01:32:01 [ 0 ] DiskConnectionsReused: 20 (increment)
[clickhouse-builder-0.clickhouse-builder.ch-builder.svc.cluster.local] 2026.05.13 01:32:01 [ 0 ] DiskConnectionsPreserved: 20 (increment)
[clickhouse-builder-0.clickhouse-builder.ch-builder.svc.cluster.local] 2026.05.13 01:32:01 [ 0 ] MemoryTrackerUsage: 174608 (gauge)
[clickhouse-builder-0.clickhouse-builder.ch-builder.svc.cluster.local] 2026.05.13 01:32:01 [ 0 ] MemoryTrackerPeakUsage: 174608 (gauge)
[clickhouse-builder-0.clickhouse-builder.ch-builder.svc.cluster.local] 2026.05.13 01:32:01 [ 0 ] ReadCompressedBytes: 1442342 (increment)
[clickhouse-builder-0.clickhouse-builder.ch-builder.svc.cluster.local] 2026.05.13 01:32:01 [ 0 ] CompressedReadBufferBlocks: 22 (increment)
[clickhouse-builder-0.clickhouse-builder.ch-builder.svc.cluster.local] 2026.05.13 01:32:01 [ 0 ] CompressedReadBufferBytes: 1441792 (increment)
[clickhouse-builder-0.clickhouse-builder.ch-builder.svc.cluster.local] 2026.05.13 01:32:01 [ 0 ] IOBufferAllocs: 17 (increment)
[clickhouse-builder-0.clickhouse-builder.ch-builder.svc.cluster.local] 2026.05.13 01:32:01 [ 0 ] IOBufferAllocBytes: 1115183 (increment)
[clickhouse-builder-0.clickhouse-builder.ch-builder.svc.cluster.local] 2026.05.13 01:32:01 [ 0 ] NetworkReceiveElapsedMicroseconds: 1 (increment)
[clickhouse-builder-0.clickhouse-builder.ch-builder.svc.cluster.local] 2026.05.13 01:32:01 [ 0 ] NetworkSendElapsedMicroseconds: 26 (increment)
[clickhouse-builder-0.clickhouse-builder.ch-builder.svc.cluster.local] 2026.05.13 01:32:01 [ 0 ] NetworkSendBytes: 2874 (increment)
[clickhouse-builder-0.clickhouse-builder.ch-builder.svc.cluster.local] 2026.05.13 01:32:01 [ 0 ] S3ReadMicroseconds: 1371122 (increment)
[clickhouse-builder-0.clickhouse-builder.ch-builder.svc.cluster.local] 2026.05.13 01:32:01 [ 0 ] S3ReadRequestsCount: 22 (increment)
[clickhouse-builder-0.clickhouse-builder.ch-builder.svc.cluster.local] 2026.05.13 01:32:01 [ 0 ] DiskS3ReadMicroseconds: 1371122 (increment)
[clickhouse-builder-0.clickhouse-builder.ch-builder.svc.cluster.local] 2026.05.13 01:32:01 [ 0 ] DiskS3ReadRequestsCount: 22 (increment)
[clickhouse-builder-0.clickhouse-builder.ch-builder.svc.cluster.local] 2026.05.13 01:32:01 [ 0 ] S3GetObject: 22 (increment)
[clickhouse-builder-0.clickhouse-builder.ch-builder.svc.cluster.local] 2026.05.13 01:32:01 [ 0 ] DiskS3GetObject: 22 (increment)
[clickhouse-builder-0.clickhouse-builder.ch-builder.svc.cluster.local] 2026.05.13 01:32:01 [ 0 ] ReadBufferFromS3Microseconds: 5041615 (increment)
[clickhouse-builder-0.clickhouse-builder.ch-builder.svc.cluster.local] 2026.05.13 01:32:01 [ 0 ] ReadBufferFromS3InitMicroseconds: 1166205 (increment)
[clickhouse-builder-0.clickhouse-builder.ch-builder.svc.cluster.local] 2026.05.13 01:32:01 [ 0 ] ReadBufferFromS3Bytes: 7473954 (increment)
[clickhouse-builder-0.clickhouse-builder.ch-builder.svc.cluster.local] 2026.05.13 01:32:01 [ 0 ] MemoryAllocatedWithoutCheck: 44 (increment)
[clickhouse-builder-0.clickhouse-builder.ch-builder.svc.cluster.local] 2026.05.13 01:32:01 [ 0 ] MemoryAllocatedWithoutCheckBytes: 77440 (increment)
[clickhouse-builder-0.clickhouse-builder.ch-builder.svc.cluster.local] 2026.05.13 01:32:01 [ 0 ] InterfaceNativeSendBytes: 2874 (increment)
[clickhouse-builder-0.clickhouse-builder.ch-builder.svc.cluster.local] 2026.05.13 01:32:01 [ 0 ] DiskConnectionsReused: 22 (increment)
[clickhouse-builder-0.clickhouse-builder.ch-builder.svc.cluster.local] 2026.05.13 01:32:01 [ 0 ] DiskConnectionsPreserved: 22 (increment)
[clickhouse-builder-0.clickhouse-builder.ch-builder.svc.cluster.local] 2026.05.13 01:32:01 [ 0 ] MemoryTrackerUsage: 174608 (gauge)
[clickhouse-builder-0.clickhouse-builder.ch-builder.svc.cluster.local] 2026.05.13 01:32:01 [ 0 ] MemoryTrackerPeakUsage: 174608 (gauge)
[clickhouse-builder-0.clickhouse-builder.ch-builder.svc.cluster.local] 2026.05.13 01:32:01 [ 0 ] ReadCompressedBytes: 1114537 (increment)
[clickhouse-builder-0.clickhouse-builder.ch-builder.svc.cluster.local] 2026.05.13 01:32:01 [ 0 ] CompressedReadBufferBlocks: 17 (increment)
[clickhouse-builder-0.clickhouse-builder.ch-builder.svc.cluster.local] 2026.05.13 01:32:01 [ 0 ] CompressedReadBufferBytes: 1114112 (increment)
[clickhouse-builder-0.clickhouse-builder.ch-builder.svc.cluster.local] 2026.05.13 01:32:01 [ 0 ] IOBufferAllocs: 13 (increment)
[clickhouse-builder-0.clickhouse-builder.ch-builder.svc.cluster.local] 2026.05.13 01:32:01 [ 0 ] IOBufferAllocBytes: 852787 (increment)
[clickhouse-builder-0.clickhouse-builder.ch-builder.svc.cluster.local] 2026.05.13 01:32:01 [ 0 ] NetworkReceiveElapsedMicroseconds: 1 (increment)
[clickhouse-builder-0.clickhouse-builder.ch-builder.svc.cluster.local] 2026.05.13 01:32:01 [ 0 ] NetworkSendElapsedMicroseconds: 22 (increment)
[clickhouse-builder-0.clickhouse-builder.ch-builder.svc.cluster.local] 2026.05.13 01:32:01 [ 0 ] NetworkSendBytes: 2874 (increment)
[clickhouse-builder-0.clickhouse-builder.ch-builder.svc.cluster.local] 2026.05.13 01:32:01 [ 0 ] S3ReadMicroseconds: 2737180 (increment)
[clickhouse-builder-0.clickhouse-builder.ch-builder.svc.cluster.local] 2026.05.13 01:32:01 [ 0 ] S3ReadRequestsCount: 17 (increment)
[clickhouse-builder-0.clickhouse-builder.ch-builder.svc.cluster.local] 2026.05.13 01:32:01 [ 0 ] DiskS3ReadMicroseconds: 2737180 (increment)
[clickhouse-builder-0.clickhouse-builder.ch-builder.svc.cluster.local] 2026.05.13 01:32:01 [ 0 ] DiskS3ReadRequestsCount: 17 (increment)
[clickhouse-builder-0.clickhouse-builder.ch-builder.svc.cluster.local] 2026.05.13 01:32:01 [ 0 ] S3GetObject: 17 (increment)
[clickhouse-builder-0.clickhouse-builder.ch-builder.svc.cluster.local] 2026.05.13 01:32:01 [ 0 ] DiskS3GetObject: 17 (increment)
[clickhouse-builder-0.clickhouse-builder.ch-builder.svc.cluster.local] 2026.05.13 01:32:01 [ 0 ] ReadBufferFromS3Microseconds: 3795875 (increment)
[clickhouse-builder-0.clickhouse-builder.ch-builder.svc.cluster.local] 2026.05.13 01:32:01 [ 0 ] ReadBufferFromS3InitMicroseconds: 2949551 (increment)
[clickhouse-builder-0.clickhouse-builder.ch-builder.svc.cluster.local] 2026.05.13 01:32:01 [ 0 ] ReadBufferFromS3Bytes: 5769368 (increment)
[clickhouse-builder-0.clickhouse-builder.ch-builder.svc.cluster.local] 2026.05.13 01:32:01 [ 0 ] MemoryAllocatedWithoutCheck: 34 (increment)
[clickhouse-builder-0.clickhouse-builder.ch-builder.svc.cluster.local] 2026.05.13 01:32:01 [ 0 ] MemoryAllocatedWithoutCheckBytes: 59840 (increment)
[clickhouse-builder-0.clickhouse-builder.ch-builder.svc.cluster.local] 2026.05.13 01:32:01 [ 0 ] InterfaceNativeSendBytes: 2874 (increment)
[clickhouse-builder-0.clickhouse-builder.ch-builder.svc.cluster.local] 2026.05.13 01:32:01 [ 0 ] DiskConnectionsReused: 17 (increment)
[clickhouse-builder-0.clickhouse-builder.ch-builder.svc.cluster.local] 2026.05.13 01:32:01 [ 0 ] DiskConnectionsPreserved: 17 (increment)
[clickhouse-builder-0.clickhouse-builder.ch-builder.svc.cluster.local] 2026.05.13 01:32:01 [ 0 ] MemoryTrackerUsage: 9663084 (gauge)
[clickhouse-builder-0.clickhouse-builder.ch-builder.svc.cluster.local] 2026.05.13 01:32:01 [ 0 ] MemoryTrackerPeakUsage: 9663084 (gauge)
[clickhouse-builder-0.clickhouse-builder.ch-builder.svc.cluster.local] 2026.05.13 01:32:01 [ 0 ] ReadCompressedBytes: 1311220 (increment)
[clickhouse-builder-0.clickhouse-builder.ch-builder.svc.cluster.local] 2026.05.13 01:32:01 [ 0 ] CompressedReadBufferBlocks: 20 (increment)
[clickhouse-builder-0.clickhouse-builder.ch-builder.svc.cluster.local] 2026.05.13 01:32:01 [ 0 ] CompressedReadBufferBytes: 1310720 (increment)
[clickhouse-builder-0.clickhouse-builder.ch-builder.svc.cluster.local] 2026.05.13 01:32:01 [ 0 ] IOBufferAllocs: 10 (increment)
[clickhouse-builder-0.clickhouse-builder.ch-builder.svc.cluster.local] 2026.05.13 01:32:01 [ 0 ] IOBufferAllocBytes: 655990 (increment)
[clickhouse-builder-0.clickhouse-builder.ch-builder.svc.cluster.local] 2026.05.13 01:32:01 [ 0 ] NetworkReceiveElapsedMicroseconds: 1 (increment)
[clickhouse-builder-0.clickhouse-builder.ch-builder.svc.cluster.local] 2026.05.13 01:32:01 [ 0 ] NetworkSendElapsedMicroseconds: 19 (increment)
[clickhouse-builder-0.clickhouse-builder.ch-builder.svc.cluster.local] 2026.05.13 01:32:01 [ 0 ] NetworkSendBytes: 2874 (increment)
[clickhouse-builder-0.clickhouse-builder.ch-builder.svc.cluster.local] 2026.05.13 01:32:01 [ 0 ] S3ReadMicroseconds: 1374366 (increment)
[clickhouse-builder-0.clickhouse-builder.ch-builder.svc.cluster.local] 2026.05.13 01:32:01 [ 0 ] S3ReadRequestsCount: 20 (increment)
[clickhouse-builder-0.clickhouse-builder.ch-builder.svc.cluster.local] 2026.05.13 01:32:01 [ 0 ] DiskS3ReadMicroseconds: 1374366 (increment)
[clickhouse-builder-0.clickhouse-builder.ch-builder.svc.cluster.local] 2026.05.13 01:32:01 [ 0 ] DiskS3ReadRequestsCount: 20 (increment)
[clickhouse-builder-0.clickhouse-builder.ch-builder.svc.cluster.local] 2026.05.13 01:32:01 [ 0 ] S3GetObject: 20 (increment)
[clickhouse-builder-0.clickhouse-builder.ch-builder.svc.cluster.local] 2026.05.13 01:32:01 [ 0 ] DiskS3GetObject: 20 (increment)
[clickhouse-builder-0.clickhouse-builder.ch-builder.svc.cluster.local] 2026.05.13 01:32:01 [ 0 ] ReadBufferFromS3Microseconds: 5130424 (increment)
[clickhouse-builder-0.clickhouse-builder.ch-builder.svc.cluster.local] 2026.05.13 01:32:01 [ 0 ] ReadBufferFromS3InitMicroseconds: 1376587 (increment)
[clickhouse-builder-0.clickhouse-builder.ch-builder.svc.cluster.local] 2026.05.13 01:32:01 [ 0 ] ReadBufferFromS3Bytes: 7998442 (increment)
[clickhouse-builder-0.clickhouse-builder.ch-builder.svc.cluster.local] 2026.05.13 01:32:01 [ 0 ] MemoryAllocatedWithoutCheck: 40 (increment)
[clickhouse-builder-0.clickhouse-builder.ch-builder.svc.cluster.local] 2026.05.13 01:32:01 [ 0 ] MemoryAllocatedWithoutCheckBytes: 70400 (increment)
[clickhouse-builder-0.clickhouse-builder.ch-builder.svc.cluster.local] 2026.05.13 01:32:01 [ 0 ] InterfaceNativeSendBytes: 2874 (increment)
[clickhouse-builder-0.clickhouse-builder.ch-builder.svc.cluster.local] 2026.05.13 01:32:01 [ 0 ] DiskConnectionsReused: 20 (increment)
[clickhouse-builder-0.clickhouse-builder.ch-builder.svc.cluster.local] 2026.05.13 01:32:01 [ 0 ] DiskConnectionsPreserved: 20 (increment)
[clickhouse-builder-0.clickhouse-builder.ch-builder.svc.cluster.local] 2026.05.13 01:32:01 [ 0 ] MemoryTrackerUsage: 62330452 (gauge)
[clickhouse-builder-0.clickhouse-builder.ch-builder.svc.cluster.local] 2026.05.13 01:32:01 [ 0 ] MemoryTrackerPeakUsage: 62330452 (gauge)
[clickhouse-builder-0.clickhouse-builder.ch-builder.svc.cluster.local] 2026.05.13 01:32:01 [ 0 ] ReadCompressedBytes: 1442342 (increment)
[clickhouse-builder-0.clickhouse-builder.ch-builder.svc.cluster.local] 2026.05.13 01:32:01 [ 0 ] CompressedReadBufferBlocks: 22 (increment)
[clickhouse-builder-0.clickhouse-builder.ch-builder.svc.cluster.local] 2026.05.13 01:32:01 [ 0 ] CompressedReadBufferBytes: 1441792 (increment)
[clickhouse-builder-0.clickhouse-builder.ch-builder.svc.cluster.local] 2026.05.13 01:32:01 [ 0 ] IOBufferAllocs: 4 (increment)
[clickhouse-builder-0.clickhouse-builder.ch-builder.svc.cluster.local] 2026.05.13 01:32:01 [ 0 ] IOBufferAllocBytes: 262396 (increment)
[clickhouse-builder-0.clickhouse-builder.ch-builder.svc.cluster.local] 2026.05.13 01:32:01 [ 0 ] NetworkReceiveElapsedMicroseconds: 1 (increment)
[clickhouse-builder-0.clickhouse-builder.ch-builder.svc.cluster.local] 2026.05.13 01:32:01 [ 0 ] NetworkSendElapsedMicroseconds: 19 (increment)
[clickhouse-builder-0.clickhouse-builder.ch-builder.svc.cluster.local] 2026.05.13 01:32:01 [ 0 ] NetworkSendBytes: 2874 (increment)
[clickhouse-builder-0.clickhouse-builder.ch-builder.svc.cluster.local] 2026.05.13 01:32:01 [ 0 ] S3ReadMicroseconds: 789228 (increment)
[clickhouse-builder-0.clickhouse-builder.ch-builder.svc.cluster.local] 2026.05.13 01:32:01 [ 0 ] S3ReadRequestsCount: 22 (increment)
[clickhouse-builder-0.clickhouse-builder.ch-builder.svc.cluster.local] 2026.05.13 01:32:01 [ 0 ] DiskS3ReadMicroseconds: 789228 (increment)
[clickhouse-builder-0.clickhouse-builder.ch-builder.svc.cluster.local] 2026.05.13 01:32:01 [ 0 ] DiskS3ReadRequestsCount: 22 (increment)
[clickhouse-builder-0.clickhouse-builder.ch-builder.svc.cluster.local] 2026.05.13 01:32:01 [ 0 ] S3GetObject: 22 (increment)
[clickhouse-builder-0.clickhouse-builder.ch-builder.svc.cluster.local] 2026.05.13 01:32:01 [ 0 ] DiskS3GetObject: 22 (increment)
[clickhouse-builder-0.clickhouse-builder.ch-builder.svc.cluster.local] 2026.05.13 01:32:01 [ 0 ] ReadBufferFromS3Microseconds: 5642531 (increment)
[clickhouse-builder-0.clickhouse-builder.ch-builder.svc.cluster.local] 2026.05.13 01:32:01 [ 0 ] ReadBufferFromS3InitMicroseconds: 791078 (increment)
[clickhouse-builder-0.clickhouse-builder.ch-builder.svc.cluster.local] 2026.05.13 01:32:01 [ 0 ] ReadBufferFromS3Bytes: 10620882 (increment)
[clickhouse-builder-0.clickhouse-builder.ch-builder.svc.cluster.local] 2026.05.13 01:32:01 [ 0 ] MemoryAllocatedWithoutCheck: 44 (increment)
[clickhouse-builder-0.clickhouse-builder.ch-builder.svc.cluster.local] 2026.05.13 01:32:01 [ 0 ] MemoryAllocatedWithoutCheckBytes: 77440 (increment)
[clickhouse-builder-0.clickhouse-builder.ch-builder.svc.cluster.local] 2026.05.13 01:32:01 [ 0 ] InterfaceNativeSendBytes: 2874 (increment)
[clickhouse-builder-0.clickhouse-builder.ch-builder.svc.cluster.local] 2026.05.13 01:32:01 [ 0 ] DiskConnectionsReused: 22 (increment)
[clickhouse-builder-0.clickhouse-builder.ch-builder.svc.cluster.local] 2026.05.13 01:32:01 [ 0 ] DiskConnectionsPreserved: 22 (increment)
[clickhouse-builder-0.clickhouse-builder.ch-builder.svc.cluster.local] 2026.05.13 01:32:01 [ 0 ] MemoryTrackerUsage: 157084032 (gauge)
[clickhouse-builder-0.clickhouse-builder.ch-builder.svc.cluster.local] 2026.05.13 01:32:01 [ 0 ] MemoryTrackerPeakUsage: 157084032 (gauge)
[clickhouse-builder-0.clickhouse-builder.ch-builder.svc.cluster.local] 2026.05.13 01:32:01 [ 0 ] ReadCompressedBytes: 458927 (increment)
[clickhouse-builder-0.clickhouse-builder.ch-builder.svc.cluster.local] 2026.05.13 01:32:01 [ 0 ] CompressedReadBufferBlocks: 7 (increment)
[clickhouse-builder-0.clickhouse-builder.ch-builder.svc.cluster.local] 2026.05.13 01:32:01 [ 0 ] CompressedReadBufferBytes: 458752 (increment)
[clickhouse-builder-0.clickhouse-builder.ch-builder.svc.cluster.local] 2026.05.13 01:32:01 [ 0 ] NetworkReceiveElapsedMicroseconds: 1 (increment)
[clickhouse-builder-0.clickhouse-builder.ch-builder.svc.cluster.local] 2026.05.13 01:32:01 [ 0 ] NetworkSendElapsedMicroseconds: 22 (increment)
[clickhouse-builder-0.clickhouse-builder.ch-builder.svc.cluster.local] 2026.05.13 01:32:01 [ 0 ] NetworkSendBytes: 2874 (increment)
[clickhouse-builder-0.clickhouse-builder.ch-builder.svc.cluster.local] 2026.05.13 01:32:01 [ 0 ] S3ReadMicroseconds: 2476084 (increment)
[clickhouse-builder-0.clickhouse-builder.ch-builder.svc.cluster.local] 2026.05.13 01:32:01 [ 0 ] S3ReadRequestsCount: 7 (increment)
[clickhouse-builder-0.clickhouse-builder.ch-builder.svc.cluster.local] 2026.05.13 01:32:01 [ 0 ] DiskS3ReadMicroseconds: 2476084 (increment)
[clickhouse-builder-0.clickhouse-builder.ch-builder.svc.cluster.local] 2026.05.13 01:32:01 [ 0 ] DiskS3ReadRequestsCount: 7 (increment)
[clickhouse-builder-0.clickhouse-builder.ch-builder.svc.cluster.local] 2026.05.13 01:32:01 [ 0 ] S3GetObject: 7 (increment)
[clickhouse-builder-0.clickhouse-builder.ch-builder.svc.cluster.local] 2026.05.13 01:32:01 [ 0 ] DiskS3GetObject: 7 (increment)
[clickhouse-builder-0.clickhouse-builder.ch-builder.svc.cluster.local] 2026.05.13 01:32:01 [ 0 ] ReadBufferFromS3Microseconds: 2439352 (increment)
[clickhouse-builder-0.clickhouse-builder.ch-builder.svc.cluster.local] 2026.05.13 01:32:01 [ 0 ] ReadBufferFromS3InitMicroseconds: 2479839 (increment)
[clickhouse-builder-0.clickhouse-builder.ch-builder.svc.cluster.local] 2026.05.13 01:32:01 [ 0 ] ReadBufferFromS3Bytes: 5571885 (increment)
[clickhouse-builder-0.clickhouse-builder.ch-builder.svc.cluster.local] 2026.05.13 01:32:01 [ 0 ] MemoryAllocatedWithoutCheck: 14 (increment)
[clickhouse-builder-0.clickhouse-builder.ch-builder.svc.cluster.local] 2026.05.13 01:32:01 [ 0 ] MemoryAllocatedWithoutCheckBytes: 24640 (increment)
[clickhouse-builder-0.clickhouse-builder.ch-builder.svc.cluster.local] 2026.05.13 01:32:01 [ 0 ] InterfaceNativeSendBytes: 2874 (increment)
[clickhouse-builder-0.clickhouse-builder.ch-builder.svc.cluster.local] 2026.05.13 01:32:01 [ 0 ] DiskConnectionsReused: 7 (increment)
[clickhouse-builder-0.clickhouse-builder.ch-builder.svc.cluster.local] 2026.05.13 01:32:01 [ 0 ] DiskConnectionsPreserved: 7 (increment)
[clickhouse-builder-0.clickhouse-builder.ch-builder.svc.cluster.local] 2026.05.13 01:32:01 [ 0 ] MemoryTrackerUsage: 193412969 (gauge)
[clickhouse-builder-0.clickhouse-builder.ch-builder.svc.cluster.local] 2026.05.13 01:32:01 [ 0 ] MemoryTrackerPeakUsage: 193412969 (gauge)
[clickhouse-builder-0.clickhouse-builder.ch-builder.svc.cluster.local] 2026.05.13 01:32:01 [ 0 ] ReadCompressedBytes: 19376691 (increment)
[clickhouse-builder-0.clickhouse-builder.ch-builder.svc.cluster.local] 2026.05.13 01:32:01 [ 0 ] CompressedReadBufferBlocks: 56 (increment)
[clickhouse-builder-0.clickhouse-builder.ch-builder.svc.cluster.local] 2026.05.13 01:32:01 [ 0 ] CompressedReadBufferBytes: 19398656 (increment)
[clickhouse-builder-0.clickhouse-builder.ch-builder.svc.cluster.local] 2026.05.13 01:32:01 [ 0 ] NetworkReceiveElapsedMicroseconds: 1 (increment)
[clickhouse-builder-0.clickhouse-builder.ch-builder.svc.cluster.local] 2026.05.13 01:32:01 [ 0 ] NetworkSendElapsedMicroseconds: 26 (increment)
[clickhouse-builder-0.clickhouse-builder.ch-builder.svc.cluster.local] 2026.05.13 01:32:01 [ 0 ] NetworkSendBytes: 2665 (increment)
[clickhouse-builder-0.clickhouse-builder.ch-builder.svc.cluster.local] 2026.05.13 01:32:01 [ 0 ] SelectedRows: 122880 (increment)
[clickhouse-builder-0.clickhouse-builder.ch-builder.svc.cluster.local] 2026.05.13 01:32:01 [ 0 ] SelectedBytes: 17817600 (increment)
[clickhouse-builder-0.clickhouse-builder.ch-builder.svc.cluster.local] 2026.05.13 01:32:01 [ 0 ] RowsReadByMainReader: 131072 (increment)
[clickhouse-builder-0.clickhouse-builder.ch-builder.svc.cluster.local] 2026.05.13 01:32:01 [ 0 ] RealTimeMicroseconds: 6514011 (increment)
[clickhouse-builder-0.clickhouse-builder.ch-builder.svc.cluster.local] 2026.05.13 01:32:01 [ 0 ] UserTimeMicroseconds: 47560 (increment)
[clickhouse-builder-0.clickhouse-builder.ch-builder.svc.cluster.local] 2026.05.13 01:32:01 [ 0 ] SystemTimeMicroseconds: 70129 (increment)
[clickhouse-builder-0.clickhouse-builder.ch-builder.svc.cluster.local] 2026.05.13 01:32:01 [ 0 ] SoftPageFaults: 3610 (increment)
[clickhouse-builder-0.clickhouse-builder.ch-builder.svc.cluster.local] 2026.05.13 01:32:01 [ 0 ] OSCPUWaitMicroseconds: 135 (increment)
[clickhouse-builder-0.clickhouse-builder.ch-builder.svc.cluster.local] 2026.05.13 01:32:01 [ 0 ] OSCPUVirtualTimeMicroseconds: 117683 (increment)
[clickhouse-builder-0.clickhouse-builder.ch-builder.svc.cluster.local] 2026.05.13 01:32:01 [ 0 ] OSReadChars: 28780632 (increment)
[clickhouse-builder-0.clickhouse-builder.ch-builder.svc.cluster.local] 2026.05.13 01:32:01 [ 0 ] OSWriteChars: 27621 (increment)
[clickhouse-builder-0.clickhouse-builder.ch-builder.svc.cluster.local] 2026.05.13 01:32:01 [ 0 ] S3ReadMicroseconds: 1346971 (increment)
[clickhouse-builder-0.clickhouse-builder.ch-builder.svc.cluster.local] 2026.05.13 01:32:01 [ 0 ] S3ReadRequestsCount: 8 (increment)
[clickhouse-builder-0.clickhouse-builder.ch-builder.svc.cluster.local] 2026.05.13 01:32:01 [ 0 ] DiskS3ReadMicroseconds: 1346971 (increment)
[clickhouse-builder-0.clickhouse-builder.ch-builder.svc.cluster.local] 2026.05.13 01:32:01 [ 0 ] DiskS3ReadRequestsCount: 8 (increment)
[clickhouse-builder-0.clickhouse-builder.ch-builder.svc.cluster.local] 2026.05.13 01:32:01 [ 0 ] S3GetObject: 8 (increment)
[clickhouse-builder-0.clickhouse-builder.ch-builder.svc.cluster.local] 2026.05.13 01:32:01 [ 0 ] DiskS3GetObject: 8 (increment)
[clickhouse-builder-0.clickhouse-builder.ch-builder.svc.cluster.local] 2026.05.13 01:32:01 [ 0 ] ReadBufferFromS3Microseconds: 4969638 (increment)
[clickhouse-builder-0.clickhouse-builder.ch-builder.svc.cluster.local] 2026.05.13 01:32:01 [ 0 ] ReadBufferFromS3InitMicroseconds: 1348338 (increment)
[clickhouse-builder-0.clickhouse-builder.ch-builder.svc.cluster.local] 2026.05.13 01:32:01 [ 0 ] ReadBufferFromS3Bytes: 28837365 (increment)
[clickhouse-builder-0.clickhouse-builder.ch-builder.svc.cluster.local] 2026.05.13 01:32:01 [ 0 ] MemoryAllocatedWithoutCheck: 16 (increment)
[clickhouse-builder-0.clickhouse-builder.ch-builder.svc.cluster.local] 2026.05.13 01:32:01 [ 0 ] MemoryAllocatedWithoutCheckBytes: 28160 (increment)
[clickhouse-builder-0.clickhouse-builder.ch-builder.svc.cluster.local] 2026.05.13 01:32:01 [ 0 ] InterfaceNativeSendBytes: 2665 (increment)
[clickhouse-builder-0.clickhouse-builder.ch-builder.svc.cluster.local] 2026.05.13 01:32:01 [ 0 ] DiskConnectionsReused: 8 (increment)
[clickhouse-builder-0.clickhouse-builder.ch-builder.svc.cluster.local] 2026.05.13 01:32:01 [ 0 ] DiskConnectionsPreserved: 8 (increment)
[clickhouse-builder-0.clickhouse-builder.ch-builder.svc.cluster.local] 2026.05.13 01:32:01 [ 0 ] MemoryTrackerUsage: 237201929 (gauge)
[clickhouse-builder-0.clickhouse-builder.ch-builder.svc.cluster.local] 2026.05.13 01:32:01 [ 0 ] MemoryTrackerPeakUsage: 237201929 (gauge)
[clickhouse-builder-0.clickhouse-builder.ch-builder.svc.cluster.local] 2026.05.13 01:32:01 [ 0 ] FileOpen: 5 (increment)
[clickhouse-builder-0.clickhouse-builder.ch-builder.svc.cluster.local] 2026.05.13 01:32:01 [ 0 ] ReadBufferFromFileDescriptorRead: 10 (increment)
[clickhouse-builder-0.clickhouse-builder.ch-builder.svc.cluster.local] 2026.05.13 01:32:01 [ 0 ] ReadBufferFromFileDescriptorReadBytes: 349 (increment)
[clickhouse-builder-0.clickhouse-builder.ch-builder.svc.cluster.local] 2026.05.13 01:32:01 [ 0 ] ReadCompressedBytes: 105268527 (increment)
[clickhouse-builder-0.clickhouse-builder.ch-builder.svc.cluster.local] 2026.05.13 01:32:01 [ 0 ] CompressedReadBufferBlocks: 309 (increment)
[clickhouse-builder-0.clickhouse-builder.ch-builder.svc.cluster.local] 2026.05.13 01:32:01 [ 0 ] CompressedReadBufferBytes: 105775104 (increment)
[clickhouse-builder-0.clickhouse-builder.ch-builder.svc.cluster.local] 2026.05.13 01:32:01 [ 0 ] OpenedFileCacheMisses: 5 (increment)
[clickhouse-builder-0.clickhouse-builder.ch-builder.svc.cluster.local] 2026.05.13 01:32:01 [ 0 ] OpenedFileCacheMicroseconds: 3 (increment)
[clickhouse-builder-0.clickhouse-builder.ch-builder.svc.cluster.local] 2026.05.13 01:32:01 [ 0 ] IOBufferAllocs: 10 (increment)
[clickhouse-builder-0.clickhouse-builder.ch-builder.svc.cluster.local] 2026.05.13 01:32:01 [ 0 ] IOBufferAllocBytes: 2641109 (increment)
[clickhouse-builder-0.clickhouse-builder.ch-builder.svc.cluster.local] 2026.05.13 01:32:01 [ 0 ] MarkCacheHits: 5 (increment)
[clickhouse-builder-0.clickhouse-builder.ch-builder.svc.cluster.local] 2026.05.13 01:32:01 [ 0 ] CreatedReadBufferOrdinary: 5 (increment)
[clickhouse-builder-0.clickhouse-builder.ch-builder.svc.cluster.local] 2026.05.13 01:32:01 [ 0 ] DiskReadElapsedMicroseconds: 8 (increment)
[clickhouse-builder-0.clickhouse-builder.ch-builder.svc.cluster.local] 2026.05.13 01:32:01 [ 0 ] NetworkReceiveElapsedMicroseconds: 1 (increment)
[clickhouse-builder-0.clickhouse-builder.ch-builder.svc.cluster.local] 2026.05.13 01:32:01 [ 0 ] NetworkSendElapsedMicroseconds: 22 (increment)
[clickhouse-builder-0.clickhouse-builder.ch-builder.svc.cluster.local] 2026.05.13 01:32:01 [ 0 ] NetworkSendBytes: 3859 (increment)
[clickhouse-builder-0.clickhouse-builder.ch-builder.svc.cluster.local] 2026.05.13 01:32:01 [ 0 ] SelectedRows: 720896 (increment)
[clickhouse-builder-0.clickhouse-builder.ch-builder.svc.cluster.local] 2026.05.13 01:32:01 [ 0 ] SelectedBytes: 104529920 (increment)
[clickhouse-builder-0.clickhouse-builder.ch-builder.svc.cluster.local] 2026.05.13 01:32:01 [ 0 ] RowsReadByMainReader: 712704 (increment)
[clickhouse-builder-0.clickhouse-builder.ch-builder.svc.cluster.local] 2026.05.13 01:32:01 [ 0 ] WaitMarksLoadMicroseconds: 15 (increment)
[clickhouse-builder-0.clickhouse-builder.ch-builder.svc.cluster.local] 2026.05.13 01:32:01 [ 0 ] RealTimeMicroseconds: 18116166 (increment)
[clickhouse-builder-0.clickhouse-builder.ch-builder.svc.cluster.local] 2026.05.13 01:32:01 [ 0 ] UserTimeMicroseconds: 153984 (increment)
[clickhouse-builder-0.clickhouse-builder.ch-builder.svc.cluster.local] 2026.05.13 01:32:01 [ 0 ] SystemTimeMicroseconds: 237995 (increment)
[clickhouse-builder-0.clickhouse-builder.ch-builder.svc.cluster.local] 2026.05.13 01:32:01 [ 0 ] SoftPageFaults: 5496 (increment)
[clickhouse-builder-0.clickhouse-builder.ch-builder.svc.cluster.local] 2026.05.13 01:32:01 [ 0 ] OSCPUWaitMicroseconds: 734 (increment)
[clickhouse-builder-0.clickhouse-builder.ch-builder.svc.cluster.local] 2026.05.13 01:32:01 [ 0 ] OSCPUVirtualTimeMicroseconds: 392158 (increment)
[clickhouse-builder-0.clickhouse-builder.ch-builder.svc.cluster.local] 2026.05.13 01:32:01 [ 0 ] OSReadChars: 115038660 (increment)
[clickhouse-builder-0.clickhouse-builder.ch-builder.svc.cluster.local] 2026.05.13 01:32:01 [ 0 ] OSWriteChars: 69117 (increment)
[clickhouse-builder-0.clickhouse-builder.ch-builder.svc.cluster.local] 2026.05.13 01:32:01 [ 0 ] S3ReadMicroseconds: 1858755 (increment)
[clickhouse-builder-0.clickhouse-builder.ch-builder.svc.cluster.local] 2026.05.13 01:32:01 [ 0 ] S3ReadRequestsCount: 14 (increment)
[clickhouse-builder-0.clickhouse-builder.ch-builder.svc.cluster.local] 2026.05.13 01:32:01 [ 0 ] DiskS3ReadMicroseconds: 1858755 (increment)
[clickhouse-builder-0.clickhouse-builder.ch-builder.svc.cluster.local] 2026.05.13 01:32:01 [ 0 ] DiskS3ReadRequestsCount: 14 (increment)
[clickhouse-builder-0.clickhouse-builder.ch-builder.svc.cluster.local] 2026.05.13 01:32:01 [ 0 ] S3GetObject: 14 (increment)
[clickhouse-builder-0.clickhouse-builder.ch-builder.svc.cluster.local] 2026.05.13 01:32:01 [ 0 ] DiskS3GetObject: 14 (increment)
[clickhouse-builder-0.clickhouse-builder.ch-builder.svc.cluster.local] 2026.05.13 01:32:01 [ 0 ] ReadBufferFromS3Microseconds: 6116207 (increment)
[clickhouse-builder-0.clickhouse-builder.ch-builder.svc.cluster.local] 2026.05.13 01:32:01 [ 0 ] ReadBufferFromS3InitMicroseconds: 1860428 (increment)
[clickhouse-builder-0.clickhouse-builder.ch-builder.svc.cluster.local] 2026.05.13 01:32:01 [ 0 ] ReadBufferFromS3Bytes: 95507273 (increment)
[clickhouse-builder-0.clickhouse-builder.ch-builder.svc.cluster.local] 2026.05.13 01:32:01 [ 0 ] MemoryAllocatedWithoutCheck: 26 (increment)
[clickhouse-builder-0.clickhouse-builder.ch-builder.svc.cluster.local] 2026.05.13 01:32:01 [ 0 ] MemoryAllocatedWithoutCheckBytes: 45760 (increment)
[clickhouse-builder-0.clickhouse-builder.ch-builder.svc.cluster.local] 2026.05.13 01:32:01 [ 0 ] InterfaceNativeSendBytes: 3859 (increment)
[clickhouse-builder-0.clickhouse-builder.ch-builder.svc.cluster.local] 2026.05.13 01:32:01 [ 0 ] DiskConnectionsReused: 14 (increment)
[clickhouse-builder-0.clickhouse-builder.ch-builder.svc.cluster.local] 2026.05.13 01:32:01 [ 0 ] DiskConnectionsPreserved: 13 (increment)
[clickhouse-builder-0.clickhouse-builder.ch-builder.svc.cluster.local] 2026.05.13 01:32:01 [ 0 ] MemoryTrackerUsage: 237414686 (gauge)
[clickhouse-builder-0.clickhouse-builder.ch-builder.svc.cluster.local] 2026.05.13 01:32:01 [ 0 ] MemoryTrackerPeakUsage: 248518754 (gauge)
[clickhouse-builder-0.clickhouse-builder.ch-builder.svc.cluster.local] 2026.05.13 01:32:01 [ 0 ] FileOpen: 5 (increment)
[clickhouse-builder-0.clickhouse-builder.ch-builder.svc.cluster.local] 2026.05.13 01:32:01 [ 0 ] ReadBufferFromFileDescriptorRead: 10 (increment)
[clickhouse-builder-0.clickhouse-builder.ch-builder.svc.cluster.local] 2026.05.13 01:32:01 [ 0 ] ReadBufferFromFileDescriptorReadBytes: 349 (increment)
[clickhouse-builder-0.clickhouse-builder.ch-builder.svc.cluster.local] 2026.05.13 01:32:01 [ 0 ] ReadCompressedBytes: 87623807 (increment)
[clickhouse-builder-0.clickhouse-builder.ch-builder.svc.cluster.local] 2026.05.13 01:32:01 [ 0 ] CompressedReadBufferBlocks: 248 (increment)
[clickhouse-builder-0.clickhouse-builder.ch-builder.svc.cluster.local] 2026.05.13 01:32:01 [ 0 ] CompressedReadBufferBytes: 88014848 (increment)
[clickhouse-builder-0.clickhouse-builder.ch-builder.svc.cluster.local] 2026.05.13 01:32:01 [ 0 ] OpenedFileCacheMisses: 5 (increment)
[clickhouse-builder-0.clickhouse-builder.ch-builder.svc.cluster.local] 2026.05.13 01:32:01 [ 0 ] OpenedFileCacheMicroseconds: 2 (increment)
[clickhouse-builder-0.clickhouse-builder.ch-builder.svc.cluster.local] 2026.05.13 01:32:01 [ 0 ] IOBufferAllocs: 11 (increment)
[clickhouse-builder-0.clickhouse-builder.ch-builder.svc.cluster.local] 2026.05.13 01:32:01 [ 0 ] IOBufferAllocBytes: 2706792 (increment)
[clickhouse-builder-0.clickhouse-builder.ch-builder.svc.cluster.local] 2026.05.13 01:32:01 [ 0 ] MarkCacheHits: 5 (increment)
[clickhouse-builder-0.clickhouse-builder.ch-builder.svc.cluster.local] 2026.05.13 01:32:01 [ 0 ] CreatedReadBufferOrdinary: 5 (increment)
[clickhouse-builder-0.clickhouse-builder.ch-builder.svc.cluster.local] 2026.05.13 01:32:01 [ 0 ] DiskReadElapsedMicroseconds: 7 (increment)
[clickhouse-builder-0.clickhouse-builder.ch-builder.svc.cluster.local] 2026.05.13 01:32:01 [ 0 ] NetworkReceiveElapsedMicroseconds: 1 (increment)
[clickhouse-builder-0.clickhouse-builder.ch-builder.svc.cluster.local] 2026.05.13 01:32:01 [ 0 ] NetworkSendElapsedMicroseconds: 22 (increment)
[clickhouse-builder-0.clickhouse-builder.ch-builder.svc.cluster.local] 2026.05.13 01:32:01 [ 0 ] NetworkSendBytes: 5107 (increment)
[clickhouse-builder-0.clickhouse-builder.ch-builder.svc.cluster.local] 2026.05.13 01:32:01 [ 0 ] SelectedRows: 598016 (increment)
[clickhouse-builder-0.clickhouse-builder.ch-builder.svc.cluster.local] 2026.05.13 01:32:01 [ 0 ] SelectedBytes: 86712320 (increment)
[clickhouse-builder-0.clickhouse-builder.ch-builder.svc.cluster.local] 2026.05.13 01:32:01 [ 0 ] RowsReadByMainReader: 598016 (increment)
[clickhouse-builder-0.clickhouse-builder.ch-builder.svc.cluster.local] 2026.05.13 01:32:01 [ 0 ] WaitMarksLoadMicroseconds: 13 (increment)
[clickhouse-builder-0.clickhouse-builder.ch-builder.svc.cluster.local] 2026.05.13 01:32:01 [ 0 ] RealTimeMicroseconds: 7026101 (increment)
[clickhouse-builder-0.clickhouse-builder.ch-builder.svc.cluster.local] 2026.05.13 01:32:01 [ 0 ] UserTimeMicroseconds: 83172 (increment)
[clickhouse-builder-0.clickhouse-builder.ch-builder.svc.cluster.local] 2026.05.13 01:32:01 [ 0 ] SystemTimeMicroseconds: 131286 (increment)
[clickhouse-builder-0.clickhouse-builder.ch-builder.svc.cluster.local] 2026.05.13 01:32:01 [ 0 ] SoftPageFaults: 2672 (increment)
[clickhouse-builder-0.clickhouse-builder.ch-builder.svc.cluster.local] 2026.05.13 01:32:01 [ 0 ] OSCPUWaitMicroseconds: 606 (increment)
[clickhouse-builder-0.clickhouse-builder.ch-builder.svc.cluster.local] 2026.05.13 01:32:01 [ 0 ] OSCPUVirtualTimeMicroseconds: 214229 (increment)
[clickhouse-builder-0.clickhouse-builder.ch-builder.svc.cluster.local] 2026.05.13 01:32:01 [ 0 ] OSReadChars: 72731781 (increment)
[clickhouse-builder-0.clickhouse-builder.ch-builder.svc.cluster.local] 2026.05.13 01:32:01 [ 0 ] OSWriteChars: 23054 (increment)
[clickhouse-builder-0.clickhouse-builder.ch-builder.svc.cluster.local] 2026.05.13 01:32:01 [ 0 ] S3ReadMicroseconds: 1665655 (increment)
[clickhouse-builder-0.clickhouse-builder.ch-builder.svc.cluster.local] 2026.05.13 01:32:01 [ 0 ] S3ReadRequestsCount: 15 (increment)
[clickhouse-builder-0.clickhouse-builder.ch-builder.svc.cluster.local] 2026.05.13 01:32:01 [ 0 ] DiskS3ReadMicroseconds: 1665655 (increment)
[clickhouse-builder-0.clickhouse-builder.ch-builder.svc.cluster.local] 2026.05.13 01:32:01 [ 0 ] DiskS3ReadRequestsCount: 15 (increment)
[clickhouse-builder-0.clickhouse-builder.ch-builder.svc.cluster.local] 2026.05.13 01:32:01 [ 0 ] S3GetObject: 15 (increment)
[clickhouse-builder-0.clickhouse-builder.ch-builder.svc.cluster.local] 2026.05.13 01:32:01 [ 0 ] DiskS3GetObject: 15 (increment)
[clickhouse-builder-0.clickhouse-builder.ch-builder.svc.cluster.local] 2026.05.13 01:32:01 [ 0 ] ReadBufferFromS3Microseconds: 4445254 (increment)
[clickhouse-builder-0.clickhouse-builder.ch-builder.svc.cluster.local] 2026.05.13 01:32:01 [ 0 ] ReadBufferFromS3InitMicroseconds: 1669026 (increment)
[clickhouse-builder-0.clickhouse-builder.ch-builder.svc.cluster.local] 2026.05.13 01:32:01 [ 0 ] ReadBufferFromS3Bytes: 73739603 (increment)
[clickhouse-builder-0.clickhouse-builder.ch-builder.svc.cluster.local] 2026.05.13 01:32:01 [ 0 ] MemoryAllocatedWithoutCheck: 28 (increment)
[clickhouse-builder-0.clickhouse-builder.ch-builder.svc.cluster.local] 2026.05.13 01:32:01 [ 0 ] MemoryAllocatedWithoutCheckBytes: 49280 (increment)
[clickhouse-builder-0.clickhouse-builder.ch-builder.svc.cluster.local] 2026.05.13 01:32:01 [ 0 ] InterfaceNativeSendBytes: 5107 (increment)
[clickhouse-builder-0.clickhouse-builder.ch-builder.svc.cluster.local] 2026.05.13 01:32:01 [ 0 ] DiskConnectionsReused: 15 (increment)
[clickhouse-builder-0.clickhouse-builder.ch-builder.svc.cluster.local] 2026.05.13 01:32:01 [ 0 ] DiskConnectionsPreserved: 14 (increment)
[clickhouse-builder-0.clickhouse-builder.ch-builder.svc.cluster.local] 2026.05.13 01:32:01 [ 0 ] MemoryTrackerUsage: 232562150 (gauge)
[clickhouse-builder-0.clickhouse-builder.ch-builder.svc.cluster.local] 2026.05.13 01:32:01 [ 0 ] MemoryTrackerPeakUsage: 249589362 (gauge)
[clickhouse-builder-0.clickhouse-builder.ch-builder.svc.cluster.local] 2026.05.13 01:32:02 [ 0 ] ReadCompressedBytes: 78532645 (increment)
[clickhouse-builder-0.clickhouse-builder.ch-builder.svc.cluster.local] 2026.05.13 01:32:02 [ 0 ] CompressedReadBufferBlocks: 230 (increment)
[clickhouse-builder-0.clickhouse-builder.ch-builder.svc.cluster.local] 2026.05.13 01:32:02 [ 0 ] CompressedReadBufferBytes: 78970880 (increment)
[clickhouse-builder-0.clickhouse-builder.ch-builder.svc.cluster.local] 2026.05.13 01:32:02 [ 0 ] IOBufferAllocs: 1 (increment)
[clickhouse-builder-0.clickhouse-builder.ch-builder.svc.cluster.local] 2026.05.13 01:32:02 [ 0 ] IOBufferAllocBytes: 65663 (increment)
[clickhouse-builder-0.clickhouse-builder.ch-builder.svc.cluster.local] 2026.05.13 01:32:02 [ 0 ] NetworkReceiveElapsedMicroseconds: 1 (increment)
[clickhouse-builder-0.clickhouse-builder.ch-builder.svc.cluster.local] 2026.05.13 01:32:02 [ 0 ] NetworkSendElapsedMicroseconds: 24 (increment)
[clickhouse-builder-0.clickhouse-builder.ch-builder.svc.cluster.local] 2026.05.13 01:32:02 [ 0 ] NetworkSendBytes: 5110 (increment)
[clickhouse-builder-0.clickhouse-builder.ch-builder.svc.cluster.local] 2026.05.13 01:32:02 [ 0 ] SelectedRows: 532480 (increment)
[clickhouse-builder-0.clickhouse-builder.ch-builder.svc.cluster.local] 2026.05.13 01:32:02 [ 0 ] SelectedBytes: 77209600 (increment)
[clickhouse-builder-0.clickhouse-builder.ch-builder.svc.cluster.local] 2026.05.13 01:32:02 [ 0 ] RowsReadByMainReader: 532480 (increment)
[clickhouse-builder-0.clickhouse-builder.ch-builder.svc.cluster.local] 2026.05.13 01:32:02 [ 0 ] RealTimeMicroseconds: 14182088 (increment)
[clickhouse-builder-0.clickhouse-builder.ch-builder.svc.cluster.local] 2026.05.13 01:32:02 [ 0 ] UserTimeMicroseconds: 102366 (increment)
[clickhouse-builder-0.clickhouse-builder.ch-builder.svc.cluster.local] 2026.05.13 01:32:02 [ 0 ] SystemTimeMicroseconds: 194829 (increment)
[clickhouse-builder-0.clickhouse-builder.ch-builder.svc.cluster.local] 2026.05.13 01:32:02 [ 0 ] SoftPageFaults: 6178 (increment)
[clickhouse-builder-0.clickhouse-builder.ch-builder.svc.cluster.local] 2026.05.13 01:32:02 [ 0 ] OSCPUWaitMicroseconds: 938 (increment)
[clickhouse-builder-0.clickhouse-builder.ch-builder.svc.cluster.local] 2026.05.13 01:32:02 [ 0 ] OSCPUVirtualTimeMicroseconds: 297171 (increment)
[clickhouse-builder-0.clickhouse-builder.ch-builder.svc.cluster.local] 2026.05.13 01:32:02 [ 0 ] OSReadChars: 83387366 (increment)
[clickhouse-builder-0.clickhouse-builder.ch-builder.svc.cluster.local] 2026.05.13 01:32:02 [ 0 ] OSWriteChars: 46034 (increment)
[clickhouse-builder-0.clickhouse-builder.ch-builder.svc.cluster.local] 2026.05.13 01:32:02 [ 0 ] S3ReadMicroseconds: 1583563 (increment)
[clickhouse-builder-0.clickhouse-builder.ch-builder.svc.cluster.local] 2026.05.13 01:32:02 [ 0 ] S3ReadRequestsCount: 12 (increment)
[clickhouse-builder-0.clickhouse-builder.ch-builder.svc.cluster.local] 2026.05.13 01:32:02 [ 0 ] DiskS3ReadMicroseconds: 1583563 (increment)
[clickhouse-builder-0.clickhouse-builder.ch-builder.svc.cluster.local] 2026.05.13 01:32:02 [ 0 ] DiskS3ReadRequestsCount: 12 (increment)
[clickhouse-builder-0.clickhouse-builder.ch-builder.svc.cluster.local] 2026.05.13 01:32:02 [ 0 ] S3GetObject: 12 (increment)
[clickhouse-builder-0.clickhouse-builder.ch-builder.svc.cluster.local] 2026.05.13 01:32:02 [ 0 ] DiskS3GetObject: 12 (increment)
[clickhouse-builder-0.clickhouse-builder.ch-builder.svc.cluster.local] 2026.05.13 01:32:02 [ 0 ] ReadBufferFromS3Microseconds: 5021542 (increment)
[clickhouse-builder-0.clickhouse-builder.ch-builder.svc.cluster.local] 2026.05.13 01:32:02 [ 0 ] ReadBufferFromS3InitMicroseconds: 1585996 (increment)
[clickhouse-builder-0.clickhouse-builder.ch-builder.svc.cluster.local] 2026.05.13 01:32:02 [ 0 ] ReadBufferFromS3Bytes: 69865934 (increment)
[clickhouse-builder-0.clickhouse-builder.ch-builder.svc.cluster.local] 2026.05.13 01:32:02 [ 0 ] MemoryAllocatedWithoutCheck: 24 (increment)
[clickhouse-builder-0.clickhouse-builder.ch-builder.svc.cluster.local] 2026.05.13 01:32:02 [ 0 ] MemoryAllocatedWithoutCheckBytes: 42240 (increment)
[clickhouse-builder-0.clickhouse-builder.ch-builder.svc.cluster.local] 2026.05.13 01:32:02 [ 0 ] InterfaceNativeSendBytes: 5110 (increment)
[clickhouse-builder-0.clickhouse-builder.ch-builder.svc.cluster.local] 2026.05.13 01:32:02 [ 0 ] DiskConnectionsReused: 12 (increment)
[clickhouse-builder-0.clickhouse-builder.ch-builder.svc.cluster.local] 2026.05.13 01:32:02 [ 0 ] DiskConnectionsPreserved: 12 (increment)
[clickhouse-builder-0.clickhouse-builder.ch-builder.svc.cluster.local] 2026.05.13 01:32:02 [ 0 ] MemoryTrackerUsage: 232039684 (gauge)
[clickhouse-builder-0.clickhouse-builder.ch-builder.svc.cluster.local] 2026.05.13 01:32:02 [ 0 ] MemoryTrackerPeakUsage: 249589362 (gauge)
[clickhouse-builder-0.clickhouse-builder.ch-builder.svc.cluster.local] 2026.05.13 01:32:02 [ 0 ] FileOpen: 20 (increment)
[clickhouse-builder-0.clickhouse-builder.ch-builder.svc.cluster.local] 2026.05.13 01:32:02 [ 0 ] ReadBufferFromFileDescriptorRead: 40 (increment)
[clickhouse-builder-0.clickhouse-builder.ch-builder.svc.cluster.local] 2026.05.13 01:32:02 [ 0 ] ReadBufferFromFileDescriptorReadBytes: 1396 (increment)
[clickhouse-builder-0.clickhouse-builder.ch-builder.svc.cluster.local] 2026.05.13 01:32:02 [ 0 ] ReadCompressedBytes: 74931657 (increment)
[clickhouse-builder-0.clickhouse-builder.ch-builder.svc.cluster.local] 2026.05.13 01:32:02 [ 0 ] CompressedReadBufferBlocks: 219 (increment)
[clickhouse-builder-0.clickhouse-builder.ch-builder.svc.cluster.local] 2026.05.13 01:32:02 [ 0 ] CompressedReadBufferBytes: 75300864 (increment)
[clickhouse-builder-0.clickhouse-builder.ch-builder.svc.cluster.local] 2026.05.13 01:32:02 [ 0 ] OpenedFileCacheMisses: 20 (increment)
[clickhouse-builder-0.clickhouse-builder.ch-builder.svc.cluster.local] 2026.05.13 01:32:02 [ 0 ] OpenedFileCacheMicroseconds: 7 (increment)
[clickhouse-builder-0.clickhouse-builder.ch-builder.svc.cluster.local] 2026.05.13 01:32:02 [ 0 ] IOBufferAllocs: 40 (increment)
[clickhouse-builder-0.clickhouse-builder.ch-builder.svc.cluster.local] 2026.05.13 01:32:02 [ 0 ] IOBufferAllocBytes: 10565430 (increment)
[clickhouse-builder-0.clickhouse-builder.ch-builder.svc.cluster.local] 2026.05.13 01:32:02 [ 0 ] MarkCacheHits: 20 (increment)
[clickhouse-builder-0.clickhouse-builder.ch-builder.svc.cluster.local] 2026.05.13 01:32:02 [ 0 ] CreatedReadBufferOrdinary: 20 (increment)
[clickhouse-builder-0.clickhouse-builder.ch-builder.svc.cluster.local] 2026.05.13 01:32:02 [ 0 ] DiskReadElapsedMicroseconds: 45 (increment)
[clickhouse-builder-0.clickhouse-builder.ch-builder.svc.cluster.local] 2026.05.13 01:32:02 [ 0 ] NetworkReceiveElapsedMicroseconds: 1 (increment)
[clickhouse-builder-0.clickhouse-builder.ch-builder.svc.cluster.local] 2026.05.13 01:32:02 [ 0 ] NetworkSendElapsedMicroseconds: 28 (increment)
[clickhouse-builder-0.clickhouse-builder.ch-builder.svc.cluster.local] 2026.05.13 01:32:02 [ 0 ] NetworkSendBytes: 4073 (increment)
[clickhouse-builder-0.clickhouse-builder.ch-builder.svc.cluster.local] 2026.05.13 01:32:02 [ 0 ] SelectedRows: 507904 (increment)
[clickhouse-builder-0.clickhouse-builder.ch-builder.svc.cluster.local] 2026.05.13 01:32:02 [ 0 ] SelectedBytes: 73646080 (increment)
[clickhouse-builder-0.clickhouse-builder.ch-builder.svc.cluster.local] 2026.05.13 01:32:02 [ 0 ] RowsReadByMainReader: 507904 (increment)
[clickhouse-builder-0.clickhouse-builder.ch-builder.svc.cluster.local] 2026.05.13 01:32:02 [ 0 ] WaitMarksLoadMicroseconds: 54 (increment)
[clickhouse-builder-0.clickhouse-builder.ch-builder.svc.cluster.local] 2026.05.13 01:32:02 [ 0 ] RealTimeMicroseconds: 9355491 (increment)
[clickhouse-builder-0.clickhouse-builder.ch-builder.svc.cluster.local] 2026.05.13 01:32:02 [ 0 ] UserTimeMicroseconds: 75932 (increment)
[clickhouse-builder-0.clickhouse-builder.ch-builder.svc.cluster.local] 2026.05.13 01:32:02 [ 0 ] SystemTimeMicroseconds: 127863 (increment)
[clickhouse-builder-0.clickhouse-builder.ch-builder.svc.cluster.local] 2026.05.13 01:32:02 [ 0 ] SoftPageFaults: 5115 (increment)
[clickhouse-builder-0.clickhouse-builder.ch-builder.svc.cluster.local] 2026.05.13 01:32:02 [ 0 ] OSCPUWaitMicroseconds: 511 (increment)
[clickhouse-builder-0.clickhouse-builder.ch-builder.svc.cluster.local] 2026.05.13 01:32:02 [ 0 ] OSCPUVirtualTimeMicroseconds: 203774 (increment)
[clickhouse-builder-0.clickhouse-builder.ch-builder.svc.cluster.local] 2026.05.13 01:32:02 [ 0 ] OSReadChars: 65650760 (increment)
[clickhouse-builder-0.clickhouse-builder.ch-builder.svc.cluster.local] 2026.05.13 01:32:02 [ 0 ] OSWriteChars: 27621 (increment)
[clickhouse-builder-0.clickhouse-builder.ch-builder.svc.cluster.local] 2026.05.13 01:32:02 [ 0 ] S3ReadMicroseconds: 2484685 (increment)
[clickhouse-builder-0.clickhouse-builder.ch-builder.svc.cluster.local] 2026.05.13 01:32:02 [ 0 ] S3ReadRequestsCount: 19 (increment)
[clickhouse-builder-0.clickhouse-builder.ch-builder.svc.cluster.local] 2026.05.13 01:32:02 [ 0 ] DiskS3ReadMicroseconds: 2484685 (increment)
[clickhouse-builder-0.clickhouse-builder.ch-builder.svc.cluster.local] 2026.05.13 01:32:02 [ 0 ] DiskS3ReadRequestsCount: 19 (increment)
[clickhouse-builder-0.clickhouse-builder.ch-builder.svc.cluster.local] 2026.05.13 01:32:02 [ 0 ] S3GetObject: 19 (increment)
[clickhouse-builder-0.clickhouse-builder.ch-builder.svc.cluster.local] 2026.05.13 01:32:02 [ 0 ] DiskS3GetObject: 19 (increment)
[clickhouse-builder-0.clickhouse-builder.ch-builder.svc.cluster.local] 2026.05.13 01:32:02 [ 0 ] ReadBufferFromS3Microseconds: 5350625 (increment)
[clickhouse-builder-0.clickhouse-builder.ch-builder.svc.cluster.local] 2026.05.13 01:32:02 [ 0 ] ReadBufferFromS3InitMicroseconds: 2488298 (increment)
[clickhouse-builder-0.clickhouse-builder.ch-builder.svc.cluster.local] 2026.05.13 01:32:02 [ 0 ] ReadBufferFromS3Bytes: 64415414 (increment)
[clickhouse-builder-0.clickhouse-builder.ch-builder.svc.cluster.local] 2026.05.13 01:32:02 [ 0 ] MemoryAllocatedWithoutCheck: 38 (increment)
[clickhouse-builder-0.clickhouse-builder.ch-builder.svc.cluster.local] 2026.05.13 01:32:02 [ 0 ] MemoryAllocatedWithoutCheckBytes: 66880 (increment)
[clickhouse-builder-0.clickhouse-builder.ch-builder.svc.cluster.local] 2026.05.13 01:32:02 [ 0 ] InterfaceNativeSendBytes: 4073 (increment)
[clickhouse-builder-0.clickhouse-builder.ch-builder.svc.cluster.local] 2026.05.13 01:32:02 [ 0 ] DiskConnectionsReused: 19 (increment)
[clickhouse-builder-0.clickhouse-builder.ch-builder.svc.cluster.local] 2026.05.13 01:32:02 [ 0 ] DiskConnectionsPreserved: 19 (increment)
[clickhouse-builder-0.clickhouse-builder.ch-builder.svc.cluster.local] 2026.05.13 01:32:02 [ 0 ] MemoryTrackerUsage: 200691077 (gauge)
[clickhouse-builder-0.clickhouse-builder.ch-builder.svc.cluster.local] 2026.05.13 01:32:02 [ 0 ] MemoryTrackerPeakUsage: 249589362 (gauge)
[clickhouse-builder-0.clickhouse-builder.ch-builder.svc.cluster.local] 2026.05.13 01:32:02 [ 0 ] FileOpen: 10 (increment)
[clickhouse-builder-0.clickhouse-builder.ch-builder.svc.cluster.local] 2026.05.13 01:32:02 [ 0 ] ReadBufferFromFileDescriptorRead: 20 (increment)
[clickhouse-builder-0.clickhouse-builder.ch-builder.svc.cluster.local] 2026.05.13 01:32:02 [ 0 ] ReadBufferFromFileDescriptorReadBytes: 698 (increment)
[clickhouse-builder-0.clickhouse-builder.ch-builder.svc.cluster.local] 2026.05.13 01:32:02 [ 0 ] ReadCompressedBytes: 62021750 (increment)
[clickhouse-builder-0.clickhouse-builder.ch-builder.svc.cluster.local] 2026.05.13 01:32:02 [ 0 ] CompressedReadBufferBlocks: 187 (increment)
[clickhouse-builder-0.clickhouse-builder.ch-builder.svc.cluster.local] 2026.05.13 01:32:02 [ 0 ] CompressedReadBufferBytes: 62390272 (increment)
[clickhouse-builder-0.clickhouse-builder.ch-builder.svc.cluster.local] 2026.05.13 01:32:02 [ 0 ] OpenedFileCacheMisses: 10 (increment)
[clickhouse-builder-0.clickhouse-builder.ch-builder.svc.cluster.local] 2026.05.13 01:32:02 [ 0 ] OpenedFileCacheMicroseconds: 4 (increment)
[clickhouse-builder-0.clickhouse-builder.ch-builder.svc.cluster.local] 2026.05.13 01:32:02 [ 0 ] IOBufferAllocs: 24 (increment)
[clickhouse-builder-0.clickhouse-builder.ch-builder.svc.cluster.local] 2026.05.13 01:32:02 [ 0 ] IOBufferAllocBytes: 5545118 (increment)
[clickhouse-builder-0.clickhouse-builder.ch-builder.svc.cluster.local] 2026.05.13 01:32:02 [ 0 ] MarkCacheHits: 10 (increment)
[clickhouse-builder-0.clickhouse-builder.ch-builder.svc.cluster.local] 2026.05.13 01:32:02 [ 0 ] CreatedReadBufferOrdinary: 10 (increment)
[clickhouse-builder-0.clickhouse-builder.ch-builder.svc.cluster.local] 2026.05.13 01:32:02 [ 0 ] DiskReadElapsedMicroseconds: 23 (increment)
[clickhouse-builder-0.clickhouse-builder.ch-builder.svc.cluster.local] 2026.05.13 01:32:02 [ 0 ] NetworkReceiveElapsedMicroseconds: 1 (increment)
[clickhouse-builder-0.clickhouse-builder.ch-builder.svc.cluster.local] 2026.05.13 01:32:02 [ 0 ] NetworkSendElapsedMicroseconds: 25 (increment)
[clickhouse-builder-0.clickhouse-builder.ch-builder.svc.cluster.local] 2026.05.13 01:32:02 [ 0 ] NetworkSendBytes: 5107 (increment)
[clickhouse-builder-0.clickhouse-builder.ch-builder.svc.cluster.local] 2026.05.13 01:32:02 [ 0 ] SelectedRows: 417792 (increment)
[clickhouse-builder-0.clickhouse-builder.ch-builder.svc.cluster.local] 2026.05.13 01:32:02 [ 0 ] SelectedBytes: 60579840 (increment)
[clickhouse-builder-0.clickhouse-builder.ch-builder.svc.cluster.local] 2026.05.13 01:32:02 [ 0 ] RowsReadByMainReader: 417792 (increment)
[clickhouse-builder-0.clickhouse-builder.ch-builder.svc.cluster.local] 2026.05.13 01:32:02 [ 0 ] WaitMarksLoadMicroseconds: 30 (increment)
[clickhouse-builder-0.clickhouse-builder.ch-builder.svc.cluster.local] 2026.05.13 01:32:02 [ 0 ] RealTimeMicroseconds: 6669876 (increment)
[clickhouse-builder-0.clickhouse-builder.ch-builder.svc.cluster.local] 2026.05.13 01:32:02 [ 0 ] UserTimeMicroseconds: 48822 (increment)
[clickhouse-builder-0.clickhouse-builder.ch-builder.svc.cluster.local] 2026.05.13 01:32:02 [ 0 ] SystemTimeMicroseconds: 115272 (increment)
[clickhouse-builder-0.clickhouse-builder.ch-builder.svc.cluster.local] 2026.05.13 01:32:02 [ 0 ] SoftPageFaults: 4335 (increment)
[clickhouse-builder-0.clickhouse-builder.ch-builder.svc.cluster.local] 2026.05.13 01:32:02 [ 0 ] OSCPUWaitMicroseconds: 541 (increment)
[clickhouse-builder-0.clickhouse-builder.ch-builder.svc.cluster.local] 2026.05.13 01:32:02 [ 0 ] OSCPUVirtualTimeMicroseconds: 164074 (increment)
[clickhouse-builder-0.clickhouse-builder.ch-builder.svc.cluster.local] 2026.05.13 01:32:02 [ 0 ] OSReadChars: 54788907 (increment)
[clickhouse-builder-0.clickhouse-builder.ch-builder.svc.cluster.local] 2026.05.13 01:32:02 [ 0 ] OSWriteChars: 18435 (increment)
[clickhouse-builder-0.clickhouse-builder.ch-builder.svc.cluster.local] 2026.05.13 01:32:02 [ 0 ] S3ReadMicroseconds: 2129221 (increment)
[clickhouse-builder-0.clickhouse-builder.ch-builder.svc.cluster.local] 2026.05.13 01:32:02 [ 0 ] S3ReadRequestsCount: 23 (increment)
[clickhouse-builder-0.clickhouse-builder.ch-builder.svc.cluster.local] 2026.05.13 01:32:02 [ 0 ] DiskS3ReadMicroseconds: 2129221 (increment)
[clickhouse-builder-0.clickhouse-builder.ch-builder.svc.cluster.local] 2026.05.13 01:32:02 [ 0 ] DiskS3ReadRequestsCount: 23 (increment)
[clickhouse-builder-0.clickhouse-builder.ch-builder.svc.cluster.local] 2026.05.13 01:32:02 [ 0 ] S3GetObject: 23 (increment)
[clickhouse-builder-0.clickhouse-builder.ch-builder.svc.cluster.local] 2026.05.13 01:32:02 [ 0 ] DiskS3GetObject: 23 (increment)
[clickhouse-builder-0.clickhouse-builder.ch-builder.svc.cluster.local] 2026.05.13 01:32:02 [ 0 ] ReadBufferFromS3Microseconds: 5448005 (increment)
[clickhouse-builder-0.clickhouse-builder.ch-builder.svc.cluster.local] 2026.05.13 01:32:02 [ 0 ] ReadBufferFromS3InitMicroseconds: 2133302 (increment)
[clickhouse-builder-0.clickhouse-builder.ch-builder.svc.cluster.local] 2026.05.13 01:32:02 [ 0 ] ReadBufferFromS3Bytes: 52180270 (increment)
[clickhouse-builder-0.clickhouse-builder.ch-builder.svc.cluster.local] 2026.05.13 01:32:02 [ 0 ] MemoryAllocatedWithoutCheck: 50 (increment)
[clickhouse-builder-0.clickhouse-builder.ch-builder.svc.cluster.local] 2026.05.13 01:32:02 [ 0 ] MemoryAllocatedWithoutCheckBytes: 88000 (increment)
[clickhouse-builder-0.clickhouse-builder.ch-builder.svc.cluster.local] 2026.05.13 01:32:02 [ 0 ] InterfaceNativeSendBytes: 5107 (increment)
[clickhouse-builder-0.clickhouse-builder.ch-builder.svc.cluster.local] 2026.05.13 01:32:02 [ 0 ] DiskConnectionsReused: 23 (increment)
[clickhouse-builder-0.clickhouse-builder.ch-builder.svc.cluster.local] 2026.05.13 01:32:02 [ 0 ] DiskConnectionsPreserved: 25 (increment)
[clickhouse-builder-0.clickhouse-builder.ch-builder.svc.cluster.local] 2026.05.13 01:32:02 [ 0 ] MemoryTrackerUsage: 179004797 (gauge)
[clickhouse-builder-0.clickhouse-builder.ch-builder.svc.cluster.local] 2026.05.13 01:32:02 [ 0 ] MemoryTrackerPeakUsage: 249589362 (gauge)
[clickhouse-builder-0.clickhouse-builder.ch-builder.svc.cluster.local] 2026.05.13 01:32:02 [ 0 ] ReadCompressedBytes: 9691619 (increment)
[clickhouse-builder-0.clickhouse-builder.ch-builder.svc.cluster.local] 2026.05.13 01:32:02 [ 0 ] CompressedReadBufferBlocks: 45 (increment)
[clickhouse-builder-0.clickhouse-builder.ch-builder.svc.cluster.local] 2026.05.13 01:32:02 [ 0 ] CompressedReadBufferBytes: 9830400 (increment)
[clickhouse-builder-0.clickhouse-builder.ch-builder.svc.cluster.local] 2026.05.13 01:32:02 [ 0 ] IOBufferAllocs: 2 (increment)
[clickhouse-builder-0.clickhouse-builder.ch-builder.svc.cluster.local] 2026.05.13 01:32:02 [ 0 ] IOBufferAllocBytes: 131326 (increment)
[clickhouse-builder-0.clickhouse-builder.ch-builder.svc.cluster.local] 2026.05.13 01:32:02 [ 0 ] NetworkReceiveElapsedMicroseconds: 6 (increment)
[clickhouse-builder-0.clickhouse-builder.ch-builder.svc.cluster.local] 2026.05.13 01:32:02 [ 0 ] NetworkSendElapsedMicroseconds: 23 (increment)
[clickhouse-builder-0.clickhouse-builder.ch-builder.svc.cluster.local] 2026.05.13 01:32:02 [ 0 ] NetworkSendBytes: 5107 (increment)
[clickhouse-builder-0.clickhouse-builder.ch-builder.svc.cluster.local] 2026.05.13 01:32:02 [ 0 ] SelectedRows: 57344 (increment)
[clickhouse-builder-0.clickhouse-builder.ch-builder.svc.cluster.local] 2026.05.13 01:32:02 [ 0 ] SelectedBytes: 8314880 (increment)
[clickhouse-builder-0.clickhouse-builder.ch-builder.svc.cluster.local] 2026.05.13 01:32:02 [ 0 ] RowsReadByMainReader: 57344 (increment)
[clickhouse-builder-0.clickhouse-builder.ch-builder.svc.cluster.local] 2026.05.13 01:32:02 [ 0 ] RealTimeMicroseconds: 3495865 (increment)
[clickhouse-builder-0.clickhouse-builder.ch-builder.svc.cluster.local] 2026.05.13 01:32:02 [ 0 ] UserTimeMicroseconds: 17319 (increment)
[clickhouse-builder-0.clickhouse-builder.ch-builder.svc.cluster.local] 2026.05.13 01:32:02 [ 0 ] SystemTimeMicroseconds: 27313 (increment)
[clickhouse-builder-0.clickhouse-builder.ch-builder.svc.cluster.local] 2026.05.13 01:32:02 [ 0 ] SoftPageFaults: 1114 (increment)
[clickhouse-builder-0.clickhouse-builder.ch-builder.svc.cluster.local] 2026.05.13 01:32:02 [ 0 ] OSCPUWaitMicroseconds: 125 (increment)
[clickhouse-builder-0.clickhouse-builder.ch-builder.svc.cluster.local] 2026.05.13 01:32:02 [ 0 ] OSCPUVirtualTimeMicroseconds: 44629 (increment)
[clickhouse-builder-0.clickhouse-builder.ch-builder.svc.cluster.local] 2026.05.13 01:32:02 [ 0 ] OSReadChars: 11375092 (increment)
[clickhouse-builder-0.clickhouse-builder.ch-builder.svc.cluster.local] 2026.05.13 01:32:02 [ 0 ] OSWriteChars: 9228 (increment)
[clickhouse-builder-0.clickhouse-builder.ch-builder.svc.cluster.local] 2026.05.13 01:32:02 [ 0 ] S3ReadMicroseconds: 2052154 (increment)
[clickhouse-builder-0.clickhouse-builder.ch-builder.svc.cluster.local] 2026.05.13 01:32:02 [ 0 ] S3ReadRequestsCount: 22 (increment)
[clickhouse-builder-0.clickhouse-builder.ch-builder.svc.cluster.local] 2026.05.13 01:32:02 [ 0 ] DiskS3ReadMicroseconds: 2052154 (increment)
[clickhouse-builder-0.clickhouse-builder.ch-builder.svc.cluster.local] 2026.05.13 01:32:02 [ 0 ] DiskS3ReadRequestsCount: 22 (increment)
[clickhouse-builder-0.clickhouse-builder.ch-builder.svc.cluster.local] 2026.05.13 01:32:02 [ 0 ] S3GetObject: 22 (increment)
[clickhouse-builder-0.clickhouse-builder.ch-builder.svc.cluster.local] 2026.05.13 01:32:02 [ 0 ] DiskS3GetObject: 22 (increment)
[clickhouse-builder-0.clickhouse-builder.ch-builder.svc.cluster.local] 2026.05.13 01:32:02 [ 0 ] ReadBufferFromS3Microseconds: 6885867 (increment)
[clickhouse-builder-0.clickhouse-builder.ch-builder.svc.cluster.local] 2026.05.13 01:32:02 [ 0 ] ReadBufferFromS3InitMicroseconds: 2056882 (increment)
[clickhouse-builder-0.clickhouse-builder.ch-builder.svc.cluster.local] 2026.05.13 01:32:02 [ 0 ] ReadBufferFromS3Bytes: 14649117 (increment)
[clickhouse-builder-0.clickhouse-builder.ch-builder.svc.cluster.local] 2026.05.13 01:32:02 [ 0 ] MemoryAllocatedWithoutCheck: 38 (increment)
[clickhouse-builder-0.clickhouse-builder.ch-builder.svc.cluster.local] 2026.05.13 01:32:02 [ 0 ] MemoryAllocatedWithoutCheckBytes: 66880 (increment)
[clickhouse-builder-0.clickhouse-builder.ch-builder.svc.cluster.local] 2026.05.13 01:32:02 [ 0 ] InterfaceNativeSendBytes: 5107 (increment)
[clickhouse-builder-0.clickhouse-builder.ch-builder.svc.cluster.local] 2026.05.13 01:32:02 [ 0 ] DiskConnectionsReused: 22 (increment)
[clickhouse-builder-0.clickhouse-builder.ch-builder.svc.cluster.local] 2026.05.13 01:32:02 [ 0 ] DiskConnectionsPreserved: 19 (increment)
[clickhouse-builder-0.clickhouse-builder.ch-builder.svc.cluster.local] 2026.05.13 01:32:02 [ 0 ] MemoryTrackerUsage: 169607676 (gauge)
[clickhouse-builder-0.clickhouse-builder.ch-builder.svc.cluster.local] 2026.05.13 01:32:02 [ 0 ] MemoryTrackerPeakUsage: 249589362 (gauge)
[clickhouse-builder-0.clickhouse-builder.ch-builder.svc.cluster.local] 2026.05.13 01:32:02 [ 0 ] ReadCompressedBytes: 12340944 (increment)
[clickhouse-builder-0.clickhouse-builder.ch-builder.svc.cluster.local] 2026.05.13 01:32:02 [ 0 ] CompressedReadBufferBlocks: 54 (increment)
[clickhouse-builder-0.clickhouse-builder.ch-builder.svc.cluster.local] 2026.05.13 01:32:02 [ 0 ] CompressedReadBufferBytes: 12386304 (increment)
[clickhouse-builder-0.clickhouse-builder.ch-builder.svc.cluster.local] 2026.05.13 01:32:02 [ 0 ] IOBufferAllocs: 2 (increment)
[clickhouse-builder-0.clickhouse-builder.ch-builder.svc.cluster.local] 2026.05.13 01:32:02 [ 0 ] IOBufferAllocBytes: 131198 (increment)
[clickhouse-builder-0.clickhouse-builder.ch-builder.svc.cluster.local] 2026.05.13 01:32:02 [ 0 ] NetworkSendElapsedMicroseconds: 20 (increment)
[clickhouse-builder-0.clickhouse-builder.ch-builder.svc.cluster.local] 2026.05.13 01:32:02 [ 0 ] NetworkSendBytes: 4073 (increment)
[clickhouse-builder-0.clickhouse-builder.ch-builder.svc.cluster.local] 2026.05.13 01:32:02 [ 0 ] SelectedRows: 73728 (increment)
[clickhouse-builder-0.clickhouse-builder.ch-builder.svc.cluster.local] 2026.05.13 01:32:02 [ 0 ] SelectedBytes: 10690560 (increment)
[clickhouse-builder-0.clickhouse-builder.ch-builder.svc.cluster.local] 2026.05.13 01:32:02 [ 0 ] RowsReadByMainReader: 73728 (increment)
[clickhouse-builder-0.clickhouse-builder.ch-builder.svc.cluster.local] 2026.05.13 01:32:02 [ 0 ] RealTimeMicroseconds: 242579 (increment)
[clickhouse-builder-0.clickhouse-builder.ch-builder.svc.cluster.local] 2026.05.13 01:32:02 [ 0 ] UserTimeMicroseconds: 5445 (increment)
[clickhouse-builder-0.clickhouse-builder.ch-builder.svc.cluster.local] 2026.05.13 01:32:02 [ 0 ] SystemTimeMicroseconds: 19519 (increment)
[clickhouse-builder-0.clickhouse-builder.ch-builder.svc.cluster.local] 2026.05.13 01:32:02 [ 0 ] SoftPageFaults: 535 (increment)
[clickhouse-builder-0.clickhouse-builder.ch-builder.svc.cluster.local] 2026.05.13 01:32:02 [ 0 ] OSCPUWaitMicroseconds: 61 (increment)
[clickhouse-builder-0.clickhouse-builder.ch-builder.svc.cluster.local] 2026.05.13 01:32:02 [ 0 ] OSCPUVirtualTimeMicroseconds: 24962 (increment)
[clickhouse-builder-0.clickhouse-builder.ch-builder.svc.cluster.local] 2026.05.13 01:32:02 [ 0 ] OSReadChars: 7363106 (increment)
[clickhouse-builder-0.clickhouse-builder.ch-builder.svc.cluster.local] 2026.05.13 01:32:02 [ 0 ] S3ReadMicroseconds: 2314280 (increment)
[clickhouse-builder-0.clickhouse-builder.ch-builder.svc.cluster.local] 2026.05.13 01:32:02 [ 0 ] S3ReadRequestsCount: 22 (increment)
[clickhouse-builder-0.clickhouse-builder.ch-builder.svc.cluster.local] 2026.05.13 01:32:02 [ 0 ] DiskS3ReadMicroseconds: 2314280 (increment)
[clickhouse-builder-0.clickhouse-builder.ch-builder.svc.cluster.local] 2026.05.13 01:32:02 [ 0 ] DiskS3ReadRequestsCount: 22 (increment)
[clickhouse-builder-0.clickhouse-builder.ch-builder.svc.cluster.local] 2026.05.13 01:32:02 [ 0 ] S3GetObject: 22 (increment)
[clickhouse-builder-0.clickhouse-builder.ch-builder.svc.cluster.local] 2026.05.13 01:32:02 [ 0 ] DiskS3GetObject: 22 (increment)
[clickhouse-builder-0.clickhouse-builder.ch-builder.svc.cluster.local] 2026.05.13 01:32:02 [ 0 ] ReadBufferFromS3Microseconds: 5621521 (increment)
[clickhouse-builder-0.clickhouse-builder.ch-builder.svc.cluster.local] 2026.05.13 01:32:02 [ 0 ] ReadBufferFromS3InitMicroseconds: 2318808 (increment)
[clickhouse-builder-0.clickhouse-builder.ch-builder.svc.cluster.local] 2026.05.13 01:32:02 [ 0 ] ReadBufferFromS3Bytes: 16021625 (increment)
[clickhouse-builder-0.clickhouse-builder.ch-builder.svc.cluster.local] 2026.05.13 01:32:02 [ 0 ] MemoryAllocatedWithoutCheck: 44 (increment)
[clickhouse-builder-0.clickhouse-builder.ch-builder.svc.cluster.local] 2026.05.13 01:32:02 [ 0 ] MemoryAllocatedWithoutCheckBytes: 77440 (increment)
[clickhouse-builder-0.clickhouse-builder.ch-builder.svc.cluster.local] 2026.05.13 01:32:02 [ 0 ] InterfaceNativeSendBytes: 4073 (increment)
[clickhouse-builder-0.clickhouse-builder.ch-builder.svc.cluster.local] 2026.05.13 01:32:02 [ 0 ] DiskConnectionsReused: 22 (increment)
[clickhouse-builder-0.clickhouse-builder.ch-builder.svc.cluster.local] 2026.05.13 01:32:02 [ 0 ] DiskConnectionsPreserved: 22 (increment)
[clickhouse-builder-0.clickhouse-builder.ch-builder.svc.cluster.local] 2026.05.13 01:32:02 [ 0 ] MemoryTrackerUsage: 168716358 (gauge)
[clickhouse-builder-0.clickhouse-builder.ch-builder.svc.cluster.local] 2026.05.13 01:32:02 [ 0 ] MemoryTrackerPeakUsage: 249589362 (gauge)
[clickhouse-builder-0.clickhouse-builder.ch-builder.svc.cluster.local] 2026.05.13 01:32:02 [ 0 ] ReadCompressedBytes: 12209776 (increment)
[clickhouse-builder-0.clickhouse-builder.ch-builder.svc.cluster.local] 2026.05.13 01:32:02 [ 0 ] CompressedReadBufferBlocks: 52 (increment)
[clickhouse-builder-0.clickhouse-builder.ch-builder.svc.cluster.local] 2026.05.13 01:32:02 [ 0 ] CompressedReadBufferBytes: 12255232 (increment)
[clickhouse-builder-0.clickhouse-builder.ch-builder.svc.cluster.local] 2026.05.13 01:32:02 [ 0 ] IOBufferAllocs: 4 (increment)
[clickhouse-builder-0.clickhouse-builder.ch-builder.svc.cluster.local] 2026.05.13 01:32:02 [ 0 ] IOBufferAllocBytes: 262396 (increment)
[clickhouse-builder-0.clickhouse-builder.ch-builder.svc.cluster.local] 2026.05.13 01:32:02 [ 0 ] NetworkReceiveElapsedMicroseconds: 1 (increment)
[clickhouse-builder-0.clickhouse-builder.ch-builder.svc.cluster.local] 2026.05.13 01:32:02 [ 0 ] NetworkSendElapsedMicroseconds: 22 (increment)
[clickhouse-builder-0.clickhouse-builder.ch-builder.svc.cluster.local] 2026.05.13 01:32:02 [ 0 ] NetworkSendBytes: 3846 (increment)
[clickhouse-builder-0.clickhouse-builder.ch-builder.svc.cluster.local] 2026.05.13 01:32:02 [ 0 ] SelectedRows: 73728 (increment)
[clickhouse-builder-0.clickhouse-builder.ch-builder.svc.cluster.local] 2026.05.13 01:32:02 [ 0 ] SelectedBytes: 10690560 (increment)
[clickhouse-builder-0.clickhouse-builder.ch-builder.svc.cluster.local] 2026.05.13 01:32:02 [ 0 ] RowsReadByMainReader: 73728 (increment)
[clickhouse-builder-0.clickhouse-builder.ch-builder.svc.cluster.local] 2026.05.13 01:32:02 [ 0 ] RealTimeMicroseconds: 2832750 (increment)
[clickhouse-builder-0.clickhouse-builder.ch-builder.svc.cluster.local] 2026.05.13 01:32:02 [ 0 ] UserTimeMicroseconds: 28464 (increment)
[clickhouse-builder-0.clickhouse-builder.ch-builder.svc.cluster.local] 2026.05.13 01:32:02 [ 0 ] SystemTimeMicroseconds: 18086 (increment)
[clickhouse-builder-0.clickhouse-builder.ch-builder.svc.cluster.local] 2026.05.13 01:32:02 [ 0 ] SoftPageFaults: 112 (increment)
[clickhouse-builder-0.clickhouse-builder.ch-builder.svc.cluster.local] 2026.05.13 01:32:02 [ 0 ] OSCPUWaitMicroseconds: 46 (increment)
[clickhouse-builder-0.clickhouse-builder.ch-builder.svc.cluster.local] 2026.05.13 01:32:02 [ 0 ] OSCPUVirtualTimeMicroseconds: 46548 (increment)
[clickhouse-builder-0.clickhouse-builder.ch-builder.svc.cluster.local] 2026.05.13 01:32:02 [ 0 ] OSReadChars: 13162291 (increment)
[clickhouse-builder-0.clickhouse-builder.ch-builder.svc.cluster.local] 2026.05.13 01:32:02 [ 0 ] OSWriteChars: 11072 (increment)
[clickhouse-builder-0.clickhouse-builder.ch-builder.svc.cluster.local] 2026.05.13 01:32:02 [ 0 ] S3ReadMicroseconds: 2148695 (increment)
[clickhouse-builder-0.clickhouse-builder.ch-builder.svc.cluster.local] 2026.05.13 01:32:02 [ 0 ] S3ReadRequestsCount: 32 (increment)
[clickhouse-builder-0.clickhouse-builder.ch-builder.svc.cluster.local] 2026.05.13 01:32:02 [ 0 ] DiskS3ReadMicroseconds: 2148695 (increment)
[clickhouse-builder-0.clickhouse-builder.ch-builder.svc.cluster.local] 2026.05.13 01:32:02 [ 0 ] DiskS3ReadRequestsCount: 32 (increment)
[clickhouse-builder-0.clickhouse-builder.ch-builder.svc.cluster.local] 2026.05.13 01:32:02 [ 0 ] S3GetObject: 33 (increment)
[clickhouse-builder-0.clickhouse-builder.ch-builder.svc.cluster.local] 2026.05.13 01:32:02 [ 0 ] DiskS3GetObject: 33 (increment)
[clickhouse-builder-0.clickhouse-builder.ch-builder.svc.cluster.local] 2026.05.13 01:32:02 [ 0 ] ReadBufferFromS3Microseconds: 8530213 (increment)
[clickhouse-builder-0.clickhouse-builder.ch-builder.svc.cluster.local] 2026.05.13 01:32:02 [ 0 ] ReadBufferFromS3InitMicroseconds: 2152751 (increment)
[clickhouse-builder-0.clickhouse-builder.ch-builder.svc.cluster.local] 2026.05.13 01:32:02 [ 0 ] ReadBufferFromS3Bytes: 17636780 (increment)
[clickhouse-builder-0.clickhouse-builder.ch-builder.svc.cluster.local] 2026.05.13 01:32:02 [ 0 ] MemoryAllocatedWithoutCheck: 52 (increment)
[clickhouse-builder-0.clickhouse-builder.ch-builder.svc.cluster.local] 2026.05.13 01:32:02 [ 0 ] MemoryAllocatedWithoutCheckBytes: 91520 (increment)
[clickhouse-builder-0.clickhouse-builder.ch-builder.svc.cluster.local] 2026.05.13 01:32:02 [ 0 ] InterfaceNativeSendBytes: 3846 (increment)
[clickhouse-builder-0.clickhouse-builder.ch-builder.svc.cluster.local] 2026.05.13 01:32:02 [ 0 ] DiskConnectionsReused: 32 (increment)
[clickhouse-builder-0.clickhouse-builder.ch-builder.svc.cluster.local] 2026.05.13 01:32:02 [ 0 ] DiskConnectionsPreserved: 26 (increment)
[clickhouse-builder-0.clickhouse-builder.ch-builder.svc.cluster.local] 2026.05.13 01:32:02 [ 0 ] MemoryTrackerUsage: 168547267 (gauge)
[clickhouse-builder-0.clickhouse-builder.ch-builder.svc.cluster.local] 2026.05.13 01:32:02 [ 0 ] MemoryTrackerPeakUsage: 249589362 (gauge)
[clickhouse-builder-0.clickhouse-builder.ch-builder.svc.cluster.local] 2026.05.13 01:32:02 [ 0 ] ReadCompressedBytes: 11268259 (increment)
[clickhouse-builder-0.clickhouse-builder.ch-builder.svc.cluster.local] 2026.05.13 01:32:02 [ 0 ] CompressedReadBufferBlocks: 38 (increment)
[clickhouse-builder-0.clickhouse-builder.ch-builder.svc.cluster.local] 2026.05.13 01:32:02 [ 0 ] CompressedReadBufferBytes: 11337728 (increment)
[clickhouse-builder-0.clickhouse-builder.ch-builder.svc.cluster.local] 2026.05.13 01:32:02 [ 0 ] IOBufferAllocs: 1 (increment)
[clickhouse-builder-0.clickhouse-builder.ch-builder.svc.cluster.local] 2026.05.13 01:32:02 [ 0 ] IOBufferAllocBytes: 65599 (increment)
[clickhouse-builder-0.clickhouse-builder.ch-builder.svc.cluster.local] 2026.05.13 01:32:02 [ 0 ] NetworkReceiveElapsedMicroseconds: 1 (increment)
[clickhouse-builder-0.clickhouse-builder.ch-builder.svc.cluster.local] 2026.05.13 01:32:02 [ 0 ] NetworkSendElapsedMicroseconds: 23 (increment)
[clickhouse-builder-0.clickhouse-builder.ch-builder.svc.cluster.local] 2026.05.13 01:32:02 [ 0 ] NetworkSendBytes: 4073 (increment)
[clickhouse-builder-0.clickhouse-builder.ch-builder.svc.cluster.local] 2026.05.13 01:32:02 [ 0 ] SelectedRows: 73728 (increment)
[clickhouse-builder-0.clickhouse-builder.ch-builder.svc.cluster.local] 2026.05.13 01:32:02 [ 0 ] SelectedBytes: 10690560 (increment)
[clickhouse-builder-0.clickhouse-builder.ch-builder.svc.cluster.local] 2026.05.13 01:32:02 [ 0 ] RowsReadByMainReader: 73728 (increment)
[clickhouse-builder-0.clickhouse-builder.ch-builder.svc.cluster.local] 2026.05.13 01:32:02 [ 0 ] RealTimeMicroseconds: 3694570 (increment)
[clickhouse-builder-0.clickhouse-builder.ch-builder.svc.cluster.local] 2026.05.13 01:32:02 [ 0 ] UserTimeMicroseconds: 30286 (increment)
[clickhouse-builder-0.clickhouse-builder.ch-builder.svc.cluster.local] 2026.05.13 01:32:02 [ 0 ] SystemTimeMicroseconds: 19868 (increment)
[clickhouse-builder-0.clickhouse-builder.ch-builder.svc.cluster.local] 2026.05.13 01:32:02 [ 0 ] SoftPageFaults: 305 (increment)
[clickhouse-builder-0.clickhouse-builder.ch-builder.svc.cluster.local] 2026.05.13 01:32:02 [ 0 ] OSCPUWaitMicroseconds: 79 (increment)
[clickhouse-builder-0.clickhouse-builder.ch-builder.svc.cluster.local] 2026.05.13 01:32:02 [ 0 ] OSCPUVirtualTimeMicroseconds: 50151 (increment)
[clickhouse-builder-0.clickhouse-builder.ch-builder.svc.cluster.local] 2026.05.13 01:32:02 [ 0 ] OSReadChars: 13479255 (increment)
[clickhouse-builder-0.clickhouse-builder.ch-builder.svc.cluster.local] 2026.05.13 01:32:02 [ 0 ] OSWriteChars: 13834 (increment)
[clickhouse-builder-0.clickhouse-builder.ch-builder.svc.cluster.local] 2026.05.13 01:32:02 [ 0 ] S3ReadMicroseconds: 2332512 (increment)
[clickhouse-builder-0.clickhouse-builder.ch-builder.svc.cluster.local] 2026.05.13 01:32:02 [ 0 ] S3ReadRequestsCount: 19 (increment)
[clickhouse-builder-0.clickhouse-builder.ch-builder.svc.cluster.local] 2026.05.13 01:32:02 [ 0 ] DiskS3ReadMicroseconds: 2332512 (increment)
[clickhouse-builder-0.clickhouse-builder.ch-builder.svc.cluster.local] 2026.05.13 01:32:02 [ 0 ] DiskS3ReadRequestsCount: 19 (increment)
[clickhouse-builder-0.clickhouse-builder.ch-builder.svc.cluster.local] 2026.05.13 01:32:02 [ 0 ] S3GetObject: 18 (increment)
[clickhouse-builder-0.clickhouse-builder.ch-builder.svc.cluster.local] 2026.05.13 01:32:02 [ 0 ] DiskS3GetObject: 18 (increment)
[clickhouse-builder-0.clickhouse-builder.ch-builder.svc.cluster.local] 2026.05.13 01:32:02 [ 0 ] ReadBufferFromS3Microseconds: 5580644 (increment)
[clickhouse-builder-0.clickhouse-builder.ch-builder.svc.cluster.local] 2026.05.13 01:32:02 [ 0 ] ReadBufferFromS3InitMicroseconds: 2336630 (increment)
[clickhouse-builder-0.clickhouse-builder.ch-builder.svc.cluster.local] 2026.05.13 01:32:02 [ 0 ] ReadBufferFromS3Bytes: 13130167 (increment)
[clickhouse-builder-0.clickhouse-builder.ch-builder.svc.cluster.local] 2026.05.13 01:32:02 [ 0 ] MemoryAllocatedWithoutCheck: 30 (increment)
[clickhouse-builder-0.clickhouse-builder.ch-builder.svc.cluster.local] 2026.05.13 01:32:02 [ 0 ] MemoryAllocatedWithoutCheckBytes: 52800 (increment)
[clickhouse-builder-0.clickhouse-builder.ch-builder.svc.cluster.local] 2026.05.13 01:32:02 [ 0 ] InterfaceNativeSendBytes: 4073 (increment)
[clickhouse-builder-0.clickhouse-builder.ch-builder.svc.cluster.local] 2026.05.13 01:32:02 [ 0 ] DiskConnectionsCreated: 1 (increment)
[clickhouse-builder-0.clickhouse-builder.ch-builder.svc.cluster.local] 2026.05.13 01:32:02 [ 0 ] DiskConnectionsReused: 18 (increment)
[clickhouse-builder-0.clickhouse-builder.ch-builder.svc.cluster.local] 2026.05.13 01:32:02 [ 0 ] DiskConnectionsPreserved: 14 (increment)
[clickhouse-builder-0.clickhouse-builder.ch-builder.svc.cluster.local] 2026.05.13 01:32:02 [ 0 ] DiskConnectionsElapsedMicroseconds: 4646 (increment)
[clickhouse-builder-0.clickhouse-builder.ch-builder.svc.cluster.local] 2026.05.13 01:32:02 [ 0 ] MemoryTrackerUsage: 177841997 (gauge)
[clickhouse-builder-0.clickhouse-builder.ch-builder.svc.cluster.local] 2026.05.13 01:32:02 [ 0 ] MemoryTrackerPeakUsage: 249589362 (gauge)
[clickhouse-builder-0.clickhouse-builder.ch-builder.svc.cluster.local] 2026.05.13 01:32:02 [ 0 ] ReadCompressedBytes: 14437660 (increment)
[clickhouse-builder-0.clickhouse-builder.ch-builder.svc.cluster.local] 2026.05.13 01:32:02 [ 0 ] CompressedReadBufferBlocks: 41 (increment)
[clickhouse-builder-0.clickhouse-builder.ch-builder.svc.cluster.local] 2026.05.13 01:32:02 [ 0 ] CompressedReadBufferBytes: 14483456 (increment)
[clickhouse-builder-0.clickhouse-builder.ch-builder.svc.cluster.local] 2026.05.13 01:32:02 [ 0 ] IOBufferAllocs: 1 (increment)
[clickhouse-builder-0.clickhouse-builder.ch-builder.svc.cluster.local] 2026.05.13 01:32:02 [ 0 ] IOBufferAllocBytes: 65599 (increment)
[clickhouse-builder-0.clickhouse-builder.ch-builder.svc.cluster.local] 2026.05.13 01:32:02 [ 0 ] NetworkReceiveElapsedMicroseconds: 2 (increment)
[clickhouse-builder-0.clickhouse-builder.ch-builder.svc.cluster.local] 2026.05.13 01:32:02 [ 0 ] NetworkSendElapsedMicroseconds: 35 (increment)
[clickhouse-builder-0.clickhouse-builder.ch-builder.svc.cluster.local] 2026.05.13 01:32:02 [ 0 ] NetworkSendBytes: 4311 (increment)
[clickhouse-builder-0.clickhouse-builder.ch-builder.svc.cluster.local] 2026.05.13 01:32:02 [ 0 ] SelectedRows: 98304 (increment)
[clickhouse-builder-0.clickhouse-builder.ch-builder.svc.cluster.local] 2026.05.13 01:32:02 [ 0 ] SelectedBytes: 14254080 (increment)
[clickhouse-builder-0.clickhouse-builder.ch-builder.svc.cluster.local] 2026.05.13 01:32:02 [ 0 ] RowsReadByMainReader: 98304 (increment)
[clickhouse-builder-0.clickhouse-builder.ch-builder.svc.cluster.local] 2026.05.13 01:32:02 [ 0 ] RealTimeMicroseconds: 4498266 (increment)
[clickhouse-builder-0.clickhouse-builder.ch-builder.svc.cluster.local] 2026.05.13 01:32:02 [ 0 ] UserTimeMicroseconds: 43934 (increment)
[clickhouse-builder-0.clickhouse-builder.ch-builder.svc.cluster.local] 2026.05.13 01:32:02 [ 0 ] SystemTimeMicroseconds: 21604 (increment)
[clickhouse-builder-0.clickhouse-builder.ch-builder.svc.cluster.local] 2026.05.13 01:32:02 [ 0 ] SoftPageFaults: 555 (increment)
[clickhouse-builder-0.clickhouse-builder.ch-builder.svc.cluster.local] 2026.05.13 01:32:02 [ 0 ] OSCPUVirtualTimeMicroseconds: 65530 (increment)
[clickhouse-builder-0.clickhouse-builder.ch-builder.svc.cluster.local] 2026.05.13 01:32:02 [ 0 ] OSReadChars: 15908352 (increment)
[clickhouse-builder-0.clickhouse-builder.ch-builder.svc.cluster.local] 2026.05.13 01:32:02 [ 0 ] OSWriteChars: 16604 (increment)
[clickhouse-builder-0.clickhouse-builder.ch-builder.svc.cluster.local] 2026.05.13 01:32:02 [ 0 ] S3ReadMicroseconds: 1259302 (increment)
[clickhouse-builder-0.clickhouse-builder.ch-builder.svc.cluster.local] 2026.05.13 01:32:02 [ 0 ] S3ReadRequestsCount: 8 (increment)
[clickhouse-builder-0.clickhouse-builder.ch-builder.svc.cluster.local] 2026.05.13 01:32:02 [ 0 ] DiskS3ReadMicroseconds: 1259302 (increment)
[clickhouse-builder-0.clickhouse-builder.ch-builder.svc.cluster.local] 2026.05.13 01:32:02 [ 0 ] DiskS3ReadRequestsCount: 8 (increment)
[clickhouse-builder-0.clickhouse-builder.ch-builder.svc.cluster.local] 2026.05.13 01:32:02 [ 0 ] S3GetObject: 8 (increment)
[clickhouse-builder-0.clickhouse-builder.ch-builder.svc.cluster.local] 2026.05.13 01:32:02 [ 0 ] DiskS3GetObject: 8 (increment)
[clickhouse-builder-0.clickhouse-builder.ch-builder.svc.cluster.local] 2026.05.13 01:32:02 [ 0 ] ReadBufferFromS3Microseconds: 4145208 (increment)
[clickhouse-builder-0.clickhouse-builder.ch-builder.svc.cluster.local] 2026.05.13 01:32:02 [ 0 ] ReadBufferFromS3InitMicroseconds: 1261410 (increment)
[clickhouse-builder-0.clickhouse-builder.ch-builder.svc.cluster.local] 2026.05.13 01:32:02 [ 0 ] ReadBufferFromS3Bytes: 18842955 (increment)
[clickhouse-builder-0.clickhouse-builder.ch-builder.svc.cluster.local] 2026.05.13 01:32:02 [ 0 ] MemoryAllocatedWithoutCheck: 22 (increment)
[clickhouse-builder-0.clickhouse-builder.ch-builder.svc.cluster.local] 2026.05.13 01:32:02 [ 0 ] MemoryAllocatedWithoutCheckBytes: 38720 (increment)
[clickhouse-builder-0.clickhouse-builder.ch-builder.svc.cluster.local] 2026.05.13 01:32:02 [ 0 ] InterfaceNativeSendBytes: 4311 (increment)
[clickhouse-builder-0.clickhouse-builder.ch-builder.svc.cluster.local] 2026.05.13 01:32:02 [ 0 ] DiskConnectionsReused: 8 (increment)
[clickhouse-builder-0.clickhouse-builder.ch-builder.svc.cluster.local] 2026.05.13 01:32:02 [ 0 ] DiskConnectionsPreserved: 11 (increment)
[clickhouse-builder-0.clickhouse-builder.ch-builder.svc.cluster.local] 2026.05.13 01:32:02 [ 0 ] MemoryTrackerUsage: 187157085 (gauge)
[clickhouse-builder-0.clickhouse-builder.ch-builder.svc.cluster.local] 2026.05.13 01:32:02 [ 0 ] MemoryTrackerPeakUsage: 249589362 (gauge)
[clickhouse-builder-0.clickhouse-builder.ch-builder.svc.cluster.local] 2026.05.13 01:32:03 [ 0 ] ReadCompressedBytes: 31955465 (increment)
[clickhouse-builder-0.clickhouse-builder.ch-builder.svc.cluster.local] 2026.05.13 01:32:03 [ 0 ] CompressedReadBufferBlocks: 84 (increment)
[clickhouse-builder-0.clickhouse-builder.ch-builder.svc.cluster.local] 2026.05.13 01:32:03 [ 0 ] CompressedReadBufferBytes: 32047104 (increment)
[clickhouse-builder-0.clickhouse-builder.ch-builder.svc.cluster.local] 2026.05.13 01:32:03 [ 0 ] NetworkReceiveElapsedMicroseconds: 1 (increment)
[clickhouse-builder-0.clickhouse-builder.ch-builder.svc.cluster.local] 2026.05.13 01:32:03 [ 0 ] NetworkSendElapsedMicroseconds: 33 (increment)
[clickhouse-builder-0.clickhouse-builder.ch-builder.svc.cluster.local] 2026.05.13 01:32:03 [ 0 ] NetworkSendBytes: 3961 (increment)
[clickhouse-builder-0.clickhouse-builder.ch-builder.svc.cluster.local] 2026.05.13 01:32:03 [ 0 ] SelectedRows: 221184 (increment)
[clickhouse-builder-0.clickhouse-builder.ch-builder.svc.cluster.local] 2026.05.13 01:32:03 [ 0 ] SelectedBytes: 32071680 (increment)
[clickhouse-builder-0.clickhouse-builder.ch-builder.svc.cluster.local] 2026.05.13 01:32:03 [ 0 ] RowsReadByMainReader: 221184 (increment)
[clickhouse-builder-0.clickhouse-builder.ch-builder.svc.cluster.local] 2026.05.13 01:32:03 [ 0 ] RealTimeMicroseconds: 11768499 (increment)
[clickhouse-builder-0.clickhouse-builder.ch-builder.svc.cluster.local] 2026.05.13 01:32:03 [ 0 ] UserTimeMicroseconds: 114543 (increment)
[clickhouse-builder-0.clickhouse-builder.ch-builder.svc.cluster.local] 2026.05.13 01:32:03 [ 0 ] SystemTimeMicroseconds: 66362 (increment)
[clickhouse-builder-0.clickhouse-builder.ch-builder.svc.cluster.local] 2026.05.13 01:32:03 [ 0 ] SoftPageFaults: 1717 (increment)
[clickhouse-builder-0.clickhouse-builder.ch-builder.svc.cluster.local] 2026.05.13 01:32:03 [ 0 ] OSCPUWaitMicroseconds: 105 (increment)
[clickhouse-builder-0.clickhouse-builder.ch-builder.svc.cluster.local] 2026.05.13 01:32:03 [ 0 ] OSCPUVirtualTimeMicroseconds: 180896 (increment)
[clickhouse-builder-0.clickhouse-builder.ch-builder.svc.cluster.local] 2026.05.13 01:32:03 [ 0 ] OSReadChars: 38322376 (increment)
[clickhouse-builder-0.clickhouse-builder.ch-builder.svc.cluster.local] 2026.05.13 01:32:03 [ 0 ] OSWriteChars: 42368 (increment)
[clickhouse-builder-0.clickhouse-builder.ch-builder.svc.cluster.local] 2026.05.13 01:32:03 [ 0 ] S3ReadMicroseconds: 1148556 (increment)
[clickhouse-builder-0.clickhouse-builder.ch-builder.svc.cluster.local] 2026.05.13 01:32:03 [ 0 ] S3ReadRequestsCount: 14 (increment)
[clickhouse-builder-0.clickhouse-builder.ch-builder.svc.cluster.local] 2026.05.13 01:32:03 [ 0 ] DiskS3ReadMicroseconds: 1148556 (increment)
[clickhouse-builder-0.clickhouse-builder.ch-builder.svc.cluster.local] 2026.05.13 01:32:03 [ 0 ] DiskS3ReadRequestsCount: 14 (increment)
[clickhouse-builder-0.clickhouse-builder.ch-builder.svc.cluster.local] 2026.05.13 01:32:03 [ 0 ] S3GetObject: 14 (increment)
[clickhouse-builder-0.clickhouse-builder.ch-builder.svc.cluster.local] 2026.05.13 01:32:03 [ 0 ] DiskS3GetObject: 14 (increment)
[clickhouse-builder-0.clickhouse-builder.ch-builder.svc.cluster.local] 2026.05.13 01:32:03 [ 0 ] ReadBufferFromS3Microseconds: 3390410 (increment)
[clickhouse-builder-0.clickhouse-builder.ch-builder.svc.cluster.local] 2026.05.13 01:32:03 [ 0 ] ReadBufferFromS3InitMicroseconds: 1151228 (increment)
[clickhouse-builder-0.clickhouse-builder.ch-builder.svc.cluster.local] 2026.05.13 01:32:03 [ 0 ] ReadBufferFromS3Bytes: 29635854 (increment)
[clickhouse-builder-0.clickhouse-builder.ch-builder.svc.cluster.local] 2026.05.13 01:32:03 [ 0 ] MemoryAllocatedWithoutCheck: 22 (increment)
[clickhouse-builder-0.clickhouse-builder.ch-builder.svc.cluster.local] 2026.05.13 01:32:03 [ 0 ] MemoryAllocatedWithoutCheckBytes: 38720 (increment)
[clickhouse-builder-0.clickhouse-builder.ch-builder.svc.cluster.local] 2026.05.13 01:32:03 [ 0 ] InterfaceNativeSendBytes: 3961 (increment)
[clickhouse-builder-0.clickhouse-builder.ch-builder.svc.cluster.local] 2026.05.13 01:32:03 [ 0 ] DiskConnectionsCreated: 1 (increment)
[clickhouse-builder-0.clickhouse-builder.ch-builder.svc.cluster.local] 2026.05.13 01:32:03 [ 0 ] DiskConnectionsReused: 13 (increment)
[clickhouse-builder-0.clickhouse-builder.ch-builder.svc.cluster.local] 2026.05.13 01:32:03 [ 0 ] DiskConnectionsPreserved: 10 (increment)
[clickhouse-builder-0.clickhouse-builder.ch-builder.svc.cluster.local] 2026.05.13 01:32:03 [ 0 ] DiskConnectionsElapsedMicroseconds: 4324 (increment)
[clickhouse-builder-0.clickhouse-builder.ch-builder.svc.cluster.local] 2026.05.13 01:32:03 [ 0 ] MemoryTrackerUsage: 175918040 (gauge)
[clickhouse-builder-0.clickhouse-builder.ch-builder.svc.cluster.local] 2026.05.13 01:32:03 [ 0 ] MemoryTrackerPeakUsage: 249589362 (gauge)
[clickhouse-builder-0.clickhouse-builder.ch-builder.svc.cluster.local] 2026.05.13 01:32:03 [ 0 ] ReadCompressedBytes: 64604230 (increment)
[clickhouse-builder-0.clickhouse-builder.ch-builder.svc.cluster.local] 2026.05.13 01:32:03 [ 0 ] CompressedReadBufferBlocks: 180 (increment)
[clickhouse-builder-0.clickhouse-builder.ch-builder.svc.cluster.local] 2026.05.13 01:32:03 [ 0 ] CompressedReadBufferBytes: 64880640 (increment)
[clickhouse-builder-0.clickhouse-builder.ch-builder.svc.cluster.local] 2026.05.13 01:32:03 [ 0 ] NetworkReceiveElapsedMicroseconds: 1 (increment)
[clickhouse-builder-0.clickhouse-builder.ch-builder.svc.cluster.local] 2026.05.13 01:32:03 [ 0 ] NetworkSendElapsedMicroseconds: 26 (increment)
[clickhouse-builder-0.clickhouse-builder.ch-builder.svc.cluster.local] 2026.05.13 01:32:03 [ 0 ] NetworkSendBytes: 4097 (increment)
[clickhouse-builder-0.clickhouse-builder.ch-builder.svc.cluster.local] 2026.05.13 01:32:03 [ 0 ] SelectedRows: 442368 (increment)
[clickhouse-builder-0.clickhouse-builder.ch-builder.svc.cluster.local] 2026.05.13 01:32:03 [ 0 ] SelectedBytes: 64143360 (increment)
[clickhouse-builder-0.clickhouse-builder.ch-builder.svc.cluster.local] 2026.05.13 01:32:03 [ 0 ] RowsReadByMainReader: 442368 (increment)
[clickhouse-builder-0.clickhouse-builder.ch-builder.svc.cluster.local] 2026.05.13 01:32:03 [ 0 ] RealTimeMicroseconds: 11201746 (increment)
[clickhouse-builder-0.clickhouse-builder.ch-builder.svc.cluster.local] 2026.05.13 01:32:03 [ 0 ] UserTimeMicroseconds: 213785 (increment)
[clickhouse-builder-0.clickhouse-builder.ch-builder.svc.cluster.local] 2026.05.13 01:32:03 [ 0 ] SystemTimeMicroseconds: 92821 (increment)
[clickhouse-builder-0.clickhouse-builder.ch-builder.svc.cluster.local] 2026.05.13 01:32:03 [ 0 ] SoftPageFaults: 1714 (increment)
[clickhouse-builder-0.clickhouse-builder.ch-builder.svc.cluster.local] 2026.05.13 01:32:03 [ 0 ] OSCPUWaitMicroseconds: 449 (increment)
[clickhouse-builder-0.clickhouse-builder.ch-builder.svc.cluster.local] 2026.05.13 01:32:03 [ 0 ] OSCPUVirtualTimeMicroseconds: 306585 (increment)
[clickhouse-builder-0.clickhouse-builder.ch-builder.svc.cluster.local] 2026.05.13 01:32:03 [ 0 ] OSReadChars: 65104541 (increment)
[clickhouse-builder-0.clickhouse-builder.ch-builder.svc.cluster.local] 2026.05.13 01:32:03 [ 0 ] OSWriteChars: 42350 (increment)
[clickhouse-builder-0.clickhouse-builder.ch-builder.svc.cluster.local] 2026.05.13 01:32:03 [ 0 ] S3ReadMicroseconds: 1302680 (increment)
[clickhouse-builder-0.clickhouse-builder.ch-builder.svc.cluster.local] 2026.05.13 01:32:03 [ 0 ] S3ReadRequestsCount: 7 (increment)
[clickhouse-builder-0.clickhouse-builder.ch-builder.svc.cluster.local] 2026.05.13 01:32:03 [ 0 ] DiskS3ReadMicroseconds: 1302680 (increment)
[clickhouse-builder-0.clickhouse-builder.ch-builder.svc.cluster.local] 2026.05.13 01:32:03 [ 0 ] DiskS3ReadRequestsCount: 7 (increment)
[clickhouse-builder-0.clickhouse-builder.ch-builder.svc.cluster.local] 2026.05.13 01:32:03 [ 0 ] S3GetObject: 7 (increment)
[clickhouse-builder-0.clickhouse-builder.ch-builder.svc.cluster.local] 2026.05.13 01:32:03 [ 0 ] DiskS3GetObject: 7 (increment)
[clickhouse-builder-0.clickhouse-builder.ch-builder.svc.cluster.local] 2026.05.13 01:32:03 [ 0 ] ReadBufferFromS3Microseconds: 3777992 (increment)
[clickhouse-builder-0.clickhouse-builder.ch-builder.svc.cluster.local] 2026.05.13 01:32:03 [ 0 ] ReadBufferFromS3InitMicroseconds: 1309494 (increment)
[clickhouse-builder-0.clickhouse-builder.ch-builder.svc.cluster.local] 2026.05.13 01:32:03 [ 0 ] ReadBufferFromS3Bytes: 56429175 (increment)
[clickhouse-builder-0.clickhouse-builder.ch-builder.svc.cluster.local] 2026.05.13 01:32:03 [ 0 ] MemoryAllocatedWithoutCheck: 44 (increment)
[clickhouse-builder-0.clickhouse-builder.ch-builder.svc.cluster.local] 2026.05.13 01:32:03 [ 0 ] MemoryAllocatedWithoutCheckBytes: 77440 (increment)
[clickhouse-builder-0.clickhouse-builder.ch-builder.svc.cluster.local] 2026.05.13 01:32:03 [ 0 ] InterfaceNativeSendBytes: 4097 (increment)
[clickhouse-builder-0.clickhouse-builder.ch-builder.svc.cluster.local] 2026.05.13 01:32:03 [ 0 ] DiskConnectionsReused: 7 (increment)
[clickhouse-builder-0.clickhouse-builder.ch-builder.svc.cluster.local] 2026.05.13 01:32:03 [ 0 ] DiskConnectionsPreserved: 22 (increment)
[clickhouse-builder-0.clickhouse-builder.ch-builder.svc.cluster.local] 2026.05.13 01:32:03 [ 0 ] MemoryTrackerUsage: 169558154 (gauge)
[clickhouse-builder-0.clickhouse-builder.ch-builder.svc.cluster.local] 2026.05.13 01:32:03 [ 0 ] MemoryTrackerPeakUsage: 249589362 (gauge)
[clickhouse-builder-0.clickhouse-builder.ch-builder.svc.cluster.local] 2026.05.13 01:32:03 [ 0 ] ReadCompressedBytes: 58924292 (increment)
[clickhouse-builder-0.clickhouse-builder.ch-builder.svc.cluster.local] 2026.05.13 01:32:03 [ 0 ] CompressedReadBufferBlocks: 163 (increment)
[clickhouse-builder-0.clickhouse-builder.ch-builder.svc.cluster.local] 2026.05.13 01:32:03 [ 0 ] CompressedReadBufferBytes: 59104168 (increment)
[clickhouse-builder-0.clickhouse-builder.ch-builder.svc.cluster.local] 2026.05.13 01:32:03 [ 0 ] NetworkReceiveElapsedMicroseconds: 1 (increment)
[clickhouse-builder-0.clickhouse-builder.ch-builder.svc.cluster.local] 2026.05.13 01:32:03 [ 0 ] NetworkSendElapsedMicroseconds: 25 (increment)
[clickhouse-builder-0.clickhouse-builder.ch-builder.svc.cluster.local] 2026.05.13 01:32:03 [ 0 ] NetworkSendBytes: 3859 (increment)
[clickhouse-builder-0.clickhouse-builder.ch-builder.svc.cluster.local] 2026.05.13 01:32:03 [ 0 ] SelectedRows: 404732 (increment)
[clickhouse-builder-0.clickhouse-builder.ch-builder.svc.cluster.local] 2026.05.13 01:32:03 [ 0 ] SelectedBytes: 58686140 (increment)
[clickhouse-builder-0.clickhouse-builder.ch-builder.svc.cluster.local] 2026.05.13 01:32:03 [ 0 ] RowsReadByMainReader: 404732 (increment)
[clickhouse-builder-0.clickhouse-builder.ch-builder.svc.cluster.local] 2026.05.13 01:32:03 [ 0 ] RealTimeMicroseconds: 9193641 (increment)
[clickhouse-builder-0.clickhouse-builder.ch-builder.svc.cluster.local] 2026.05.13 01:32:03 [ 0 ] UserTimeMicroseconds: 170937 (increment)
[clickhouse-builder-0.clickhouse-builder.ch-builder.svc.cluster.local] 2026.05.13 01:32:03 [ 0 ] SystemTimeMicroseconds: 97155 (increment)
[clickhouse-builder-0.clickhouse-builder.ch-builder.svc.cluster.local] 2026.05.13 01:32:03 [ 0 ] SoftPageFaults: 1683 (increment)
[clickhouse-builder-0.clickhouse-builder.ch-builder.svc.cluster.local] 2026.05.13 01:32:03 [ 0 ] OSCPUWaitMicroseconds: 88 (increment)
[clickhouse-builder-0.clickhouse-builder.ch-builder.svc.cluster.local] 2026.05.13 01:32:03 [ 0 ] OSCPUVirtualTimeMicroseconds: 268068 (increment)
[clickhouse-builder-0.clickhouse-builder.ch-builder.svc.cluster.local] 2026.05.13 01:32:03 [ 0 ] OSReadChars: 59236912 (increment)
[clickhouse-builder-0.clickhouse-builder.ch-builder.svc.cluster.local] 2026.05.13 01:32:03 [ 0 ] OSWriteChars: 40434 (increment)
[clickhouse-builder-0.clickhouse-builder.ch-builder.svc.cluster.local] 2026.05.13 01:32:03 [ 0 ] S3ReadMicroseconds: 635972 (increment)
[clickhouse-builder-0.clickhouse-builder.ch-builder.svc.cluster.local] 2026.05.13 01:32:03 [ 0 ] S3ReadRequestsCount: 3 (increment)
[clickhouse-builder-0.clickhouse-builder.ch-builder.svc.cluster.local] 2026.05.13 01:32:03 [ 0 ] DiskS3ReadMicroseconds: 635972 (increment)
[clickhouse-builder-0.clickhouse-builder.ch-builder.svc.cluster.local] 2026.05.13 01:32:03 [ 0 ] DiskS3ReadRequestsCount: 3 (increment)
[clickhouse-builder-0.clickhouse-builder.ch-builder.svc.cluster.local] 2026.05.13 01:32:03 [ 0 ] S3GetObject: 3 (increment)
[clickhouse-builder-0.clickhouse-builder.ch-builder.svc.cluster.local] 2026.05.13 01:32:03 [ 0 ] DiskS3GetObject: 3 (increment)
[clickhouse-builder-0.clickhouse-builder.ch-builder.svc.cluster.local] 2026.05.13 01:32:03 [ 0 ] ReadBufferFromS3Microseconds: 3123928 (increment)
[clickhouse-builder-0.clickhouse-builder.ch-builder.svc.cluster.local] 2026.05.13 01:32:03 [ 0 ] ReadBufferFromS3InitMicroseconds: 641833 (increment)
[clickhouse-builder-0.clickhouse-builder.ch-builder.svc.cluster.local] 2026.05.13 01:32:03 [ 0 ] ReadBufferFromS3Bytes: 53756708 (increment)
[clickhouse-builder-0.clickhouse-builder.ch-builder.svc.cluster.local] 2026.05.13 01:32:03 [ 0 ] MemoryAllocatedWithoutCheck: 40 (increment)
[clickhouse-builder-0.clickhouse-builder.ch-builder.svc.cluster.local] 2026.05.13 01:32:03 [ 0 ] MemoryAllocatedWithoutCheckBytes: 70400 (increment)
[clickhouse-builder-0.clickhouse-builder.ch-builder.svc.cluster.local] 2026.05.13 01:32:03 [ 0 ] InterfaceNativeSendBytes: 3859 (increment)
[clickhouse-builder-0.clickhouse-builder.ch-builder.svc.cluster.local] 2026.05.13 01:32:03 [ 0 ] DiskConnectionsReused: 3 (increment)
[clickhouse-builder-0.clickhouse-builder.ch-builder.svc.cluster.local] 2026.05.13 01:32:03 [ 0 ] DiskConnectionsPreserved: 20 (increment)
[clickhouse-builder-0.clickhouse-builder.ch-builder.svc.cluster.local] 2026.05.13 01:32:03 [ 0 ] MemoryTrackerUsage: 163714788 (gauge)
[clickhouse-builder-0.clickhouse-builder.ch-builder.svc.cluster.local] 2026.05.13 01:32:03 [ 0 ] MemoryTrackerPeakUsage: 249589362 (gauge)
[clickhouse-builder-0.clickhouse-builder.ch-builder.svc.cluster.local] 2026.05.13 01:32:03 [ 0 ] ReadCompressedBytes: 54076767 (increment)
[clickhouse-builder-0.clickhouse-builder.ch-builder.svc.cluster.local] 2026.05.13 01:32:03 [ 0 ] CompressedReadBufferBlocks: 154 (increment)
[clickhouse-builder-0.clickhouse-builder.ch-builder.svc.cluster.local] 2026.05.13 01:32:03 [ 0 ] CompressedReadBufferBytes: 54281846 (increment)
[clickhouse-builder-0.clickhouse-builder.ch-builder.svc.cluster.local] 2026.05.13 01:32:03 [ 0 ] NetworkReceiveElapsedMicroseconds: 2 (increment)
[clickhouse-builder-0.clickhouse-builder.ch-builder.svc.cluster.local] 2026.05.13 01:32:03 [ 0 ] NetworkSendElapsedMicroseconds: 33 (increment)
[clickhouse-builder-0.clickhouse-builder.ch-builder.svc.cluster.local] 2026.05.13 01:32:03 [ 0 ] NetworkSendBytes: 3859 (increment)
[clickhouse-builder-0.clickhouse-builder.ch-builder.svc.cluster.local] 2026.05.13 01:32:03 [ 0 ] SelectedRows: 368640 (increment)
[clickhouse-builder-0.clickhouse-builder.ch-builder.svc.cluster.local] 2026.05.13 01:32:03 [ 0 ] SelectedBytes: 53452800 (increment)
[clickhouse-builder-0.clickhouse-builder.ch-builder.svc.cluster.local] 2026.05.13 01:32:03 [ 0 ] RowsReadByMainReader: 368640 (increment)
[clickhouse-builder-0.clickhouse-builder.ch-builder.svc.cluster.local] 2026.05.13 01:32:03 [ 0 ] RealTimeMicroseconds: 3508319 (increment)
[clickhouse-builder-0.clickhouse-builder.ch-builder.svc.cluster.local] 2026.05.13 01:32:03 [ 0 ] UserTimeMicroseconds: 102069 (increment)
[clickhouse-builder-0.clickhouse-builder.ch-builder.svc.cluster.local] 2026.05.13 01:32:03 [ 0 ] SystemTimeMicroseconds: 56272 (increment)
[clickhouse-builder-0.clickhouse-builder.ch-builder.svc.cluster.local] 2026.05.13 01:32:03 [ 0 ] SoftPageFaults: 282 (increment)
[clickhouse-builder-0.clickhouse-builder.ch-builder.svc.cluster.local] 2026.05.13 01:32:03 [ 0 ] OSCPUWaitMicroseconds: 1 (increment)
[clickhouse-builder-0.clickhouse-builder.ch-builder.svc.cluster.local] 2026.05.13 01:32:03 [ 0 ] OSCPUVirtualTimeMicroseconds: 158330 (increment)
[clickhouse-builder-0.clickhouse-builder.ch-builder.svc.cluster.local] 2026.05.13 01:32:03 [ 0 ] OSReadChars: 38839624 (increment)
[clickhouse-builder-0.clickhouse-builder.ch-builder.svc.cluster.local] 2026.05.13 01:32:03 [ 0 ] OSWriteChars: 16576 (increment)
[clickhouse-builder-0.clickhouse-builder.ch-builder.svc.cluster.local] 2026.05.13 01:32:03 [ 0 ] S3ReadMicroseconds: 261787 (increment)
[clickhouse-builder-0.clickhouse-builder.ch-builder.svc.cluster.local] 2026.05.13 01:32:03 [ 0 ] S3ReadRequestsCount: 2 (increment)
[clickhouse-builder-0.clickhouse-builder.ch-builder.svc.cluster.local] 2026.05.13 01:32:03 [ 0 ] DiskS3ReadMicroseconds: 261787 (increment)
[clickhouse-builder-0.clickhouse-builder.ch-builder.svc.cluster.local] 2026.05.13 01:32:03 [ 0 ] DiskS3ReadRequestsCount: 2 (increment)
[clickhouse-builder-0.clickhouse-builder.ch-builder.svc.cluster.local] 2026.05.13 01:32:03 [ 0 ] S3GetObject: 2 (increment)
[clickhouse-builder-0.clickhouse-builder.ch-builder.svc.cluster.local] 2026.05.13 01:32:03 [ 0 ] DiskS3GetObject: 2 (increment)
[clickhouse-builder-0.clickhouse-builder.ch-builder.svc.cluster.local] 2026.05.13 01:32:03 [ 0 ] ReadBufferFromS3Microseconds: 1116752 (increment)
[clickhouse-builder-0.clickhouse-builder.ch-builder.svc.cluster.local] 2026.05.13 01:32:03 [ 0 ] ReadBufferFromS3InitMicroseconds: 262798 (increment)
[clickhouse-builder-0.clickhouse-builder.ch-builder.svc.cluster.local] 2026.05.13 01:32:03 [ 0 ] ReadBufferFromS3Bytes: 43059424 (increment)
[clickhouse-builder-0.clickhouse-builder.ch-builder.svc.cluster.local] 2026.05.13 01:32:03 [ 0 ] MemoryAllocatedWithoutCheck: 36 (increment)
[clickhouse-builder-0.clickhouse-builder.ch-builder.svc.cluster.local] 2026.05.13 01:32:03 [ 0 ] MemoryAllocatedWithoutCheckBytes: 63360 (increment)
[clickhouse-builder-0.clickhouse-builder.ch-builder.svc.cluster.local] 2026.05.13 01:32:03 [ 0 ] InterfaceNativeSendBytes: 3859 (increment)
[clickhouse-builder-0.clickhouse-builder.ch-builder.svc.cluster.local] 2026.05.13 01:32:03 [ 0 ] DiskConnectionsReused: 2 (increment)
[clickhouse-builder-0.clickhouse-builder.ch-builder.svc.cluster.local] 2026.05.13 01:32:03 [ 0 ] DiskConnectionsPreserved: 18 (increment)
[clickhouse-builder-0.clickhouse-builder.ch-builder.svc.cluster.local] 2026.05.13 01:32:03 [ 0 ] MemoryTrackerUsage: 152705672 (gauge)
[clickhouse-builder-0.clickhouse-builder.ch-builder.svc.cluster.local] 2026.05.13 01:32:03 [ 0 ] MemoryTrackerPeakUsage: 249589362 (gauge)
[clickhouse-builder-0.clickhouse-builder.ch-builder.svc.cluster.local] 2026.05.13 01:32:03 [ 0 ] ReadCompressedBytes: 16067578 (increment)
[clickhouse-builder-0.clickhouse-builder.ch-builder.svc.cluster.local] 2026.05.13 01:32:03 [ 0 ] CompressedReadBufferBlocks: 44 (increment)
[clickhouse-builder-0.clickhouse-builder.ch-builder.svc.cluster.local] 2026.05.13 01:32:03 [ 0 ] CompressedReadBufferBytes: 16045942 (increment)
[clickhouse-builder-0.clickhouse-builder.ch-builder.svc.cluster.local] 2026.05.13 01:32:03 [ 0 ] NetworkReceiveElapsedMicroseconds: 2 (increment)
[clickhouse-builder-0.clickhouse-builder.ch-builder.svc.cluster.local] 2026.05.13 01:32:03 [ 0 ] NetworkSendElapsedMicroseconds: 38 (increment)
[clickhouse-builder-0.clickhouse-builder.ch-builder.svc.cluster.local] 2026.05.13 01:32:03 [ 0 ] NetworkSendBytes: 3859 (increment)
[clickhouse-builder-0.clickhouse-builder.ch-builder.svc.cluster.local] 2026.05.13 01:32:03 [ 0 ] SelectedRows: 110370 (increment)
[clickhouse-builder-0.clickhouse-builder.ch-builder.svc.cluster.local] 2026.05.13 01:32:03 [ 0 ] SelectedBytes: 16003650 (increment)
[clickhouse-builder-0.clickhouse-builder.ch-builder.svc.cluster.local] 2026.05.13 01:32:03 [ 0 ] RowsReadByMainReader: 110370 (increment)
[clickhouse-builder-0.clickhouse-builder.ch-builder.svc.cluster.local] 2026.05.13 01:32:03 [ 0 ] RealTimeMicroseconds: 2923881 (increment)
[clickhouse-builder-0.clickhouse-builder.ch-builder.svc.cluster.local] 2026.05.13 01:32:03 [ 0 ] UserTimeMicroseconds: 34292 (increment)
[clickhouse-builder-0.clickhouse-builder.ch-builder.svc.cluster.local] 2026.05.13 01:32:03 [ 0 ] SystemTimeMicroseconds: 21503 (increment)
[clickhouse-builder-0.clickhouse-builder.ch-builder.svc.cluster.local] 2026.05.13 01:32:03 [ 0 ] SoftPageFaults: 85 (increment)
[clickhouse-builder-0.clickhouse-builder.ch-builder.svc.cluster.local] 2026.05.13 01:32:03 [ 0 ] OSCPUWaitMicroseconds: 172 (increment)
[clickhouse-builder-0.clickhouse-builder.ch-builder.svc.cluster.local] 2026.05.13 01:32:03 [ 0 ] OSCPUVirtualTimeMicroseconds: 55792 (increment)
[clickhouse-builder-0.clickhouse-builder.ch-builder.svc.cluster.local] 2026.05.13 01:32:03 [ 0 ] OSReadChars: 14459125 (increment)
[clickhouse-builder-0.clickhouse-builder.ch-builder.svc.cluster.local] 2026.05.13 01:32:03 [ 0 ] OSWriteChars: 12726 (increment)
[clickhouse-builder-0.clickhouse-builder.ch-builder.svc.cluster.local] 2026.05.13 01:32:03 [ 0 ] S3ReadMicroseconds: 125200 (increment)
[clickhouse-builder-0.clickhouse-builder.ch-builder.svc.cluster.local] 2026.05.13 01:32:03 [ 0 ] S3ReadRequestsCount: 1 (increment)
[clickhouse-builder-0.clickhouse-builder.ch-builder.svc.cluster.local] 2026.05.13 01:32:03 [ 0 ] DiskS3ReadMicroseconds: 125200 (increment)
[clickhouse-builder-0.clickhouse-builder.ch-builder.svc.cluster.local] 2026.05.13 01:32:03 [ 0 ] DiskS3ReadRequestsCount: 1 (increment)
[clickhouse-builder-0.clickhouse-builder.ch-builder.svc.cluster.local] 2026.05.13 01:32:03 [ 0 ] S3GetObject: 1 (increment)
[clickhouse-builder-0.clickhouse-builder.ch-builder.svc.cluster.local] 2026.05.13 01:32:03 [ 0 ] DiskS3GetObject: 1 (increment)
[clickhouse-builder-0.clickhouse-builder.ch-builder.svc.cluster.local] 2026.05.13 01:32:03 [ 0 ] ReadBufferFromS3Microseconds: 952312 (increment)
[clickhouse-builder-0.clickhouse-builder.ch-builder.svc.cluster.local] 2026.05.13 01:32:03 [ 0 ] ReadBufferFromS3InitMicroseconds: 125669 (increment)
[clickhouse-builder-0.clickhouse-builder.ch-builder.svc.cluster.local] 2026.05.13 01:32:03 [ 0 ] ReadBufferFromS3Bytes: 15512245 (increment)
[clickhouse-builder-0.clickhouse-builder.ch-builder.svc.cluster.local] 2026.05.13 01:32:03 [ 0 ] MemoryAllocatedWithoutCheck: 14 (increment)
[clickhouse-builder-0.clickhouse-builder.ch-builder.svc.cluster.local] 2026.05.13 01:32:03 [ 0 ] MemoryAllocatedWithoutCheckBytes: 24640 (increment)
[clickhouse-builder-0.clickhouse-builder.ch-builder.svc.cluster.local] 2026.05.13 01:32:03 [ 0 ] InterfaceNativeSendBytes: 3859 (increment)
[clickhouse-builder-0.clickhouse-builder.ch-builder.svc.cluster.local] 2026.05.13 01:32:03 [ 0 ] DiskConnectionsReused: 1 (increment)
[clickhouse-builder-0.clickhouse-builder.ch-builder.svc.cluster.local] 2026.05.13 01:32:03 [ 0 ] DiskConnectionsPreserved: 7 (increment)
[clickhouse-builder-0.clickhouse-builder.ch-builder.svc.cluster.local] 2026.05.13 01:32:03 [ 0 ] MemoryTrackerUsage: 136257162 (gauge)
[clickhouse-builder-0.clickhouse-builder.ch-builder.svc.cluster.local] 2026.05.13 01:32:03 [ 0 ] MemoryTrackerPeakUsage: 249589362 (gauge)
[clickhouse-builder-0.clickhouse-builder.ch-builder.svc.cluster.local] 2026.05.13 01:32:03 [ 0 ] ReadCompressedBytes: 20229516 (increment)
[clickhouse-builder-0.clickhouse-builder.ch-builder.svc.cluster.local] 2026.05.13 01:32:03 [ 0 ] CompressedReadBufferBlocks: 61 (increment)
[clickhouse-builder-0.clickhouse-builder.ch-builder.svc.cluster.local] 2026.05.13 01:32:03 [ 0 ] CompressedReadBufferBytes: 20385526 (increment)
[clickhouse-builder-0.clickhouse-builder.ch-builder.svc.cluster.local] 2026.05.13 01:32:03 [ 0 ] NetworkReceiveElapsedMicroseconds: 1 (increment)
[clickhouse-builder-0.clickhouse-builder.ch-builder.svc.cluster.local] 2026.05.13 01:32:03 [ 0 ] NetworkSendElapsedMicroseconds: 22 (increment)
[clickhouse-builder-0.clickhouse-builder.ch-builder.svc.cluster.local] 2026.05.13 01:32:03 [ 0 ] NetworkSendBytes: 3859 (increment)
[clickhouse-builder-0.clickhouse-builder.ch-builder.svc.cluster.local] 2026.05.13 01:32:03 [ 0 ] SelectedRows: 137105 (increment)
[clickhouse-builder-0.clickhouse-builder.ch-builder.svc.cluster.local] 2026.05.13 01:32:03 [ 0 ] SelectedBytes: 19880225 (increment)
[clickhouse-builder-0.clickhouse-builder.ch-builder.svc.cluster.local] 2026.05.13 01:32:03 [ 0 ] RowsReadByMainReader: 137105 (increment)
[clickhouse-builder-0.clickhouse-builder.ch-builder.svc.cluster.local] 2026.05.13 01:32:03 [ 0 ] RealTimeMicroseconds: 330444 (increment)
[clickhouse-builder-0.clickhouse-builder.ch-builder.svc.cluster.local] 2026.05.13 01:32:03 [ 0 ] UserTimeMicroseconds: 38752 (increment)
[clickhouse-builder-0.clickhouse-builder.ch-builder.svc.cluster.local] 2026.05.13 01:32:03 [ 0 ] SystemTimeMicroseconds: 19254 (increment)
[clickhouse-builder-0.clickhouse-builder.ch-builder.svc.cluster.local] 2026.05.13 01:32:03 [ 0 ] SoftPageFaults: 259 (increment)
[clickhouse-builder-0.clickhouse-builder.ch-builder.svc.cluster.local] 2026.05.13 01:32:03 [ 0 ] OSCPUWaitMicroseconds: 15 (increment)
[clickhouse-builder-0.clickhouse-builder.ch-builder.svc.cluster.local] 2026.05.13 01:32:03 [ 0 ] OSCPUVirtualTimeMicroseconds: 58001 (increment)
[clickhouse-builder-0.clickhouse-builder.ch-builder.svc.cluster.local] 2026.05.13 01:32:03 [ 0 ] OSReadChars: 18018301 (increment)
[clickhouse-builder-0.clickhouse-builder.ch-builder.svc.cluster.local] 2026.05.13 01:32:03 [ 0 ] OSWriteChars: 915 (increment)
[clickhouse-builder-0.clickhouse-builder.ch-builder.svc.cluster.local] 2026.05.13 01:32:03 [ 0 ] ReadBufferFromS3Microseconds: 283466 (increment)
[clickhouse-builder-0.clickhouse-builder.ch-builder.svc.cluster.local] 2026.05.13 01:32:03 [ 0 ] ReadBufferFromS3Bytes: 16697436 (increment)
[clickhouse-builder-0.clickhouse-builder.ch-builder.svc.cluster.local] 2026.05.13 01:32:03 [ 0 ] MemoryAllocatedWithoutCheck: 10 (increment)
[clickhouse-builder-0.clickhouse-builder.ch-builder.svc.cluster.local] 2026.05.13 01:32:03 [ 0 ] MemoryAllocatedWithoutCheckBytes: 17600 (increment)
[clickhouse-builder-0.clickhouse-builder.ch-builder.svc.cluster.local] 2026.05.13 01:32:03 [ 0 ] InterfaceNativeSendBytes: 3859 (increment)
[clickhouse-builder-0.clickhouse-builder.ch-builder.svc.cluster.local] 2026.05.13 01:32:03 [ 0 ] DiskConnectionsPreserved: 5 (increment)
[clickhouse-builder-0.clickhouse-builder.ch-builder.svc.cluster.local] 2026.05.13 01:32:03 [ 0 ] MemoryTrackerUsage: 136175771 (gauge)
[clickhouse-builder-0.clickhouse-builder.ch-builder.svc.cluster.local] 2026.05.13 01:32:03 [ 0 ] MemoryTrackerPeakUsage: 249589362 (gauge)
[clickhouse-builder-0.clickhouse-builder.ch-builder.svc.cluster.local] 2026.05.13 01:32:03 [ 0 ] ReadCompressedBytes: 5684096 (increment)
[clickhouse-builder-0.clickhouse-builder.ch-builder.svc.cluster.local] 2026.05.13 01:32:03 [ 0 ] CompressedReadBufferBlocks: 17 (increment)
[clickhouse-builder-0.clickhouse-builder.ch-builder.svc.cluster.local] 2026.05.13 01:32:03 [ 0 ] CompressedReadBufferBytes: 5705462 (increment)
[clickhouse-builder-0.clickhouse-builder.ch-builder.svc.cluster.local] 2026.05.13 01:32:03 [ 0 ] NetworkSendElapsedMicroseconds: 36 (increment)
[clickhouse-builder-0.clickhouse-builder.ch-builder.svc.cluster.local] 2026.05.13 01:32:03 [ 0 ] NetworkSendBytes: 2987 (increment)
[clickhouse-builder-0.clickhouse-builder.ch-builder.svc.cluster.local] 2026.05.13 01:32:03 [ 0 ] SelectedRows: 38801 (increment)
[clickhouse-builder-0.clickhouse-builder.ch-builder.svc.cluster.local] 2026.05.13 01:32:03 [ 0 ] SelectedBytes: 5626145 (increment)
[clickhouse-builder-0.clickhouse-builder.ch-builder.svc.cluster.local] 2026.05.13 01:32:03 [ 0 ] RowsReadByMainReader: 38801 (increment)
[clickhouse-builder-0.clickhouse-builder.ch-builder.svc.cluster.local] 2026.05.13 01:32:03 [ 0 ] RealTimeMicroseconds: 27456769 (increment)
[clickhouse-builder-0.clickhouse-builder.ch-builder.svc.cluster.local] 2026.05.13 01:32:03 [ 0 ] UserTimeMicroseconds: 134775 (increment)
[clickhouse-builder-0.clickhouse-builder.ch-builder.svc.cluster.local] 2026.05.13 01:32:03 [ 0 ] SystemTimeMicroseconds: 44095 (increment)
[clickhouse-builder-0.clickhouse-builder.ch-builder.svc.cluster.local] 2026.05.13 01:32:03 [ 0 ] SoftPageFaults: 450 (increment)
[clickhouse-builder-0.clickhouse-builder.ch-builder.svc.cluster.local] 2026.05.13 01:32:03 [ 0 ] OSCPUWaitMicroseconds: 13 (increment)
[clickhouse-builder-0.clickhouse-builder.ch-builder.svc.cluster.local] 2026.05.13 01:32:03 [ 0 ] OSCPUVirtualTimeMicroseconds: 178846 (increment)
[clickhouse-builder-0.clickhouse-builder.ch-builder.svc.cluster.local] 2026.05.13 01:32:03 [ 0 ] OSReadChars: 38040570 (increment)
[clickhouse-builder-0.clickhouse-builder.ch-builder.svc.cluster.local] 2026.05.13 01:32:03 [ 0 ] OSWriteChars: 8 (increment)
[clickhouse-builder-0.clickhouse-builder.ch-builder.svc.cluster.local] 2026.05.13 01:32:03 [ 0 ] ReadBufferFromS3Microseconds: 34624 (increment)
[clickhouse-builder-0.clickhouse-builder.ch-builder.svc.cluster.local] 2026.05.13 01:32:03 [ 0 ] ReadBufferFromS3Bytes: 5382206 (increment)
[clickhouse-builder-0.clickhouse-builder.ch-builder.svc.cluster.local] 2026.05.13 01:32:03 [ 0 ] MemoryAllocatedWithoutCheck: 16 (increment)
[clickhouse-builder-0.clickhouse-builder.ch-builder.svc.cluster.local] 2026.05.13 01:32:03 [ 0 ] MemoryAllocatedWithoutCheckBytes: 6270132 (increment)
[clickhouse-builder-0.clickhouse-builder.ch-builder.svc.cluster.local] 2026.05.13 01:32:03 [ 0 ] InterfaceNativeSendBytes: 2987 (increment)
[clickhouse-builder-0.clickhouse-builder.ch-builder.svc.cluster.local] 2026.05.13 01:32:03 [ 0 ] DiskConnectionsPreserved: 4 (increment)
[clickhouse-builder-0.clickhouse-builder.ch-builder.svc.cluster.local] 2026.05.13 01:32:03 [ 0 ] MemoryTrackerUsage: 231813 (gauge)
[clickhouse-builder-0.clickhouse-builder.ch-builder.svc.cluster.local] 2026.05.13 01:32:03 [ 0 ] MemoryTrackerPeakUsage: 249589362 (gauge)
2.921
exit_code=0
