Defaulted container "builder" out of: builder, bootstrap (init)
[clickhouse-builder-0.clickhouse-builder.ch-builder.svc.cluster.local] 2026.05.13 01:32:05 [ 0 ] Query: 1 (increment)
[clickhouse-builder-0.clickhouse-builder.ch-builder.svc.cluster.local] 2026.05.13 01:32:05 [ 0 ] SelectQuery: 1 (increment)
[clickhouse-builder-0.clickhouse-builder.ch-builder.svc.cluster.local] 2026.05.13 01:32:05 [ 0 ] InitialQuery: 1 (increment)
[clickhouse-builder-0.clickhouse-builder.ch-builder.svc.cluster.local] 2026.05.13 01:32:05 [ 0 ] InitialSelectQuery: 1 (increment)
[clickhouse-builder-0.clickhouse-builder.ch-builder.svc.cluster.local] 2026.05.13 01:32:05 [ 0 ] QueriesWithSubqueries: 1 (increment)
[clickhouse-builder-0.clickhouse-builder.ch-builder.svc.cluster.local] 2026.05.13 01:32:05 [ 0 ] SelectQueriesWithSubqueries: 1 (increment)
[clickhouse-builder-0.clickhouse-builder.ch-builder.svc.cluster.local] 2026.05.13 01:32:05 [ 0 ] FileOpen: 69 (increment)
[clickhouse-builder-0.clickhouse-builder.ch-builder.svc.cluster.local] 2026.05.13 01:32:05 [ 0 ] ReadBufferFromFileDescriptorRead: 480 (increment)
[clickhouse-builder-0.clickhouse-builder.ch-builder.svc.cluster.local] 2026.05.13 01:32:05 [ 0 ] ReadBufferFromFileDescriptorReadBytes: 16720 (increment)
[clickhouse-builder-0.clickhouse-builder.ch-builder.svc.cluster.local] 2026.05.13 01:32:05 [ 0 ] OpenedFileCacheHits: 171 (increment)
[clickhouse-builder-0.clickhouse-builder.ch-builder.svc.cluster.local] 2026.05.13 01:32:05 [ 0 ] OpenedFileCacheMisses: 69 (increment)
[clickhouse-builder-0.clickhouse-builder.ch-builder.svc.cluster.local] 2026.05.13 01:32:05 [ 0 ] OpenedFileCacheMicroseconds: 209 (increment)
[clickhouse-builder-0.clickhouse-builder.ch-builder.svc.cluster.local] 2026.05.13 01:32:05 [ 0 ] IOBufferAllocs: 480 (increment)
[clickhouse-builder-0.clickhouse-builder.ch-builder.svc.cluster.local] 2026.05.13 01:32:05 [ 0 ] IOBufferAllocBytes: 150180529 (increment)
[clickhouse-builder-0.clickhouse-builder.ch-builder.svc.cluster.local] 2026.05.13 01:32:05 [ 0 ] MarkCacheHits: 240 (increment)
[clickhouse-builder-0.clickhouse-builder.ch-builder.svc.cluster.local] 2026.05.13 01:32:05 [ 0 ] CreatedReadBufferOrdinary: 240 (increment)
[clickhouse-builder-0.clickhouse-builder.ch-builder.svc.cluster.local] 2026.05.13 01:32:05 [ 0 ] DiskReadElapsedMicroseconds: 536 (increment)
[clickhouse-builder-0.clickhouse-builder.ch-builder.svc.cluster.local] 2026.05.13 01:32:05 [ 0 ] NetworkReceiveElapsedMicroseconds: 2 (increment)
[clickhouse-builder-0.clickhouse-builder.ch-builder.svc.cluster.local] 2026.05.13 01:32:05 [ 0 ] NetworkSendElapsedMicroseconds: 46 (increment)
[clickhouse-builder-0.clickhouse-builder.ch-builder.svc.cluster.local] 2026.05.13 01:32:05 [ 0 ] NetworkSendBytes: 69 (increment)
[clickhouse-builder-0.clickhouse-builder.ch-builder.svc.cluster.local] 2026.05.13 01:32:05 [ 0 ] GlobalThreadPoolLockWaitMicroseconds: 44 (increment)
[clickhouse-builder-0.clickhouse-builder.ch-builder.svc.cluster.local] 2026.05.13 01:32:05 [ 0 ] GlobalThreadPoolJobs: 54 (increment)
[clickhouse-builder-0.clickhouse-builder.ch-builder.svc.cluster.local] 2026.05.13 01:32:05 [ 0 ] LocalThreadPoolExpansions: 53 (increment)
[clickhouse-builder-0.clickhouse-builder.ch-builder.svc.cluster.local] 2026.05.13 01:32:05 [ 0 ] LocalThreadPoolShrinks: 5 (increment)
[clickhouse-builder-0.clickhouse-builder.ch-builder.svc.cluster.local] 2026.05.13 01:32:05 [ 0 ] LocalThreadPoolThreadCreationMicroseconds: 320 (increment)
[clickhouse-builder-0.clickhouse-builder.ch-builder.svc.cluster.local] 2026.05.13 01:32:05 [ 0 ] LocalThreadPoolLockWaitMicroseconds: 3 (increment)
[clickhouse-builder-0.clickhouse-builder.ch-builder.svc.cluster.local] 2026.05.13 01:32:05 [ 0 ] LocalThreadPoolJobs: 53 (increment)
[clickhouse-builder-0.clickhouse-builder.ch-builder.svc.cluster.local] 2026.05.13 01:32:05 [ 0 ] QueryPlanOptimizeMicroseconds: 75 (increment)
[clickhouse-builder-0.clickhouse-builder.ch-builder.svc.cluster.local] 2026.05.13 01:32:05 [ 0 ] IndexAnalysisRounds: 1 (increment)
[clickhouse-builder-0.clickhouse-builder.ch-builder.svc.cluster.local] 2026.05.13 01:32:05 [ 0 ] SelectedParts: 5 (increment)
[clickhouse-builder-0.clickhouse-builder.ch-builder.svc.cluster.local] 2026.05.13 01:32:05 [ 0 ] SelectedPartsTotal: 5 (increment)
[clickhouse-builder-0.clickhouse-builder.ch-builder.svc.cluster.local] 2026.05.13 01:32:05 [ 0 ] SelectedRanges: 5 (increment)
[clickhouse-builder-0.clickhouse-builder.ch-builder.svc.cluster.local] 2026.05.13 01:32:05 [ 0 ] SelectedMarks: 612 (increment)
[clickhouse-builder-0.clickhouse-builder.ch-builder.svc.cluster.local] 2026.05.13 01:32:05 [ 0 ] SelectedMarksTotal: 612 (increment)
[clickhouse-builder-0.clickhouse-builder.ch-builder.svc.cluster.local] 2026.05.13 01:32:05 [ 0 ] FilteringMarksWithPrimaryKeyProcessedMarks: 612 (increment)
[clickhouse-builder-0.clickhouse-builder.ch-builder.svc.cluster.local] 2026.05.13 01:32:05 [ 0 ] FilteringMarksWithPrimaryKeyMicroseconds: 9 (increment)
[clickhouse-builder-0.clickhouse-builder.ch-builder.svc.cluster.local] 2026.05.13 01:32:05 [ 0 ] WaitMarksLoadMicroseconds: 1413 (increment)
[clickhouse-builder-0.clickhouse-builder.ch-builder.svc.cluster.local] 2026.05.13 01:32:05 [ 0 ] ContextLock: 32 (increment)
[clickhouse-builder-0.clickhouse-builder.ch-builder.svc.cluster.local] 2026.05.13 01:32:05 [ 0 ] RWLockAcquiredReadLocks: 1 (increment)
[clickhouse-builder-0.clickhouse-builder.ch-builder.svc.cluster.local] 2026.05.13 01:32:05 [ 0 ] SharedPartsLockHoldMicroseconds: 1 (increment)
[clickhouse-builder-0.clickhouse-builder.ch-builder.svc.cluster.local] 2026.05.13 01:32:05 [ 0 ] SharedPartsLocks: 2 (increment)
[clickhouse-builder-0.clickhouse-builder.ch-builder.svc.cluster.local] 2026.05.13 01:32:05 [ 0 ] RealTimeMicroseconds: 117 (increment)
[clickhouse-builder-0.clickhouse-builder.ch-builder.svc.cluster.local] 2026.05.13 01:32:05 [ 0 ] OSReadChars: 2411 (increment)
[clickhouse-builder-0.clickhouse-builder.ch-builder.svc.cluster.local] 2026.05.13 01:32:05 [ 0 ] S3ReadMicroseconds: 2682591 (increment)
[clickhouse-builder-0.clickhouse-builder.ch-builder.svc.cluster.local] 2026.05.13 01:32:05 [ 0 ] S3ReadRequestsCount: 48 (increment)
[clickhouse-builder-0.clickhouse-builder.ch-builder.svc.cluster.local] 2026.05.13 01:32:05 [ 0 ] DiskS3ReadMicroseconds: 2682591 (increment)
[clickhouse-builder-0.clickhouse-builder.ch-builder.svc.cluster.local] 2026.05.13 01:32:05 [ 0 ] DiskS3ReadRequestsCount: 48 (increment)
[clickhouse-builder-0.clickhouse-builder.ch-builder.svc.cluster.local] 2026.05.13 01:32:05 [ 0 ] S3GetObject: 48 (increment)
[clickhouse-builder-0.clickhouse-builder.ch-builder.svc.cluster.local] 2026.05.13 01:32:05 [ 0 ] DiskS3GetObject: 48 (increment)
[clickhouse-builder-0.clickhouse-builder.ch-builder.svc.cluster.local] 2026.05.13 01:32:05 [ 0 ] ReadBufferFromS3InitMicroseconds: 2695264 (increment)
[clickhouse-builder-0.clickhouse-builder.ch-builder.svc.cluster.local] 2026.05.13 01:32:05 [ 0 ] MemoryAllocatedWithoutCheck: 151 (increment)
[clickhouse-builder-0.clickhouse-builder.ch-builder.svc.cluster.local] 2026.05.13 01:32:05 [ 0 ] MemoryAllocatedWithoutCheckBytes: 704840 (increment)
[clickhouse-builder-0.clickhouse-builder.ch-builder.svc.cluster.local] 2026.05.13 01:32:05 [ 0 ] LogTrace: 4 (increment)
[clickhouse-builder-0.clickhouse-builder.ch-builder.svc.cluster.local] 2026.05.13 01:32:05 [ 0 ] LogDebug: 5 (increment)
[clickhouse-builder-0.clickhouse-builder.ch-builder.svc.cluster.local] 2026.05.13 01:32:05 [ 0 ] LoggerElapsedNanoseconds: 76228 (increment)
[clickhouse-builder-0.clickhouse-builder.ch-builder.svc.cluster.local] 2026.05.13 01:32:05 [ 0 ] InterfaceNativeSendBytes: 69 (increment)
[clickhouse-builder-0.clickhouse-builder.ch-builder.svc.cluster.local] 2026.05.13 01:32:05 [ 0 ] DiskConnectionsReused: 48 (increment)
[clickhouse-builder-0.clickhouse-builder.ch-builder.svc.cluster.local] 2026.05.13 01:32:05 [ 0 ] ConcurrencyControlSlotsGranted: 1 (increment)
[clickhouse-builder-0.clickhouse-builder.ch-builder.svc.cluster.local] 2026.05.13 01:32:05 [ 0 ] ConcurrencyControlSlotsAcquired: 47 (increment)
[clickhouse-builder-0.clickhouse-builder.ch-builder.svc.cluster.local] 2026.05.13 01:32:05 [ 0 ] ConcurrencyControlSlotsAcquiredNonCompeting: 1 (increment)
[clickhouse-builder-0.clickhouse-builder.ch-builder.svc.cluster.local] 2026.05.13 01:32:05 [ 0 ] AsyncLoggingConsoleTotalMessages: 9 (increment)
[clickhouse-builder-0.clickhouse-builder.ch-builder.svc.cluster.local] 2026.05.13 01:32:05 [ 0 ] MemoryTrackerUsage: 174608 (gauge)
[clickhouse-builder-0.clickhouse-builder.ch-builder.svc.cluster.local] 2026.05.13 01:32:05 [ 0 ] MemoryTrackerPeakUsage: 174608 (gauge)
[clickhouse-builder-0.clickhouse-builder.ch-builder.svc.cluster.local] 2026.05.13 01:32:05 [ 0 ] ReadCompressedBytes: 1855296 (increment)
[clickhouse-builder-0.clickhouse-builder.ch-builder.svc.cluster.local] 2026.05.13 01:32:05 [ 0 ] CompressedReadBufferBlocks: 44 (increment)
[clickhouse-builder-0.clickhouse-builder.ch-builder.svc.cluster.local] 2026.05.13 01:32:05 [ 0 ] CompressedReadBufferBytes: 2883584 (increment)
[clickhouse-builder-0.clickhouse-builder.ch-builder.svc.cluster.local] 2026.05.13 01:32:05 [ 0 ] IOBufferAllocs: 44 (increment)
[clickhouse-builder-0.clickhouse-builder.ch-builder.svc.cluster.local] 2026.05.13 01:32:05 [ 0 ] IOBufferAllocBytes: 2889172 (increment)
[clickhouse-builder-0.clickhouse-builder.ch-builder.svc.cluster.local] 2026.05.13 01:32:05 [ 0 ] NetworkSendElapsedMicroseconds: 34 (increment)
[clickhouse-builder-0.clickhouse-builder.ch-builder.svc.cluster.local] 2026.05.13 01:32:05 [ 0 ] NetworkSendBytes: 7300 (increment)
[clickhouse-builder-0.clickhouse-builder.ch-builder.svc.cluster.local] 2026.05.13 01:32:05 [ 0 ] S3ReadMicroseconds: 1007098 (increment)
[clickhouse-builder-0.clickhouse-builder.ch-builder.svc.cluster.local] 2026.05.13 01:32:05 [ 0 ] S3ReadRequestsCount: 44 (increment)
[clickhouse-builder-0.clickhouse-builder.ch-builder.svc.cluster.local] 2026.05.13 01:32:05 [ 0 ] DiskS3ReadMicroseconds: 1007098 (increment)
[clickhouse-builder-0.clickhouse-builder.ch-builder.svc.cluster.local] 2026.05.13 01:32:05 [ 0 ] DiskS3ReadRequestsCount: 44 (increment)
[clickhouse-builder-0.clickhouse-builder.ch-builder.svc.cluster.local] 2026.05.13 01:32:05 [ 0 ] S3GetObject: 44 (increment)
[clickhouse-builder-0.clickhouse-builder.ch-builder.svc.cluster.local] 2026.05.13 01:32:05 [ 0 ] DiskS3GetObject: 44 (increment)
[clickhouse-builder-0.clickhouse-builder.ch-builder.svc.cluster.local] 2026.05.13 01:32:05 [ 0 ] ReadBufferFromS3Microseconds: 5977293 (increment)
[clickhouse-builder-0.clickhouse-builder.ch-builder.svc.cluster.local] 2026.05.13 01:32:05 [ 0 ] ReadBufferFromS3InitMicroseconds: 1009612 (increment)
[clickhouse-builder-0.clickhouse-builder.ch-builder.svc.cluster.local] 2026.05.13 01:32:05 [ 0 ] ReadBufferFromS3Bytes: 4893360 (increment)
[clickhouse-builder-0.clickhouse-builder.ch-builder.svc.cluster.local] 2026.05.13 01:32:05 [ 0 ] MemoryAllocatedWithoutCheck: 88 (increment)
[clickhouse-builder-0.clickhouse-builder.ch-builder.svc.cluster.local] 2026.05.13 01:32:05 [ 0 ] MemoryAllocatedWithoutCheckBytes: 154880 (increment)
[clickhouse-builder-0.clickhouse-builder.ch-builder.svc.cluster.local] 2026.05.13 01:32:05 [ 0 ] InterfaceNativeSendBytes: 7300 (increment)
[clickhouse-builder-0.clickhouse-builder.ch-builder.svc.cluster.local] 2026.05.13 01:32:05 [ 0 ] DiskConnectionsReused: 44 (increment)
[clickhouse-builder-0.clickhouse-builder.ch-builder.svc.cluster.local] 2026.05.13 01:32:05 [ 0 ] DiskConnectionsPreserved: 44 (increment)
[clickhouse-builder-0.clickhouse-builder.ch-builder.svc.cluster.local] 2026.05.13 01:32:05 [ 0 ] MemoryTrackerUsage: 174608 (gauge)
[clickhouse-builder-0.clickhouse-builder.ch-builder.svc.cluster.local] 2026.05.13 01:32:05 [ 0 ] MemoryTrackerPeakUsage: 174608 (gauge)
[clickhouse-builder-0.clickhouse-builder.ch-builder.svc.cluster.local] 2026.05.13 01:32:05 [ 0 ] ReadCompressedBytes: 84322 (increment)
[clickhouse-builder-0.clickhouse-builder.ch-builder.svc.cluster.local] 2026.05.13 01:32:05 [ 0 ] CompressedReadBufferBlocks: 2 (increment)
[clickhouse-builder-0.clickhouse-builder.ch-builder.svc.cluster.local] 2026.05.13 01:32:05 [ 0 ] CompressedReadBufferBytes: 131072 (increment)
[clickhouse-builder-0.clickhouse-builder.ch-builder.svc.cluster.local] 2026.05.13 01:32:05 [ 0 ] IOBufferAllocs: 2 (increment)
[clickhouse-builder-0.clickhouse-builder.ch-builder.svc.cluster.local] 2026.05.13 01:32:05 [ 0 ] IOBufferAllocBytes: 131326 (increment)
[clickhouse-builder-0.clickhouse-builder.ch-builder.svc.cluster.local] 2026.05.13 01:32:05 [ 0 ] NetworkReceiveElapsedMicroseconds: 2 (increment)
[clickhouse-builder-0.clickhouse-builder.ch-builder.svc.cluster.local] 2026.05.13 01:32:05 [ 0 ] NetworkSendElapsedMicroseconds: 34 (increment)
[clickhouse-builder-0.clickhouse-builder.ch-builder.svc.cluster.local] 2026.05.13 01:32:05 [ 0 ] NetworkSendBytes: 2750 (increment)
[clickhouse-builder-0.clickhouse-builder.ch-builder.svc.cluster.local] 2026.05.13 01:32:05 [ 0 ] S3ReadMicroseconds: 3515975 (increment)
[clickhouse-builder-0.clickhouse-builder.ch-builder.svc.cluster.local] 2026.05.13 01:32:05 [ 0 ] S3ReadRequestsCount: 2 (increment)
[clickhouse-builder-0.clickhouse-builder.ch-builder.svc.cluster.local] 2026.05.13 01:32:05 [ 0 ] DiskS3ReadMicroseconds: 3515975 (increment)
[clickhouse-builder-0.clickhouse-builder.ch-builder.svc.cluster.local] 2026.05.13 01:32:05 [ 0 ] DiskS3ReadRequestsCount: 2 (increment)
[clickhouse-builder-0.clickhouse-builder.ch-builder.svc.cluster.local] 2026.05.13 01:32:05 [ 0 ] S3GetObject: 2 (increment)
[clickhouse-builder-0.clickhouse-builder.ch-builder.svc.cluster.local] 2026.05.13 01:32:05 [ 0 ] DiskS3GetObject: 2 (increment)
[clickhouse-builder-0.clickhouse-builder.ch-builder.svc.cluster.local] 2026.05.13 01:32:05 [ 0 ] ReadBufferFromS3Microseconds: 556540 (increment)
[clickhouse-builder-0.clickhouse-builder.ch-builder.svc.cluster.local] 2026.05.13 01:32:05 [ 0 ] ReadBufferFromS3InitMicroseconds: 3521740 (increment)
[clickhouse-builder-0.clickhouse-builder.ch-builder.svc.cluster.local] 2026.05.13 01:32:05 [ 0 ] ReadBufferFromS3Bytes: 210897 (increment)
[clickhouse-builder-0.clickhouse-builder.ch-builder.svc.cluster.local] 2026.05.13 01:32:05 [ 0 ] MemoryAllocatedWithoutCheck: 4 (increment)
[clickhouse-builder-0.clickhouse-builder.ch-builder.svc.cluster.local] 2026.05.13 01:32:05 [ 0 ] MemoryAllocatedWithoutCheckBytes: 7040 (increment)
[clickhouse-builder-0.clickhouse-builder.ch-builder.svc.cluster.local] 2026.05.13 01:32:05 [ 0 ] InterfaceNativeSendBytes: 2750 (increment)
[clickhouse-builder-0.clickhouse-builder.ch-builder.svc.cluster.local] 2026.05.13 01:32:05 [ 0 ] DiskConnectionsReused: 2 (increment)
[clickhouse-builder-0.clickhouse-builder.ch-builder.svc.cluster.local] 2026.05.13 01:32:05 [ 0 ] DiskConnectionsPreserved: 2 (increment)
[clickhouse-builder-0.clickhouse-builder.ch-builder.svc.cluster.local] 2026.05.13 01:32:05 [ 0 ] MemoryTrackerUsage: 174608 (gauge)
[clickhouse-builder-0.clickhouse-builder.ch-builder.svc.cluster.local] 2026.05.13 01:32:05 [ 0 ] MemoryTrackerPeakUsage: 174608 (gauge)
[clickhouse-builder-0.clickhouse-builder.ch-builder.svc.cluster.local] 2026.05.13 01:32:05 [ 0 ] ReadCompressedBytes: 1395406 (increment)
[clickhouse-builder-0.clickhouse-builder.ch-builder.svc.cluster.local] 2026.05.13 01:32:05 [ 0 ] CompressedReadBufferBlocks: 22 (increment)
[clickhouse-builder-0.clickhouse-builder.ch-builder.svc.cluster.local] 2026.05.13 01:32:05 [ 0 ] CompressedReadBufferBytes: 1441792 (increment)
[clickhouse-builder-0.clickhouse-builder.ch-builder.svc.cluster.local] 2026.05.13 01:32:05 [ 0 ] IOBufferAllocs: 2 (increment)
[clickhouse-builder-0.clickhouse-builder.ch-builder.svc.cluster.local] 2026.05.13 01:32:05 [ 0 ] IOBufferAllocBytes: 131326 (increment)
[clickhouse-builder-0.clickhouse-builder.ch-builder.svc.cluster.local] 2026.05.13 01:32:05 [ 0 ] NetworkReceiveElapsedMicroseconds: 1 (increment)
[clickhouse-builder-0.clickhouse-builder.ch-builder.svc.cluster.local] 2026.05.13 01:32:05 [ 0 ] NetworkSendElapsedMicroseconds: 30 (increment)
[clickhouse-builder-0.clickhouse-builder.ch-builder.svc.cluster.local] 2026.05.13 01:32:05 [ 0 ] NetworkSendBytes: 2874 (increment)
[clickhouse-builder-0.clickhouse-builder.ch-builder.svc.cluster.local] 2026.05.13 01:32:05 [ 0 ] S3ReadMicroseconds: 634248 (increment)
[clickhouse-builder-0.clickhouse-builder.ch-builder.svc.cluster.local] 2026.05.13 01:32:05 [ 0 ] S3ReadRequestsCount: 22 (increment)
[clickhouse-builder-0.clickhouse-builder.ch-builder.svc.cluster.local] 2026.05.13 01:32:05 [ 0 ] DiskS3ReadMicroseconds: 634248 (increment)
[clickhouse-builder-0.clickhouse-builder.ch-builder.svc.cluster.local] 2026.05.13 01:32:05 [ 0 ] DiskS3ReadRequestsCount: 22 (increment)
[clickhouse-builder-0.clickhouse-builder.ch-builder.svc.cluster.local] 2026.05.13 01:32:05 [ 0 ] S3GetObject: 22 (increment)
[clickhouse-builder-0.clickhouse-builder.ch-builder.svc.cluster.local] 2026.05.13 01:32:05 [ 0 ] DiskS3GetObject: 22 (increment)
[clickhouse-builder-0.clickhouse-builder.ch-builder.svc.cluster.local] 2026.05.13 01:32:05 [ 0 ] ReadBufferFromS3Microseconds: 5267856 (increment)
[clickhouse-builder-0.clickhouse-builder.ch-builder.svc.cluster.local] 2026.05.13 01:32:05 [ 0 ] ReadBufferFromS3InitMicroseconds: 635515 (increment)
[clickhouse-builder-0.clickhouse-builder.ch-builder.svc.cluster.local] 2026.05.13 01:32:05 [ 0 ] ReadBufferFromS3Bytes: 10152694 (increment)
[clickhouse-builder-0.clickhouse-builder.ch-builder.svc.cluster.local] 2026.05.13 01:32:05 [ 0 ] MemoryAllocatedWithoutCheck: 44 (increment)
[clickhouse-builder-0.clickhouse-builder.ch-builder.svc.cluster.local] 2026.05.13 01:32:05 [ 0 ] MemoryAllocatedWithoutCheckBytes: 77440 (increment)
[clickhouse-builder-0.clickhouse-builder.ch-builder.svc.cluster.local] 2026.05.13 01:32:05 [ 0 ] InterfaceNativeSendBytes: 2874 (increment)
[clickhouse-builder-0.clickhouse-builder.ch-builder.svc.cluster.local] 2026.05.13 01:32:05 [ 0 ] DiskConnectionsReused: 22 (increment)
[clickhouse-builder-0.clickhouse-builder.ch-builder.svc.cluster.local] 2026.05.13 01:32:05 [ 0 ] DiskConnectionsPreserved: 22 (increment)
[clickhouse-builder-0.clickhouse-builder.ch-builder.svc.cluster.local] 2026.05.13 01:32:05 [ 0 ] MemoryTrackerUsage: 174608 (gauge)
[clickhouse-builder-0.clickhouse-builder.ch-builder.svc.cluster.local] 2026.05.13 01:32:05 [ 0 ] MemoryTrackerPeakUsage: 174608 (gauge)
[clickhouse-builder-0.clickhouse-builder.ch-builder.svc.cluster.local] 2026.05.13 01:32:05 [ 0 ] ReadCompressedBytes: 1704586 (increment)
[clickhouse-builder-0.clickhouse-builder.ch-builder.svc.cluster.local] 2026.05.13 01:32:05 [ 0 ] CompressedReadBufferBlocks: 26 (increment)
[clickhouse-builder-0.clickhouse-builder.ch-builder.svc.cluster.local] 2026.05.13 01:32:05 [ 0 ] CompressedReadBufferBytes: 1703936 (increment)
[clickhouse-builder-0.clickhouse-builder.ch-builder.svc.cluster.local] 2026.05.13 01:32:05 [ 0 ] IOBufferAllocs: 3 (increment)
[clickhouse-builder-0.clickhouse-builder.ch-builder.svc.cluster.local] 2026.05.13 01:32:05 [ 0 ] IOBufferAllocBytes: 196797 (increment)
[clickhouse-builder-0.clickhouse-builder.ch-builder.svc.cluster.local] 2026.05.13 01:32:05 [ 0 ] NetworkReceiveElapsedMicroseconds: 2 (increment)
[clickhouse-builder-0.clickhouse-builder.ch-builder.svc.cluster.local] 2026.05.13 01:32:05 [ 0 ] NetworkSendElapsedMicroseconds: 36 (increment)
[clickhouse-builder-0.clickhouse-builder.ch-builder.svc.cluster.local] 2026.05.13 01:32:05 [ 0 ] NetworkSendBytes: 2874 (increment)
[clickhouse-builder-0.clickhouse-builder.ch-builder.svc.cluster.local] 2026.05.13 01:32:05 [ 0 ] S3ReadMicroseconds: 1961710 (increment)
[clickhouse-builder-0.clickhouse-builder.ch-builder.svc.cluster.local] 2026.05.13 01:32:05 [ 0 ] S3ReadRequestsCount: 26 (increment)
[clickhouse-builder-0.clickhouse-builder.ch-builder.svc.cluster.local] 2026.05.13 01:32:05 [ 0 ] DiskS3ReadMicroseconds: 1961710 (increment)
[clickhouse-builder-0.clickhouse-builder.ch-builder.svc.cluster.local] 2026.05.13 01:32:05 [ 0 ] DiskS3ReadRequestsCount: 26 (increment)
[clickhouse-builder-0.clickhouse-builder.ch-builder.svc.cluster.local] 2026.05.13 01:32:05 [ 0 ] S3GetObject: 26 (increment)
[clickhouse-builder-0.clickhouse-builder.ch-builder.svc.cluster.local] 2026.05.13 01:32:05 [ 0 ] DiskS3GetObject: 26 (increment)
[clickhouse-builder-0.clickhouse-builder.ch-builder.svc.cluster.local] 2026.05.13 01:32:05 [ 0 ] ReadBufferFromS3Microseconds: 7069990 (increment)
[clickhouse-builder-0.clickhouse-builder.ch-builder.svc.cluster.local] 2026.05.13 01:32:05 [ 0 ] ReadBufferFromS3InitMicroseconds: 1967523 (increment)
[clickhouse-builder-0.clickhouse-builder.ch-builder.svc.cluster.local] 2026.05.13 01:32:05 [ 0 ] ReadBufferFromS3Bytes: 12653273 (increment)
[clickhouse-builder-0.clickhouse-builder.ch-builder.svc.cluster.local] 2026.05.13 01:32:05 [ 0 ] MemoryAllocatedWithoutCheck: 52 (increment)
[clickhouse-builder-0.clickhouse-builder.ch-builder.svc.cluster.local] 2026.05.13 01:32:05 [ 0 ] MemoryAllocatedWithoutCheckBytes: 91520 (increment)
[clickhouse-builder-0.clickhouse-builder.ch-builder.svc.cluster.local] 2026.05.13 01:32:05 [ 0 ] InterfaceNativeSendBytes: 2874 (increment)
[clickhouse-builder-0.clickhouse-builder.ch-builder.svc.cluster.local] 2026.05.13 01:32:05 [ 0 ] DiskConnectionsReused: 26 (increment)
[clickhouse-builder-0.clickhouse-builder.ch-builder.svc.cluster.local] 2026.05.13 01:32:05 [ 0 ] DiskConnectionsPreserved: 26 (increment)
[clickhouse-builder-0.clickhouse-builder.ch-builder.svc.cluster.local] 2026.05.13 01:32:05 [ 0 ] MemoryTrackerUsage: 174608 (gauge)
[clickhouse-builder-0.clickhouse-builder.ch-builder.svc.cluster.local] 2026.05.13 01:32:05 [ 0 ] MemoryTrackerPeakUsage: 174608 (gauge)
[clickhouse-builder-0.clickhouse-builder.ch-builder.svc.cluster.local] 2026.05.13 01:32:06 [ 0 ] ReadCompressedBytes: 1573464 (increment)
[clickhouse-builder-0.clickhouse-builder.ch-builder.svc.cluster.local] 2026.05.13 01:32:06 [ 0 ] CompressedReadBufferBlocks: 24 (increment)
[clickhouse-builder-0.clickhouse-builder.ch-builder.svc.cluster.local] 2026.05.13 01:32:06 [ 0 ] CompressedReadBufferBytes: 1572864 (increment)
[clickhouse-builder-0.clickhouse-builder.ch-builder.svc.cluster.local] 2026.05.13 01:32:06 [ 0 ] IOBufferAllocs: 20 (increment)
[clickhouse-builder-0.clickhouse-builder.ch-builder.svc.cluster.local] 2026.05.13 01:32:06 [ 0 ] IOBufferAllocBytes: 1311980 (increment)
[clickhouse-builder-0.clickhouse-builder.ch-builder.svc.cluster.local] 2026.05.13 01:32:06 [ 0 ] NetworkReceiveElapsedMicroseconds: 2 (increment)
[clickhouse-builder-0.clickhouse-builder.ch-builder.svc.cluster.local] 2026.05.13 01:32:06 [ 0 ] NetworkSendElapsedMicroseconds: 29 (increment)
[clickhouse-builder-0.clickhouse-builder.ch-builder.svc.cluster.local] 2026.05.13 01:32:06 [ 0 ] NetworkSendBytes: 2874 (increment)
[clickhouse-builder-0.clickhouse-builder.ch-builder.svc.cluster.local] 2026.05.13 01:32:06 [ 0 ] S3ReadMicroseconds: 859080 (increment)
[clickhouse-builder-0.clickhouse-builder.ch-builder.svc.cluster.local] 2026.05.13 01:32:06 [ 0 ] S3ReadRequestsCount: 24 (increment)
[clickhouse-builder-0.clickhouse-builder.ch-builder.svc.cluster.local] 2026.05.13 01:32:06 [ 0 ] DiskS3ReadMicroseconds: 859080 (increment)
[clickhouse-builder-0.clickhouse-builder.ch-builder.svc.cluster.local] 2026.05.13 01:32:06 [ 0 ] DiskS3ReadRequestsCount: 24 (increment)
[clickhouse-builder-0.clickhouse-builder.ch-builder.svc.cluster.local] 2026.05.13 01:32:06 [ 0 ] S3GetObject: 24 (increment)
[clickhouse-builder-0.clickhouse-builder.ch-builder.svc.cluster.local] 2026.05.13 01:32:06 [ 0 ] DiskS3GetObject: 24 (increment)
[clickhouse-builder-0.clickhouse-builder.ch-builder.svc.cluster.local] 2026.05.13 01:32:06 [ 0 ] ReadBufferFromS3Microseconds: 5115945 (increment)
[clickhouse-builder-0.clickhouse-builder.ch-builder.svc.cluster.local] 2026.05.13 01:32:06 [ 0 ] ReadBufferFromS3InitMicroseconds: 861774 (increment)
[clickhouse-builder-0.clickhouse-builder.ch-builder.svc.cluster.local] 2026.05.13 01:32:06 [ 0 ] ReadBufferFromS3Bytes: 7670637 (increment)
[clickhouse-builder-0.clickhouse-builder.ch-builder.svc.cluster.local] 2026.05.13 01:32:06 [ 0 ] MemoryAllocatedWithoutCheck: 48 (increment)
[clickhouse-builder-0.clickhouse-builder.ch-builder.svc.cluster.local] 2026.05.13 01:32:06 [ 0 ] MemoryAllocatedWithoutCheckBytes: 84480 (increment)
[clickhouse-builder-0.clickhouse-builder.ch-builder.svc.cluster.local] 2026.05.13 01:32:06 [ 0 ] InterfaceNativeSendBytes: 2874 (increment)
[clickhouse-builder-0.clickhouse-builder.ch-builder.svc.cluster.local] 2026.05.13 01:32:06 [ 0 ] DiskConnectionsReused: 24 (increment)
[clickhouse-builder-0.clickhouse-builder.ch-builder.svc.cluster.local] 2026.05.13 01:32:06 [ 0 ] DiskConnectionsPreserved: 24 (increment)
[clickhouse-builder-0.clickhouse-builder.ch-builder.svc.cluster.local] 2026.05.13 01:32:06 [ 0 ] MemoryTrackerUsage: 174608 (gauge)
[clickhouse-builder-0.clickhouse-builder.ch-builder.svc.cluster.local] 2026.05.13 01:32:06 [ 0 ] MemoryTrackerPeakUsage: 174608 (gauge)
[clickhouse-builder-0.clickhouse-builder.ch-builder.svc.cluster.local] 2026.05.13 01:32:06 [ 0 ] ReadCompressedBytes: 1376781 (increment)
[clickhouse-builder-0.clickhouse-builder.ch-builder.svc.cluster.local] 2026.05.13 01:32:06 [ 0 ] CompressedReadBufferBlocks: 21 (increment)
[clickhouse-builder-0.clickhouse-builder.ch-builder.svc.cluster.local] 2026.05.13 01:32:06 [ 0 ] CompressedReadBufferBytes: 1376256 (increment)
[clickhouse-builder-0.clickhouse-builder.ch-builder.svc.cluster.local] 2026.05.13 01:32:06 [ 0 ] IOBufferAllocs: 19 (increment)
[clickhouse-builder-0.clickhouse-builder.ch-builder.svc.cluster.local] 2026.05.13 01:32:06 [ 0 ] IOBufferAllocBytes: 1246381 (increment)
[clickhouse-builder-0.clickhouse-builder.ch-builder.svc.cluster.local] 2026.05.13 01:32:06 [ 0 ] NetworkReceiveElapsedMicroseconds: 1 (increment)
[clickhouse-builder-0.clickhouse-builder.ch-builder.svc.cluster.local] 2026.05.13 01:32:06 [ 0 ] NetworkSendElapsedMicroseconds: 36 (increment)
[clickhouse-builder-0.clickhouse-builder.ch-builder.svc.cluster.local] 2026.05.13 01:32:06 [ 0 ] NetworkSendBytes: 2874 (increment)
[clickhouse-builder-0.clickhouse-builder.ch-builder.svc.cluster.local] 2026.05.13 01:32:06 [ 0 ] S3ReadMicroseconds: 2035787 (increment)
[clickhouse-builder-0.clickhouse-builder.ch-builder.svc.cluster.local] 2026.05.13 01:32:06 [ 0 ] S3ReadRequestsCount: 21 (increment)
[clickhouse-builder-0.clickhouse-builder.ch-builder.svc.cluster.local] 2026.05.13 01:32:06 [ 0 ] DiskS3ReadMicroseconds: 2035787 (increment)
[clickhouse-builder-0.clickhouse-builder.ch-builder.svc.cluster.local] 2026.05.13 01:32:06 [ 0 ] DiskS3ReadRequestsCount: 21 (increment)
[clickhouse-builder-0.clickhouse-builder.ch-builder.svc.cluster.local] 2026.05.13 01:32:06 [ 0 ] S3GetObject: 21 (increment)
[clickhouse-builder-0.clickhouse-builder.ch-builder.svc.cluster.local] 2026.05.13 01:32:06 [ 0 ] DiskS3GetObject: 21 (increment)
[clickhouse-builder-0.clickhouse-builder.ch-builder.svc.cluster.local] 2026.05.13 01:32:06 [ 0 ] ReadBufferFromS3Microseconds: 4427095 (increment)
[clickhouse-builder-0.clickhouse-builder.ch-builder.svc.cluster.local] 2026.05.13 01:32:06 [ 0 ] ReadBufferFromS3InitMicroseconds: 2041339 (increment)
[clickhouse-builder-0.clickhouse-builder.ch-builder.svc.cluster.local] 2026.05.13 01:32:06 [ 0 ] ReadBufferFromS3Bytes: 6752783 (increment)
[clickhouse-builder-0.clickhouse-builder.ch-builder.svc.cluster.local] 2026.05.13 01:32:06 [ 0 ] MemoryAllocatedWithoutCheck: 42 (increment)
[clickhouse-builder-0.clickhouse-builder.ch-builder.svc.cluster.local] 2026.05.13 01:32:06 [ 0 ] MemoryAllocatedWithoutCheckBytes: 73920 (increment)
[clickhouse-builder-0.clickhouse-builder.ch-builder.svc.cluster.local] 2026.05.13 01:32:06 [ 0 ] InterfaceNativeSendBytes: 2874 (increment)
[clickhouse-builder-0.clickhouse-builder.ch-builder.svc.cluster.local] 2026.05.13 01:32:06 [ 0 ] DiskConnectionsReused: 21 (increment)
[clickhouse-builder-0.clickhouse-builder.ch-builder.svc.cluster.local] 2026.05.13 01:32:06 [ 0 ] DiskConnectionsPreserved: 21 (increment)
[clickhouse-builder-0.clickhouse-builder.ch-builder.svc.cluster.local] 2026.05.13 01:32:06 [ 0 ] MemoryTrackerUsage: 4918394 (gauge)
[clickhouse-builder-0.clickhouse-builder.ch-builder.svc.cluster.local] 2026.05.13 01:32:06 [ 0 ] MemoryTrackerPeakUsage: 4918394 (gauge)
[clickhouse-builder-0.clickhouse-builder.ch-builder.svc.cluster.local] 2026.05.13 01:32:06 [ 0 ] ReadCompressedBytes: 983415 (increment)
[clickhouse-builder-0.clickhouse-builder.ch-builder.svc.cluster.local] 2026.05.13 01:32:06 [ 0 ] CompressedReadBufferBlocks: 15 (increment)
[clickhouse-builder-0.clickhouse-builder.ch-builder.svc.cluster.local] 2026.05.13 01:32:06 [ 0 ] CompressedReadBufferBytes: 983040 (increment)
[clickhouse-builder-0.clickhouse-builder.ch-builder.svc.cluster.local] 2026.05.13 01:32:06 [ 0 ] IOBufferAllocs: 4 (increment)
[clickhouse-builder-0.clickhouse-builder.ch-builder.svc.cluster.local] 2026.05.13 01:32:06 [ 0 ] IOBufferAllocBytes: 262396 (increment)
[clickhouse-builder-0.clickhouse-builder.ch-builder.svc.cluster.local] 2026.05.13 01:32:06 [ 0 ] NetworkReceiveElapsedMicroseconds: 1 (increment)
[clickhouse-builder-0.clickhouse-builder.ch-builder.svc.cluster.local] 2026.05.13 01:32:06 [ 0 ] NetworkSendElapsedMicroseconds: 27 (increment)
[clickhouse-builder-0.clickhouse-builder.ch-builder.svc.cluster.local] 2026.05.13 01:32:06 [ 0 ] NetworkSendBytes: 2874 (increment)
[clickhouse-builder-0.clickhouse-builder.ch-builder.svc.cluster.local] 2026.05.13 01:32:06 [ 0 ] S3ReadMicroseconds: 844240 (increment)
[clickhouse-builder-0.clickhouse-builder.ch-builder.svc.cluster.local] 2026.05.13 01:32:06 [ 0 ] S3ReadRequestsCount: 15 (increment)
[clickhouse-builder-0.clickhouse-builder.ch-builder.svc.cluster.local] 2026.05.13 01:32:06 [ 0 ] DiskS3ReadMicroseconds: 844240 (increment)
[clickhouse-builder-0.clickhouse-builder.ch-builder.svc.cluster.local] 2026.05.13 01:32:06 [ 0 ] DiskS3ReadRequestsCount: 15 (increment)
[clickhouse-builder-0.clickhouse-builder.ch-builder.svc.cluster.local] 2026.05.13 01:32:06 [ 0 ] S3GetObject: 15 (increment)
[clickhouse-builder-0.clickhouse-builder.ch-builder.svc.cluster.local] 2026.05.13 01:32:06 [ 0 ] DiskS3GetObject: 15 (increment)
[clickhouse-builder-0.clickhouse-builder.ch-builder.svc.cluster.local] 2026.05.13 01:32:06 [ 0 ] ReadBufferFromS3Microseconds: 3345727 (increment)
[clickhouse-builder-0.clickhouse-builder.ch-builder.svc.cluster.local] 2026.05.13 01:32:06 [ 0 ] ReadBufferFromS3InitMicroseconds: 846856 (increment)
[clickhouse-builder-0.clickhouse-builder.ch-builder.svc.cluster.local] 2026.05.13 01:32:06 [ 0 ] ReadBufferFromS3Bytes: 6621661 (increment)
[clickhouse-builder-0.clickhouse-builder.ch-builder.svc.cluster.local] 2026.05.13 01:32:06 [ 0 ] MemoryAllocatedWithoutCheck: 30 (increment)
[clickhouse-builder-0.clickhouse-builder.ch-builder.svc.cluster.local] 2026.05.13 01:32:06 [ 0 ] MemoryAllocatedWithoutCheckBytes: 52800 (increment)
[clickhouse-builder-0.clickhouse-builder.ch-builder.svc.cluster.local] 2026.05.13 01:32:06 [ 0 ] InterfaceNativeSendBytes: 2874 (increment)
[clickhouse-builder-0.clickhouse-builder.ch-builder.svc.cluster.local] 2026.05.13 01:32:06 [ 0 ] DiskConnectionsReused: 15 (increment)
[clickhouse-builder-0.clickhouse-builder.ch-builder.svc.cluster.local] 2026.05.13 01:32:06 [ 0 ] DiskConnectionsPreserved: 15 (increment)
[clickhouse-builder-0.clickhouse-builder.ch-builder.svc.cluster.local] 2026.05.13 01:32:06 [ 0 ] MemoryTrackerUsage: 61453648 (gauge)
[clickhouse-builder-0.clickhouse-builder.ch-builder.svc.cluster.local] 2026.05.13 01:32:06 [ 0 ] MemoryTrackerPeakUsage: 61453648 (gauge)
[clickhouse-builder-0.clickhouse-builder.ch-builder.svc.cluster.local] 2026.05.13 01:32:06 [ 0 ] ReadCompressedBytes: 2032391 (increment)
[clickhouse-builder-0.clickhouse-builder.ch-builder.svc.cluster.local] 2026.05.13 01:32:06 [ 0 ] CompressedReadBufferBlocks: 31 (increment)
[clickhouse-builder-0.clickhouse-builder.ch-builder.svc.cluster.local] 2026.05.13 01:32:06 [ 0 ] CompressedReadBufferBytes: 2031616 (increment)
[clickhouse-builder-0.clickhouse-builder.ch-builder.svc.cluster.local] 2026.05.13 01:32:06 [ 0 ] IOBufferAllocs: 2 (increment)
[clickhouse-builder-0.clickhouse-builder.ch-builder.svc.cluster.local] 2026.05.13 01:32:06 [ 0 ] IOBufferAllocBytes: 131198 (increment)
[clickhouse-builder-0.clickhouse-builder.ch-builder.svc.cluster.local] 2026.05.13 01:32:06 [ 0 ] NetworkReceiveElapsedMicroseconds: 1 (increment)
[clickhouse-builder-0.clickhouse-builder.ch-builder.svc.cluster.local] 2026.05.13 01:32:06 [ 0 ] NetworkSendElapsedMicroseconds: 26 (increment)
[clickhouse-builder-0.clickhouse-builder.ch-builder.svc.cluster.local] 2026.05.13 01:32:06 [ 0 ] NetworkSendBytes: 2874 (increment)
[clickhouse-builder-0.clickhouse-builder.ch-builder.svc.cluster.local] 2026.05.13 01:32:06 [ 0 ] S3ReadMicroseconds: 1299975 (increment)
[clickhouse-builder-0.clickhouse-builder.ch-builder.svc.cluster.local] 2026.05.13 01:32:06 [ 0 ] S3ReadRequestsCount: 31 (increment)
[clickhouse-builder-0.clickhouse-builder.ch-builder.svc.cluster.local] 2026.05.13 01:32:06 [ 0 ] DiskS3ReadMicroseconds: 1299975 (increment)
[clickhouse-builder-0.clickhouse-builder.ch-builder.svc.cluster.local] 2026.05.13 01:32:06 [ 0 ] DiskS3ReadRequestsCount: 31 (increment)
[clickhouse-builder-0.clickhouse-builder.ch-builder.svc.cluster.local] 2026.05.13 01:32:06 [ 0 ] S3GetObject: 31 (increment)
[clickhouse-builder-0.clickhouse-builder.ch-builder.svc.cluster.local] 2026.05.13 01:32:06 [ 0 ] DiskS3GetObject: 31 (increment)
[clickhouse-builder-0.clickhouse-builder.ch-builder.svc.cluster.local] 2026.05.13 01:32:06 [ 0 ] ReadBufferFromS3Microseconds: 7494213 (increment)
[clickhouse-builder-0.clickhouse-builder.ch-builder.svc.cluster.local] 2026.05.13 01:32:06 [ 0 ] ReadBufferFromS3InitMicroseconds: 1302867 (increment)
[clickhouse-builder-0.clickhouse-builder.ch-builder.svc.cluster.local] 2026.05.13 01:32:06 [ 0 ] ReadBufferFromS3Bytes: 15734640 (increment)
[clickhouse-builder-0.clickhouse-builder.ch-builder.svc.cluster.local] 2026.05.13 01:32:06 [ 0 ] MemoryAllocatedWithoutCheck: 62 (increment)
[clickhouse-builder-0.clickhouse-builder.ch-builder.svc.cluster.local] 2026.05.13 01:32:06 [ 0 ] MemoryAllocatedWithoutCheckBytes: 109120 (increment)
[clickhouse-builder-0.clickhouse-builder.ch-builder.svc.cluster.local] 2026.05.13 01:32:06 [ 0 ] InterfaceNativeSendBytes: 2874 (increment)
[clickhouse-builder-0.clickhouse-builder.ch-builder.svc.cluster.local] 2026.05.13 01:32:06 [ 0 ] DiskConnectionsReused: 31 (increment)
[clickhouse-builder-0.clickhouse-builder.ch-builder.svc.cluster.local] 2026.05.13 01:32:06 [ 0 ] DiskConnectionsPreserved: 31 (increment)
[clickhouse-builder-0.clickhouse-builder.ch-builder.svc.cluster.local] 2026.05.13 01:32:06 [ 0 ] MemoryTrackerUsage: 214352556 (gauge)
[clickhouse-builder-0.clickhouse-builder.ch-builder.svc.cluster.local] 2026.05.13 01:32:06 [ 0 ] MemoryTrackerPeakUsage: 214352556 (gauge)
[clickhouse-builder-0.clickhouse-builder.ch-builder.svc.cluster.local] 2026.05.13 01:32:06 [ 0 ] ReadCompressedBytes: 8628050 (increment)
[clickhouse-builder-0.clickhouse-builder.ch-builder.svc.cluster.local] 2026.05.13 01:32:06 [ 0 ] CompressedReadBufferBlocks: 27 (increment)
[clickhouse-builder-0.clickhouse-builder.ch-builder.svc.cluster.local] 2026.05.13 01:32:06 [ 0 ] CompressedReadBufferBytes: 8650752 (increment)
[clickhouse-builder-0.clickhouse-builder.ch-builder.svc.cluster.local] 2026.05.13 01:32:06 [ 0 ] NetworkReceiveElapsedMicroseconds: 1 (increment)
[clickhouse-builder-0.clickhouse-builder.ch-builder.svc.cluster.local] 2026.05.13 01:32:06 [ 0 ] NetworkSendElapsedMicroseconds: 24 (increment)
[clickhouse-builder-0.clickhouse-builder.ch-builder.svc.cluster.local] 2026.05.13 01:32:06 [ 0 ] NetworkSendBytes: 2879 (increment)
[clickhouse-builder-0.clickhouse-builder.ch-builder.svc.cluster.local] 2026.05.13 01:32:06 [ 0 ] SelectedRows: 57344 (increment)
[clickhouse-builder-0.clickhouse-builder.ch-builder.svc.cluster.local] 2026.05.13 01:32:06 [ 0 ] SelectedBytes: 8314880 (increment)
[clickhouse-builder-0.clickhouse-builder.ch-builder.svc.cluster.local] 2026.05.13 01:32:06 [ 0 ] RowsReadByMainReader: 57344 (increment)
[clickhouse-builder-0.clickhouse-builder.ch-builder.svc.cluster.local] 2026.05.13 01:32:06 [ 0 ] RealTimeMicroseconds: 2992885 (increment)
[clickhouse-builder-0.clickhouse-builder.ch-builder.svc.cluster.local] 2026.05.13 01:32:06 [ 0 ] UserTimeMicroseconds: 17781 (increment)
[clickhouse-builder-0.clickhouse-builder.ch-builder.svc.cluster.local] 2026.05.13 01:32:06 [ 0 ] SystemTimeMicroseconds: 39445 (increment)
[clickhouse-builder-0.clickhouse-builder.ch-builder.svc.cluster.local] 2026.05.13 01:32:06 [ 0 ] SoftPageFaults: 3153 (increment)
[clickhouse-builder-0.clickhouse-builder.ch-builder.svc.cluster.local] 2026.05.13 01:32:06 [ 0 ] OSCPUWaitMicroseconds: 18 (increment)
[clickhouse-builder-0.clickhouse-builder.ch-builder.svc.cluster.local] 2026.05.13 01:32:06 [ 0 ] OSCPUVirtualTimeMicroseconds: 57223 (increment)
[clickhouse-builder-0.clickhouse-builder.ch-builder.svc.cluster.local] 2026.05.13 01:32:06 [ 0 ] OSReadChars: 12361759 (increment)
[clickhouse-builder-0.clickhouse-builder.ch-builder.svc.cluster.local] 2026.05.13 01:32:06 [ 0 ] OSWriteChars: 13820 (increment)
[clickhouse-builder-0.clickhouse-builder.ch-builder.svc.cluster.local] 2026.05.13 01:32:06 [ 0 ] S3ReadMicroseconds: 2024706 (increment)
[clickhouse-builder-0.clickhouse-builder.ch-builder.svc.cluster.local] 2026.05.13 01:32:06 [ 0 ] S3ReadRequestsCount: 3 (increment)
[clickhouse-builder-0.clickhouse-builder.ch-builder.svc.cluster.local] 2026.05.13 01:32:06 [ 0 ] DiskS3ReadMicroseconds: 2024706 (increment)
[clickhouse-builder-0.clickhouse-builder.ch-builder.svc.cluster.local] 2026.05.13 01:32:06 [ 0 ] DiskS3ReadRequestsCount: 3 (increment)
[clickhouse-builder-0.clickhouse-builder.ch-builder.svc.cluster.local] 2026.05.13 01:32:06 [ 0 ] S3GetObject: 3 (increment)
[clickhouse-builder-0.clickhouse-builder.ch-builder.svc.cluster.local] 2026.05.13 01:32:06 [ 0 ] DiskS3GetObject: 3 (increment)
[clickhouse-builder-0.clickhouse-builder.ch-builder.svc.cluster.local] 2026.05.13 01:32:06 [ 0 ] ReadBufferFromS3Microseconds: 1583473 (increment)
[clickhouse-builder-0.clickhouse-builder.ch-builder.svc.cluster.local] 2026.05.13 01:32:06 [ 0 ] ReadBufferFromS3InitMicroseconds: 2029060 (increment)
[clickhouse-builder-0.clickhouse-builder.ch-builder.svc.cluster.local] 2026.05.13 01:32:06 [ 0 ] ReadBufferFromS3Bytes: 12059224 (increment)
[clickhouse-builder-0.clickhouse-builder.ch-builder.svc.cluster.local] 2026.05.13 01:32:06 [ 0 ] MemoryAllocatedWithoutCheck: 6 (increment)
[clickhouse-builder-0.clickhouse-builder.ch-builder.svc.cluster.local] 2026.05.13 01:32:06 [ 0 ] MemoryAllocatedWithoutCheckBytes: 10560 (increment)
[clickhouse-builder-0.clickhouse-builder.ch-builder.svc.cluster.local] 2026.05.13 01:32:06 [ 0 ] InterfaceNativeSendBytes: 2879 (increment)
[clickhouse-builder-0.clickhouse-builder.ch-builder.svc.cluster.local] 2026.05.13 01:32:06 [ 0 ] DiskConnectionsReused: 3 (increment)
[clickhouse-builder-0.clickhouse-builder.ch-builder.svc.cluster.local] 2026.05.13 01:32:06 [ 0 ] DiskConnectionsPreserved: 3 (increment)
[clickhouse-builder-0.clickhouse-builder.ch-builder.svc.cluster.local] 2026.05.13 01:32:06 [ 0 ] MemoryTrackerUsage: 234249539 (gauge)
[clickhouse-builder-0.clickhouse-builder.ch-builder.svc.cluster.local] 2026.05.13 01:32:06 [ 0 ] MemoryTrackerPeakUsage: 238753272 (gauge)
[clickhouse-builder-0.clickhouse-builder.ch-builder.svc.cluster.local] 2026.05.13 01:32:06 [ 0 ] FileOpen: 5 (increment)
[clickhouse-builder-0.clickhouse-builder.ch-builder.svc.cluster.local] 2026.05.13 01:32:06 [ 0 ] ReadBufferFromFileDescriptorRead: 10 (increment)
[clickhouse-builder-0.clickhouse-builder.ch-builder.svc.cluster.local] 2026.05.13 01:32:06 [ 0 ] ReadBufferFromFileDescriptorReadBytes: 349 (increment)
[clickhouse-builder-0.clickhouse-builder.ch-builder.svc.cluster.local] 2026.05.13 01:32:06 [ 0 ] ReadCompressedBytes: 16839569 (increment)
[clickhouse-builder-0.clickhouse-builder.ch-builder.svc.cluster.local] 2026.05.13 01:32:06 [ 0 ] CompressedReadBufferBlocks: 48 (increment)
[clickhouse-builder-0.clickhouse-builder.ch-builder.svc.cluster.local] 2026.05.13 01:32:06 [ 0 ] CompressedReadBufferBytes: 16908288 (increment)
[clickhouse-builder-0.clickhouse-builder.ch-builder.svc.cluster.local] 2026.05.13 01:32:06 [ 0 ] OpenedFileCacheMisses: 5 (increment)
[clickhouse-builder-0.clickhouse-builder.ch-builder.svc.cluster.local] 2026.05.13 01:32:06 [ 0 ] OpenedFileCacheMicroseconds: 3 (increment)
[clickhouse-builder-0.clickhouse-builder.ch-builder.svc.cluster.local] 2026.05.13 01:32:06 [ 0 ] IOBufferAllocs: 10 (increment)
[clickhouse-builder-0.clickhouse-builder.ch-builder.svc.cluster.local] 2026.05.13 01:32:06 [ 0 ] IOBufferAllocBytes: 2641109 (increment)
[clickhouse-builder-0.clickhouse-builder.ch-builder.svc.cluster.local] 2026.05.13 01:32:06 [ 0 ] MarkCacheHits: 5 (increment)
[clickhouse-builder-0.clickhouse-builder.ch-builder.svc.cluster.local] 2026.05.13 01:32:06 [ 0 ] CreatedReadBufferOrdinary: 5 (increment)
[clickhouse-builder-0.clickhouse-builder.ch-builder.svc.cluster.local] 2026.05.13 01:32:06 [ 0 ] DiskReadElapsedMicroseconds: 8 (increment)
[clickhouse-builder-0.clickhouse-builder.ch-builder.svc.cluster.local] 2026.05.13 01:32:06 [ 0 ] NetworkReceiveElapsedMicroseconds: 1 (increment)
[clickhouse-builder-0.clickhouse-builder.ch-builder.svc.cluster.local] 2026.05.13 01:32:06 [ 0 ] NetworkSendElapsedMicroseconds: 30 (increment)
[clickhouse-builder-0.clickhouse-builder.ch-builder.svc.cluster.local] 2026.05.13 01:32:06 [ 0 ] NetworkSendBytes: 3859 (increment)
[clickhouse-builder-0.clickhouse-builder.ch-builder.svc.cluster.local] 2026.05.13 01:32:06 [ 0 ] SelectedRows: 114688 (increment)
[clickhouse-builder-0.clickhouse-builder.ch-builder.svc.cluster.local] 2026.05.13 01:32:06 [ 0 ] SelectedBytes: 16629760 (increment)
[clickhouse-builder-0.clickhouse-builder.ch-builder.svc.cluster.local] 2026.05.13 01:32:06 [ 0 ] RowsReadByMainReader: 114688 (increment)
[clickhouse-builder-0.clickhouse-builder.ch-builder.svc.cluster.local] 2026.05.13 01:32:06 [ 0 ] WaitMarksLoadMicroseconds: 16 (increment)
[clickhouse-builder-0.clickhouse-builder.ch-builder.svc.cluster.local] 2026.05.13 01:32:06 [ 0 ] RealTimeMicroseconds: 4478916 (increment)
[clickhouse-builder-0.clickhouse-builder.ch-builder.svc.cluster.local] 2026.05.13 01:32:06 [ 0 ] UserTimeMicroseconds: 39593 (increment)
[clickhouse-builder-0.clickhouse-builder.ch-builder.svc.cluster.local] 2026.05.13 01:32:06 [ 0 ] SystemTimeMicroseconds: 46542 (increment)
[clickhouse-builder-0.clickhouse-builder.ch-builder.svc.cluster.local] 2026.05.13 01:32:06 [ 0 ] SoftPageFaults: 4696 (increment)
[clickhouse-builder-0.clickhouse-builder.ch-builder.svc.cluster.local] 2026.05.13 01:32:06 [ 0 ] OSCPUWaitMicroseconds: 90 (increment)
[clickhouse-builder-0.clickhouse-builder.ch-builder.svc.cluster.local] 2026.05.13 01:32:06 [ 0 ] OSCPUVirtualTimeMicroseconds: 86131 (increment)
[clickhouse-builder-0.clickhouse-builder.ch-builder.svc.cluster.local] 2026.05.13 01:32:06 [ 0 ] OSReadChars: 20661044 (increment)
[clickhouse-builder-0.clickhouse-builder.ch-builder.svc.cluster.local] 2026.05.13 01:32:06 [ 0 ] OSWriteChars: 18405 (increment)
[clickhouse-builder-0.clickhouse-builder.ch-builder.svc.cluster.local] 2026.05.13 01:32:06 [ 0 ] S3ReadMicroseconds: 587033 (increment)
[clickhouse-builder-0.clickhouse-builder.ch-builder.svc.cluster.local] 2026.05.13 01:32:06 [ 0 ] S3ReadRequestsCount: 7 (increment)
[clickhouse-builder-0.clickhouse-builder.ch-builder.svc.cluster.local] 2026.05.13 01:32:06 [ 0 ] DiskS3ReadMicroseconds: 587033 (increment)
[clickhouse-builder-0.clickhouse-builder.ch-builder.svc.cluster.local] 2026.05.13 01:32:06 [ 0 ] DiskS3ReadRequestsCount: 7 (increment)
[clickhouse-builder-0.clickhouse-builder.ch-builder.svc.cluster.local] 2026.05.13 01:32:06 [ 0 ] S3GetObject: 7 (increment)
[clickhouse-builder-0.clickhouse-builder.ch-builder.svc.cluster.local] 2026.05.13 01:32:06 [ 0 ] DiskS3GetObject: 7 (increment)
[clickhouse-builder-0.clickhouse-builder.ch-builder.svc.cluster.local] 2026.05.13 01:32:06 [ 0 ] ReadBufferFromS3Microseconds: 4143358 (increment)
[clickhouse-builder-0.clickhouse-builder.ch-builder.svc.cluster.local] 2026.05.13 01:32:06 [ 0 ] ReadBufferFromS3InitMicroseconds: 588230 (increment)
[clickhouse-builder-0.clickhouse-builder.ch-builder.svc.cluster.local] 2026.05.13 01:32:06 [ 0 ] ReadBufferFromS3Bytes: 25166999 (increment)
[clickhouse-builder-0.clickhouse-builder.ch-builder.svc.cluster.local] 2026.05.13 01:32:06 [ 0 ] MemoryAllocatedWithoutCheck: 14 (increment)
[clickhouse-builder-0.clickhouse-builder.ch-builder.svc.cluster.local] 2026.05.13 01:32:06 [ 0 ] MemoryAllocatedWithoutCheckBytes: 24640 (increment)
[clickhouse-builder-0.clickhouse-builder.ch-builder.svc.cluster.local] 2026.05.13 01:32:06 [ 0 ] InterfaceNativeSendBytes: 3859 (increment)
[clickhouse-builder-0.clickhouse-builder.ch-builder.svc.cluster.local] 2026.05.13 01:32:06 [ 0 ] DiskConnectionsReused: 7 (increment)
[clickhouse-builder-0.clickhouse-builder.ch-builder.svc.cluster.local] 2026.05.13 01:32:06 [ 0 ] DiskConnectionsPreserved: 7 (increment)
[clickhouse-builder-0.clickhouse-builder.ch-builder.svc.cluster.local] 2026.05.13 01:32:06 [ 0 ] MemoryTrackerUsage: 249178632 (gauge)
[clickhouse-builder-0.clickhouse-builder.ch-builder.svc.cluster.local] 2026.05.13 01:32:06 [ 0 ] MemoryTrackerPeakUsage: 254097412 (gauge)
[clickhouse-builder-0.clickhouse-builder.ch-builder.svc.cluster.local] 2026.05.13 01:32:06 [ 0 ] ReadCompressedBytes: 131545349 (increment)
[clickhouse-builder-0.clickhouse-builder.ch-builder.svc.cluster.local] 2026.05.13 01:32:06 [ 0 ] CompressedReadBufferBlocks: 381 (increment)
[clickhouse-builder-0.clickhouse-builder.ch-builder.svc.cluster.local] 2026.05.13 01:32:06 [ 0 ] CompressedReadBufferBytes: 132120576 (increment)
[clickhouse-builder-0.clickhouse-builder.ch-builder.svc.cluster.local] 2026.05.13 01:32:06 [ 0 ] IOBufferAllocs: 1 (increment)
[clickhouse-builder-0.clickhouse-builder.ch-builder.svc.cluster.local] 2026.05.13 01:32:06 [ 0 ] IOBufferAllocBytes: 65663 (increment)
[clickhouse-builder-0.clickhouse-builder.ch-builder.svc.cluster.local] 2026.05.13 01:32:06 [ 0 ] NetworkReceiveElapsedMicroseconds: 2 (increment)
[clickhouse-builder-0.clickhouse-builder.ch-builder.svc.cluster.local] 2026.05.13 01:32:06 [ 0 ] NetworkSendElapsedMicroseconds: 32 (increment)
[clickhouse-builder-0.clickhouse-builder.ch-builder.svc.cluster.local] 2026.05.13 01:32:06 [ 0 ] NetworkSendBytes: 5110 (increment)
[clickhouse-builder-0.clickhouse-builder.ch-builder.svc.cluster.local] 2026.05.13 01:32:06 [ 0 ] SelectedRows: 884736 (increment)
[clickhouse-builder-0.clickhouse-builder.ch-builder.svc.cluster.local] 2026.05.13 01:32:06 [ 0 ] SelectedBytes: 128286720 (increment)
[clickhouse-builder-0.clickhouse-builder.ch-builder.svc.cluster.local] 2026.05.13 01:32:06 [ 0 ] RowsReadByMainReader: 884736 (increment)
[clickhouse-builder-0.clickhouse-builder.ch-builder.svc.cluster.local] 2026.05.13 01:32:06 [ 0 ] RealTimeMicroseconds: 28886549 (increment)
[clickhouse-builder-0.clickhouse-builder.ch-builder.svc.cluster.local] 2026.05.13 01:32:06 [ 0 ] UserTimeMicroseconds: 245800 (increment)
[clickhouse-builder-0.clickhouse-builder.ch-builder.svc.cluster.local] 2026.05.13 01:32:06 [ 0 ] SystemTimeMicroseconds: 361575 (increment)
[clickhouse-builder-0.clickhouse-builder.ch-builder.svc.cluster.local] 2026.05.13 01:32:06 [ 0 ] SoftPageFaults: 16827 (increment)
[clickhouse-builder-0.clickhouse-builder.ch-builder.svc.cluster.local] 2026.05.13 01:32:06 [ 0 ] OSCPUWaitMicroseconds: 1151 (increment)
[clickhouse-builder-0.clickhouse-builder.ch-builder.svc.cluster.local] 2026.05.13 01:32:06 [ 0 ] OSCPUVirtualTimeMicroseconds: 607333 (increment)
[clickhouse-builder-0.clickhouse-builder.ch-builder.svc.cluster.local] 2026.05.13 01:32:06 [ 0 ] OSReadChars: 159610693 (increment)
[clickhouse-builder-0.clickhouse-builder.ch-builder.svc.cluster.local] 2026.05.13 01:32:06 [ 0 ] OSWriteChars: 110543 (increment)
[clickhouse-builder-0.clickhouse-builder.ch-builder.svc.cluster.local] 2026.05.13 01:32:06 [ 0 ] S3ReadMicroseconds: 499424 (increment)
[clickhouse-builder-0.clickhouse-builder.ch-builder.svc.cluster.local] 2026.05.13 01:32:06 [ 0 ] S3ReadRequestsCount: 11 (increment)
[clickhouse-builder-0.clickhouse-builder.ch-builder.svc.cluster.local] 2026.05.13 01:32:06 [ 0 ] DiskS3ReadMicroseconds: 499424 (increment)
[clickhouse-builder-0.clickhouse-builder.ch-builder.svc.cluster.local] 2026.05.13 01:32:06 [ 0 ] DiskS3ReadRequestsCount: 11 (increment)
[clickhouse-builder-0.clickhouse-builder.ch-builder.svc.cluster.local] 2026.05.13 01:32:06 [ 0 ] S3GetObject: 11 (increment)
[clickhouse-builder-0.clickhouse-builder.ch-builder.svc.cluster.local] 2026.05.13 01:32:06 [ 0 ] DiskS3GetObject: 11 (increment)
[clickhouse-builder-0.clickhouse-builder.ch-builder.svc.cluster.local] 2026.05.13 01:32:06 [ 0 ] ReadBufferFromS3Microseconds: 10243704 (increment)
[clickhouse-builder-0.clickhouse-builder.ch-builder.svc.cluster.local] 2026.05.13 01:32:06 [ 0 ] ReadBufferFromS3InitMicroseconds: 500776 (increment)
[clickhouse-builder-0.clickhouse-builder.ch-builder.svc.cluster.local] 2026.05.13 01:32:06 [ 0 ] ReadBufferFromS3Bytes: 133417384 (increment)
[clickhouse-builder-0.clickhouse-builder.ch-builder.svc.cluster.local] 2026.05.13 01:32:06 [ 0 ] MemoryAllocatedWithoutCheck: 22 (increment)
[clickhouse-builder-0.clickhouse-builder.ch-builder.svc.cluster.local] 2026.05.13 01:32:06 [ 0 ] MemoryAllocatedWithoutCheckBytes: 38720 (increment)
[clickhouse-builder-0.clickhouse-builder.ch-builder.svc.cluster.local] 2026.05.13 01:32:06 [ 0 ] InterfaceNativeSendBytes: 5110 (increment)
[clickhouse-builder-0.clickhouse-builder.ch-builder.svc.cluster.local] 2026.05.13 01:32:06 [ 0 ] DiskConnectionsReused: 11 (increment)
[clickhouse-builder-0.clickhouse-builder.ch-builder.svc.cluster.local] 2026.05.13 01:32:06 [ 0 ] DiskConnectionsPreserved: 11 (increment)
[clickhouse-builder-0.clickhouse-builder.ch-builder.svc.cluster.local] 2026.05.13 01:32:06 [ 0 ] MemoryTrackerUsage: 238169172 (gauge)
[clickhouse-builder-0.clickhouse-builder.ch-builder.svc.cluster.local] 2026.05.13 01:32:06 [ 0 ] MemoryTrackerPeakUsage: 260834238 (gauge)
[clickhouse-builder-0.clickhouse-builder.ch-builder.svc.cluster.local] 2026.05.13 01:32:06 [ 0 ] FileOpen: 20 (increment)
[clickhouse-builder-0.clickhouse-builder.ch-builder.svc.cluster.local] 2026.05.13 01:32:06 [ 0 ] ReadBufferFromFileDescriptorRead: 40 (increment)
[clickhouse-builder-0.clickhouse-builder.ch-builder.svc.cluster.local] 2026.05.13 01:32:06 [ 0 ] ReadBufferFromFileDescriptorReadBytes: 1396 (increment)
[clickhouse-builder-0.clickhouse-builder.ch-builder.svc.cluster.local] 2026.05.13 01:32:06 [ 0 ] ReadCompressedBytes: 201979286 (increment)
[clickhouse-builder-0.clickhouse-builder.ch-builder.svc.cluster.local] 2026.05.13 01:32:06 [ 0 ] CompressedReadBufferBlocks: 576 (increment)
[clickhouse-builder-0.clickhouse-builder.ch-builder.svc.cluster.local] 2026.05.13 01:32:06 [ 0 ] CompressedReadBufferBytes: 202899456 (increment)
[clickhouse-builder-0.clickhouse-builder.ch-builder.svc.cluster.local] 2026.05.13 01:32:06 [ 0 ] OpenedFileCacheMisses: 20 (increment)
[clickhouse-builder-0.clickhouse-builder.ch-builder.svc.cluster.local] 2026.05.13 01:32:06 [ 0 ] OpenedFileCacheMicroseconds: 8 (increment)
[clickhouse-builder-0.clickhouse-builder.ch-builder.svc.cluster.local] 2026.05.13 01:32:06 [ 0 ] IOBufferAllocs: 40 (increment)
[clickhouse-builder-0.clickhouse-builder.ch-builder.svc.cluster.local] 2026.05.13 01:32:06 [ 0 ] IOBufferAllocBytes: 10564974 (increment)
[clickhouse-builder-0.clickhouse-builder.ch-builder.svc.cluster.local] 2026.05.13 01:32:06 [ 0 ] MarkCacheHits: 20 (increment)
[clickhouse-builder-0.clickhouse-builder.ch-builder.svc.cluster.local] 2026.05.13 01:32:06 [ 0 ] CreatedReadBufferOrdinary: 20 (increment)
[clickhouse-builder-0.clickhouse-builder.ch-builder.svc.cluster.local] 2026.05.13 01:32:06 [ 0 ] DiskReadElapsedMicroseconds: 56 (increment)
[clickhouse-builder-0.clickhouse-builder.ch-builder.svc.cluster.local] 2026.05.13 01:32:06 [ 0 ] NetworkReceiveElapsedMicroseconds: 1 (increment)
[clickhouse-builder-0.clickhouse-builder.ch-builder.svc.cluster.local] 2026.05.13 01:32:06 [ 0 ] NetworkSendElapsedMicroseconds: 27 (increment)
[clickhouse-builder-0.clickhouse-builder.ch-builder.svc.cluster.local] 2026.05.13 01:32:06 [ 0 ] NetworkSendBytes: 4073 (increment)
[clickhouse-builder-0.clickhouse-builder.ch-builder.svc.cluster.local] 2026.05.13 01:32:06 [ 0 ] SelectedRows: 1384448 (increment)
[clickhouse-builder-0.clickhouse-builder.ch-builder.svc.cluster.local] 2026.05.13 01:32:06 [ 0 ] SelectedBytes: 200744960 (increment)
[clickhouse-builder-0.clickhouse-builder.ch-builder.svc.cluster.local] 2026.05.13 01:32:06 [ 0 ] RowsReadByMainReader: 1384448 (increment)
[clickhouse-builder-0.clickhouse-builder.ch-builder.svc.cluster.local] 2026.05.13 01:32:06 [ 0 ] WaitMarksLoadMicroseconds: 59 (increment)
[clickhouse-builder-0.clickhouse-builder.ch-builder.svc.cluster.local] 2026.05.13 01:32:06 [ 0 ] RealTimeMicroseconds: 16618326 (increment)
[clickhouse-builder-0.clickhouse-builder.ch-builder.svc.cluster.local] 2026.05.13 01:32:06 [ 0 ] UserTimeMicroseconds: 196773 (increment)
[clickhouse-builder-0.clickhouse-builder.ch-builder.svc.cluster.local] 2026.05.13 01:32:06 [ 0 ] SystemTimeMicroseconds: 338095 (increment)
[clickhouse-builder-0.clickhouse-builder.ch-builder.svc.cluster.local] 2026.05.13 01:32:06 [ 0 ] SoftPageFaults: 10967 (increment)
[clickhouse-builder-0.clickhouse-builder.ch-builder.svc.cluster.local] 2026.05.13 01:32:06 [ 0 ] OSCPUWaitMicroseconds: 2476 (increment)
[clickhouse-builder-0.clickhouse-builder.ch-builder.svc.cluster.local] 2026.05.13 01:32:06 [ 0 ] OSCPUVirtualTimeMicroseconds: 534816 (increment)
[clickhouse-builder-0.clickhouse-builder.ch-builder.svc.cluster.local] 2026.05.13 01:32:06 [ 0 ] OSReadChars: 172826418 (increment)
[clickhouse-builder-0.clickhouse-builder.ch-builder.svc.cluster.local] 2026.05.13 01:32:06 [ 0 ] OSWriteChars: 55322 (increment)
[clickhouse-builder-0.clickhouse-builder.ch-builder.svc.cluster.local] 2026.05.13 01:32:06 [ 0 ] S3ReadMicroseconds: 1084336 (increment)
[clickhouse-builder-0.clickhouse-builder.ch-builder.svc.cluster.local] 2026.05.13 01:32:06 [ 0 ] S3ReadRequestsCount: 28 (increment)
[clickhouse-builder-0.clickhouse-builder.ch-builder.svc.cluster.local] 2026.05.13 01:32:06 [ 0 ] DiskS3ReadMicroseconds: 1084336 (increment)
[clickhouse-builder-0.clickhouse-builder.ch-builder.svc.cluster.local] 2026.05.13 01:32:06 [ 0 ] DiskS3ReadRequestsCount: 28 (increment)
[clickhouse-builder-0.clickhouse-builder.ch-builder.svc.cluster.local] 2026.05.13 01:32:06 [ 0 ] S3GetObject: 28 (increment)
[clickhouse-builder-0.clickhouse-builder.ch-builder.svc.cluster.local] 2026.05.13 01:32:06 [ 0 ] DiskS3GetObject: 28 (increment)
[clickhouse-builder-0.clickhouse-builder.ch-builder.svc.cluster.local] 2026.05.13 01:32:06 [ 0 ] ReadBufferFromS3Microseconds: 3850743 (increment)
[clickhouse-builder-0.clickhouse-builder.ch-builder.svc.cluster.local] 2026.05.13 01:32:06 [ 0 ] ReadBufferFromS3InitMicroseconds: 1088633 (increment)
[clickhouse-builder-0.clickhouse-builder.ch-builder.svc.cluster.local] 2026.05.13 01:32:06 [ 0 ] ReadBufferFromS3Bytes: 155858887 (increment)
[clickhouse-builder-0.clickhouse-builder.ch-builder.svc.cluster.local] 2026.05.13 01:32:06 [ 0 ] MemoryAllocatedWithoutCheck: 56 (increment)
[clickhouse-builder-0.clickhouse-builder.ch-builder.svc.cluster.local] 2026.05.13 01:32:06 [ 0 ] MemoryAllocatedWithoutCheckBytes: 98560 (increment)
[clickhouse-builder-0.clickhouse-builder.ch-builder.svc.cluster.local] 2026.05.13 01:32:06 [ 0 ] InterfaceNativeSendBytes: 4073 (increment)
[clickhouse-builder-0.clickhouse-builder.ch-builder.svc.cluster.local] 2026.05.13 01:32:06 [ 0 ] DiskConnectionsReused: 28 (increment)
[clickhouse-builder-0.clickhouse-builder.ch-builder.svc.cluster.local] 2026.05.13 01:32:06 [ 0 ] DiskConnectionsPreserved: 28 (increment)
[clickhouse-builder-0.clickhouse-builder.ch-builder.svc.cluster.local] 2026.05.13 01:32:06 [ 0 ] MemoryTrackerUsage: 218155011 (gauge)
[clickhouse-builder-0.clickhouse-builder.ch-builder.svc.cluster.local] 2026.05.13 01:32:06 [ 0 ] MemoryTrackerPeakUsage: 260834238 (gauge)
[clickhouse-builder-0.clickhouse-builder.ch-builder.svc.cluster.local] 2026.05.13 01:32:06 [ 0 ] FileOpen: 10 (increment)
[clickhouse-builder-0.clickhouse-builder.ch-builder.svc.cluster.local] 2026.05.13 01:32:06 [ 0 ] ReadBufferFromFileDescriptorRead: 20 (increment)
[clickhouse-builder-0.clickhouse-builder.ch-builder.svc.cluster.local] 2026.05.13 01:32:06 [ 0 ] ReadBufferFromFileDescriptorReadBytes: 698 (increment)
[clickhouse-builder-0.clickhouse-builder.ch-builder.svc.cluster.local] 2026.05.13 01:32:06 [ 0 ] ReadCompressedBytes: 50546340 (increment)
[clickhouse-builder-0.clickhouse-builder.ch-builder.svc.cluster.local] 2026.05.13 01:32:06 [ 0 ] CompressedReadBufferBlocks: 148 (increment)
[clickhouse-builder-0.clickhouse-builder.ch-builder.svc.cluster.local] 2026.05.13 01:32:06 [ 0 ] CompressedReadBufferBytes: 50987008 (increment)
[clickhouse-builder-0.clickhouse-builder.ch-builder.svc.cluster.local] 2026.05.13 01:32:06 [ 0 ] OpenedFileCacheMisses: 10 (increment)
[clickhouse-builder-0.clickhouse-builder.ch-builder.svc.cluster.local] 2026.05.13 01:32:06 [ 0 ] OpenedFileCacheMicroseconds: 4 (increment)
[clickhouse-builder-0.clickhouse-builder.ch-builder.svc.cluster.local] 2026.05.13 01:32:06 [ 0 ] IOBufferAllocs: 23 (increment)
[clickhouse-builder-0.clickhouse-builder.ch-builder.svc.cluster.local] 2026.05.13 01:32:06 [ 0 ] IOBufferAllocBytes: 5479296 (increment)
[clickhouse-builder-0.clickhouse-builder.ch-builder.svc.cluster.local] 2026.05.13 01:32:06 [ 0 ] MarkCacheHits: 10 (increment)
[clickhouse-builder-0.clickhouse-builder.ch-builder.svc.cluster.local] 2026.05.13 01:32:06 [ 0 ] CreatedReadBufferOrdinary: 10 (increment)
[clickhouse-builder-0.clickhouse-builder.ch-builder.svc.cluster.local] 2026.05.13 01:32:06 [ 0 ] DiskReadElapsedMicroseconds: 14 (increment)
[clickhouse-builder-0.clickhouse-builder.ch-builder.svc.cluster.local] 2026.05.13 01:32:06 [ 0 ] NetworkReceiveElapsedMicroseconds: 1 (increment)
[clickhouse-builder-0.clickhouse-builder.ch-builder.svc.cluster.local] 2026.05.13 01:32:06 [ 0 ] NetworkSendElapsedMicroseconds: 22 (increment)
[clickhouse-builder-0.clickhouse-builder.ch-builder.svc.cluster.local] 2026.05.13 01:32:06 [ 0 ] NetworkSendBytes: 5107 (increment)
[clickhouse-builder-0.clickhouse-builder.ch-builder.svc.cluster.local] 2026.05.13 01:32:06 [ 0 ] SelectedRows: 344064 (increment)
[clickhouse-builder-0.clickhouse-builder.ch-builder.svc.cluster.local] 2026.05.13 01:32:06 [ 0 ] SelectedBytes: 49889280 (increment)
[clickhouse-builder-0.clickhouse-builder.ch-builder.svc.cluster.local] 2026.05.13 01:32:06 [ 0 ] RowsReadByMainReader: 344064 (increment)
[clickhouse-builder-0.clickhouse-builder.ch-builder.svc.cluster.local] 2026.05.13 01:32:06 [ 0 ] WaitMarksLoadMicroseconds: 25 (increment)
[clickhouse-builder-0.clickhouse-builder.ch-builder.svc.cluster.local] 2026.05.13 01:32:06 [ 0 ] RealTimeMicroseconds: 5964344 (increment)
[clickhouse-builder-0.clickhouse-builder.ch-builder.svc.cluster.local] 2026.05.13 01:32:06 [ 0 ] UserTimeMicroseconds: 43432 (increment)
[clickhouse-builder-0.clickhouse-builder.ch-builder.svc.cluster.local] 2026.05.13 01:32:06 [ 0 ] SystemTimeMicroseconds: 86063 (increment)
[clickhouse-builder-0.clickhouse-builder.ch-builder.svc.cluster.local] 2026.05.13 01:32:06 [ 0 ] SoftPageFaults: 1325 (increment)
[clickhouse-builder-0.clickhouse-builder.ch-builder.svc.cluster.local] 2026.05.13 01:32:06 [ 0 ] OSCPUWaitMicroseconds: 62 (increment)
[clickhouse-builder-0.clickhouse-builder.ch-builder.svc.cluster.local] 2026.05.13 01:32:06 [ 0 ] OSCPUVirtualTimeMicroseconds: 129480 (increment)
[clickhouse-builder-0.clickhouse-builder.ch-builder.svc.cluster.local] 2026.05.13 01:32:06 [ 0 ] OSReadChars: 44795547 (increment)
[clickhouse-builder-0.clickhouse-builder.ch-builder.svc.cluster.local] 2026.05.13 01:32:06 [ 0 ] OSWriteChars: 18406 (increment)
[clickhouse-builder-0.clickhouse-builder.ch-builder.svc.cluster.local] 2026.05.13 01:32:06 [ 0 ] S3ReadMicroseconds: 1858642 (increment)
[clickhouse-builder-0.clickhouse-builder.ch-builder.svc.cluster.local] 2026.05.13 01:32:06 [ 0 ] S3ReadRequestsCount: 22 (increment)
[clickhouse-builder-0.clickhouse-builder.ch-builder.svc.cluster.local] 2026.05.13 01:32:06 [ 0 ] DiskS3ReadMicroseconds: 1858642 (increment)
[clickhouse-builder-0.clickhouse-builder.ch-builder.svc.cluster.local] 2026.05.13 01:32:06 [ 0 ] DiskS3ReadRequestsCount: 22 (increment)
[clickhouse-builder-0.clickhouse-builder.ch-builder.svc.cluster.local] 2026.05.13 01:32:06 [ 0 ] S3GetObject: 23 (increment)
[clickhouse-builder-0.clickhouse-builder.ch-builder.svc.cluster.local] 2026.05.13 01:32:06 [ 0 ] DiskS3GetObject: 23 (increment)
[clickhouse-builder-0.clickhouse-builder.ch-builder.svc.cluster.local] 2026.05.13 01:32:06 [ 0 ] ReadBufferFromS3Microseconds: 4323358 (increment)
[clickhouse-builder-0.clickhouse-builder.ch-builder.svc.cluster.local] 2026.05.13 01:32:06 [ 0 ] ReadBufferFromS3InitMicroseconds: 1864806 (increment)
[clickhouse-builder-0.clickhouse-builder.ch-builder.svc.cluster.local] 2026.05.13 01:32:06 [ 0 ] ReadBufferFromS3Bytes: 42329501 (increment)
[clickhouse-builder-0.clickhouse-builder.ch-builder.svc.cluster.local] 2026.05.13 01:32:06 [ 0 ] MemoryAllocatedWithoutCheck: 40 (increment)
[clickhouse-builder-0.clickhouse-builder.ch-builder.svc.cluster.local] 2026.05.13 01:32:06 [ 0 ] MemoryAllocatedWithoutCheckBytes: 70400 (increment)
[clickhouse-builder-0.clickhouse-builder.ch-builder.svc.cluster.local] 2026.05.13 01:32:06 [ 0 ] InterfaceNativeSendBytes: 5107 (increment)
[clickhouse-builder-0.clickhouse-builder.ch-builder.svc.cluster.local] 2026.05.13 01:32:06 [ 0 ] DiskConnectionsReused: 22 (increment)
[clickhouse-builder-0.clickhouse-builder.ch-builder.svc.cluster.local] 2026.05.13 01:32:06 [ 0 ] DiskConnectionsPreserved: 20 (increment)
[clickhouse-builder-0.clickhouse-builder.ch-builder.svc.cluster.local] 2026.05.13 01:32:06 [ 0 ] MemoryTrackerUsage: 193576843 (gauge)
[clickhouse-builder-0.clickhouse-builder.ch-builder.svc.cluster.local] 2026.05.13 01:32:06 [ 0 ] MemoryTrackerPeakUsage: 260834238 (gauge)
[clickhouse-builder-0.clickhouse-builder.ch-builder.svc.cluster.local] 2026.05.13 01:32:07 [ 0 ] ReadCompressedBytes: 44700271 (increment)
[clickhouse-builder-0.clickhouse-builder.ch-builder.svc.cluster.local] 2026.05.13 01:32:07 [ 0 ] CompressedReadBufferBlocks: 162 (increment)
[clickhouse-builder-0.clickhouse-builder.ch-builder.svc.cluster.local] 2026.05.13 01:32:07 [ 0 ] CompressedReadBufferBytes: 45023232 (increment)
[clickhouse-builder-0.clickhouse-builder.ch-builder.svc.cluster.local] 2026.05.13 01:32:07 [ 0 ] IOBufferAllocs: 4 (increment)
[clickhouse-builder-0.clickhouse-builder.ch-builder.svc.cluster.local] 2026.05.13 01:32:07 [ 0 ] IOBufferAllocBytes: 262588 (increment)
[clickhouse-builder-0.clickhouse-builder.ch-builder.svc.cluster.local] 2026.05.13 01:32:07 [ 0 ] NetworkReceiveElapsedMicroseconds: 1 (increment)
[clickhouse-builder-0.clickhouse-builder.ch-builder.svc.cluster.local] 2026.05.13 01:32:07 [ 0 ] NetworkSendElapsedMicroseconds: 24 (increment)
[clickhouse-builder-0.clickhouse-builder.ch-builder.svc.cluster.local] 2026.05.13 01:32:07 [ 0 ] NetworkSendBytes: 5107 (increment)
[clickhouse-builder-0.clickhouse-builder.ch-builder.svc.cluster.local] 2026.05.13 01:32:07 [ 0 ] SelectedRows: 286720 (increment)
[clickhouse-builder-0.clickhouse-builder.ch-builder.svc.cluster.local] 2026.05.13 01:32:07 [ 0 ] SelectedBytes: 41574400 (increment)
[clickhouse-builder-0.clickhouse-builder.ch-builder.svc.cluster.local] 2026.05.13 01:32:07 [ 0 ] RowsReadByMainReader: 286720 (increment)
[clickhouse-builder-0.clickhouse-builder.ch-builder.svc.cluster.local] 2026.05.13 01:32:07 [ 0 ] RealTimeMicroseconds: 1820642 (increment)
[clickhouse-builder-0.clickhouse-builder.ch-builder.svc.cluster.local] 2026.05.13 01:32:07 [ 0 ] UserTimeMicroseconds: 31046 (increment)
[clickhouse-builder-0.clickhouse-builder.ch-builder.svc.cluster.local] 2026.05.13 01:32:07 [ 0 ] SystemTimeMicroseconds: 46474 (increment)
[clickhouse-builder-0.clickhouse-builder.ch-builder.svc.cluster.local] 2026.05.13 01:32:07 [ 0 ] SoftPageFaults: 91 (increment)
[clickhouse-builder-0.clickhouse-builder.ch-builder.svc.cluster.local] 2026.05.13 01:32:07 [ 0 ] OSCPUWaitMicroseconds: 52 (increment)
[clickhouse-builder-0.clickhouse-builder.ch-builder.svc.cluster.local] 2026.05.13 01:32:07 [ 0 ] OSCPUVirtualTimeMicroseconds: 77512 (increment)
[clickhouse-builder-0.clickhouse-builder.ch-builder.svc.cluster.local] 2026.05.13 01:32:07 [ 0 ] OSReadChars: 33076935 (increment)
[clickhouse-builder-0.clickhouse-builder.ch-builder.svc.cluster.local] 2026.05.13 01:32:07 [ 0 ] OSWriteChars: 4614 (increment)
[clickhouse-builder-0.clickhouse-builder.ch-builder.svc.cluster.local] 2026.05.13 01:32:07 [ 0 ] S3ReadMicroseconds: 2456462 (increment)
[clickhouse-builder-0.clickhouse-builder.ch-builder.svc.cluster.local] 2026.05.13 01:32:07 [ 0 ] S3ReadRequestsCount: 42 (increment)
[clickhouse-builder-0.clickhouse-builder.ch-builder.svc.cluster.local] 2026.05.13 01:32:07 [ 0 ] DiskS3ReadMicroseconds: 2456462 (increment)
[clickhouse-builder-0.clickhouse-builder.ch-builder.svc.cluster.local] 2026.05.13 01:32:07 [ 0 ] DiskS3ReadRequestsCount: 42 (increment)
[clickhouse-builder-0.clickhouse-builder.ch-builder.svc.cluster.local] 2026.05.13 01:32:07 [ 0 ] S3GetObject: 41 (increment)
[clickhouse-builder-0.clickhouse-builder.ch-builder.svc.cluster.local] 2026.05.13 01:32:07 [ 0 ] DiskS3GetObject: 41 (increment)
[clickhouse-builder-0.clickhouse-builder.ch-builder.svc.cluster.local] 2026.05.13 01:32:07 [ 0 ] ReadBufferFromS3Microseconds: 8440065 (increment)
[clickhouse-builder-0.clickhouse-builder.ch-builder.svc.cluster.local] 2026.05.13 01:32:07 [ 0 ] ReadBufferFromS3InitMicroseconds: 2463364 (increment)
[clickhouse-builder-0.clickhouse-builder.ch-builder.svc.cluster.local] 2026.05.13 01:32:07 [ 0 ] ReadBufferFromS3Bytes: 43385523 (increment)
[clickhouse-builder-0.clickhouse-builder.ch-builder.svc.cluster.local] 2026.05.13 01:32:07 [ 0 ] MemoryAllocatedWithoutCheck: 86 (increment)
[clickhouse-builder-0.clickhouse-builder.ch-builder.svc.cluster.local] 2026.05.13 01:32:07 [ 0 ] MemoryAllocatedWithoutCheckBytes: 151360 (increment)
[clickhouse-builder-0.clickhouse-builder.ch-builder.svc.cluster.local] 2026.05.13 01:32:07 [ 0 ] InterfaceNativeSendBytes: 5107 (increment)
[clickhouse-builder-0.clickhouse-builder.ch-builder.svc.cluster.local] 2026.05.13 01:32:07 [ 0 ] DiskConnectionsReused: 42 (increment)
[clickhouse-builder-0.clickhouse-builder.ch-builder.svc.cluster.local] 2026.05.13 01:32:07 [ 0 ] DiskConnectionsPreserved: 43 (increment)
[clickhouse-builder-0.clickhouse-builder.ch-builder.svc.cluster.local] 2026.05.13 01:32:07 [ 0 ] MemoryTrackerUsage: 168565345 (gauge)
[clickhouse-builder-0.clickhouse-builder.ch-builder.svc.cluster.local] 2026.05.13 01:32:07 [ 0 ] MemoryTrackerPeakUsage: 260834238 (gauge)
[clickhouse-builder-0.clickhouse-builder.ch-builder.svc.cluster.local] 2026.05.13 01:32:07 [ 0 ] ReadCompressedBytes: 1245659 (increment)
[clickhouse-builder-0.clickhouse-builder.ch-builder.svc.cluster.local] 2026.05.13 01:32:07 [ 0 ] CompressedReadBufferBlocks: 19 (increment)
[clickhouse-builder-0.clickhouse-builder.ch-builder.svc.cluster.local] 2026.05.13 01:32:07 [ 0 ] CompressedReadBufferBytes: 1245184 (increment)
[clickhouse-builder-0.clickhouse-builder.ch-builder.svc.cluster.local] 2026.05.13 01:32:07 [ 0 ] NetworkReceiveElapsedMicroseconds: 1 (increment)
[clickhouse-builder-0.clickhouse-builder.ch-builder.svc.cluster.local] 2026.05.13 01:32:07 [ 0 ] NetworkSendElapsedMicroseconds: 22 (increment)
[clickhouse-builder-0.clickhouse-builder.ch-builder.svc.cluster.local] 2026.05.13 01:32:07 [ 0 ] NetworkSendBytes: 4068 (increment)
[clickhouse-builder-0.clickhouse-builder.ch-builder.svc.cluster.local] 2026.05.13 01:32:07 [ 0 ] S3ReadMicroseconds: 1240939 (increment)
[clickhouse-builder-0.clickhouse-builder.ch-builder.svc.cluster.local] 2026.05.13 01:32:07 [ 0 ] S3ReadRequestsCount: 19 (increment)
[clickhouse-builder-0.clickhouse-builder.ch-builder.svc.cluster.local] 2026.05.13 01:32:07 [ 0 ] DiskS3ReadMicroseconds: 1240939 (increment)
[clickhouse-builder-0.clickhouse-builder.ch-builder.svc.cluster.local] 2026.05.13 01:32:07 [ 0 ] DiskS3ReadRequestsCount: 19 (increment)
[clickhouse-builder-0.clickhouse-builder.ch-builder.svc.cluster.local] 2026.05.13 01:32:07 [ 0 ] S3GetObject: 19 (increment)
[clickhouse-builder-0.clickhouse-builder.ch-builder.svc.cluster.local] 2026.05.13 01:32:07 [ 0 ] DiskS3GetObject: 19 (increment)
[clickhouse-builder-0.clickhouse-builder.ch-builder.svc.cluster.local] 2026.05.13 01:32:07 [ 0 ] ReadBufferFromS3Microseconds: 4250397 (increment)
[clickhouse-builder-0.clickhouse-builder.ch-builder.svc.cluster.local] 2026.05.13 01:32:07 [ 0 ] ReadBufferFromS3InitMicroseconds: 1244410 (increment)
[clickhouse-builder-0.clickhouse-builder.ch-builder.svc.cluster.local] 2026.05.13 01:32:07 [ 0 ] ReadBufferFromS3Bytes: 5699163 (increment)
[clickhouse-builder-0.clickhouse-builder.ch-builder.svc.cluster.local] 2026.05.13 01:32:07 [ 0 ] MemoryAllocatedWithoutCheck: 38 (increment)
[clickhouse-builder-0.clickhouse-builder.ch-builder.svc.cluster.local] 2026.05.13 01:32:07 [ 0 ] MemoryAllocatedWithoutCheckBytes: 66880 (increment)
[clickhouse-builder-0.clickhouse-builder.ch-builder.svc.cluster.local] 2026.05.13 01:32:07 [ 0 ] InterfaceNativeSendBytes: 4068 (increment)
[clickhouse-builder-0.clickhouse-builder.ch-builder.svc.cluster.local] 2026.05.13 01:32:07 [ 0 ] DiskConnectionsReused: 19 (increment)
[clickhouse-builder-0.clickhouse-builder.ch-builder.svc.cluster.local] 2026.05.13 01:32:07 [ 0 ] DiskConnectionsPreserved: 19 (increment)
[clickhouse-builder-0.clickhouse-builder.ch-builder.svc.cluster.local] 2026.05.13 01:32:07 [ 0 ] MemoryTrackerUsage: 168565345 (gauge)
[clickhouse-builder-0.clickhouse-builder.ch-builder.svc.cluster.local] 2026.05.13 01:32:07 [ 0 ] MemoryTrackerPeakUsage: 260834238 (gauge)
[clickhouse-builder-0.clickhouse-builder.ch-builder.svc.cluster.local] 2026.05.13 01:32:07 [ 0 ] ReadCompressedBytes: 1311220 (increment)
[clickhouse-builder-0.clickhouse-builder.ch-builder.svc.cluster.local] 2026.05.13 01:32:07 [ 0 ] CompressedReadBufferBlocks: 20 (increment)
[clickhouse-builder-0.clickhouse-builder.ch-builder.svc.cluster.local] 2026.05.13 01:32:07 [ 0 ] CompressedReadBufferBytes: 1310720 (increment)
[clickhouse-builder-0.clickhouse-builder.ch-builder.svc.cluster.local] 2026.05.13 01:32:07 [ 0 ] IOBufferAllocs: 4 (increment)
[clickhouse-builder-0.clickhouse-builder.ch-builder.svc.cluster.local] 2026.05.13 01:32:07 [ 0 ] IOBufferAllocBytes: 262396 (increment)
[clickhouse-builder-0.clickhouse-builder.ch-builder.svc.cluster.local] 2026.05.13 01:32:07 [ 0 ] NetworkReceiveElapsedMicroseconds: 1 (increment)
[clickhouse-builder-0.clickhouse-builder.ch-builder.svc.cluster.local] 2026.05.13 01:32:07 [ 0 ] NetworkSendElapsedMicroseconds: 19 (increment)
[clickhouse-builder-0.clickhouse-builder.ch-builder.svc.cluster.local] 2026.05.13 01:32:07 [ 0 ] NetworkSendBytes: 2660 (increment)
[clickhouse-builder-0.clickhouse-builder.ch-builder.svc.cluster.local] 2026.05.13 01:32:07 [ 0 ] S3ReadMicroseconds: 1496190 (increment)
[clickhouse-builder-0.clickhouse-builder.ch-builder.svc.cluster.local] 2026.05.13 01:32:07 [ 0 ] S3ReadRequestsCount: 20 (increment)
[clickhouse-builder-0.clickhouse-builder.ch-builder.svc.cluster.local] 2026.05.13 01:32:07 [ 0 ] DiskS3ReadMicroseconds: 1496190 (increment)
[clickhouse-builder-0.clickhouse-builder.ch-builder.svc.cluster.local] 2026.05.13 01:32:07 [ 0 ] DiskS3ReadRequestsCount: 20 (increment)
[clickhouse-builder-0.clickhouse-builder.ch-builder.svc.cluster.local] 2026.05.13 01:32:07 [ 0 ] S3GetObject: 20 (increment)
[clickhouse-builder-0.clickhouse-builder.ch-builder.svc.cluster.local] 2026.05.13 01:32:07 [ 0 ] DiskS3GetObject: 20 (increment)
[clickhouse-builder-0.clickhouse-builder.ch-builder.svc.cluster.local] 2026.05.13 01:32:07 [ 0 ] ReadBufferFromS3Microseconds: 5149393 (increment)
[clickhouse-builder-0.clickhouse-builder.ch-builder.svc.cluster.local] 2026.05.13 01:32:07 [ 0 ] ReadBufferFromS3InitMicroseconds: 1500019 (increment)
[clickhouse-builder-0.clickhouse-builder.ch-builder.svc.cluster.local] 2026.05.13 01:32:07 [ 0 ] ReadBufferFromS3Bytes: 7362685 (increment)
[clickhouse-builder-0.clickhouse-builder.ch-builder.svc.cluster.local] 2026.05.13 01:32:07 [ 0 ] MemoryAllocatedWithoutCheck: 32 (increment)
[clickhouse-builder-0.clickhouse-builder.ch-builder.svc.cluster.local] 2026.05.13 01:32:07 [ 0 ] MemoryAllocatedWithoutCheckBytes: 56320 (increment)
[clickhouse-builder-0.clickhouse-builder.ch-builder.svc.cluster.local] 2026.05.13 01:32:07 [ 0 ] InterfaceNativeSendBytes: 2660 (increment)
[clickhouse-builder-0.clickhouse-builder.ch-builder.svc.cluster.local] 2026.05.13 01:32:07 [ 0 ] DiskConnectionsReused: 20 (increment)
[clickhouse-builder-0.clickhouse-builder.ch-builder.svc.cluster.local] 2026.05.13 01:32:07 [ 0 ] DiskConnectionsPreserved: 16 (increment)
[clickhouse-builder-0.clickhouse-builder.ch-builder.svc.cluster.local] 2026.05.13 01:32:07 [ 0 ] MemoryTrackerUsage: 168565345 (gauge)
[clickhouse-builder-0.clickhouse-builder.ch-builder.svc.cluster.local] 2026.05.13 01:32:07 [ 0 ] MemoryTrackerPeakUsage: 260834238 (gauge)
[clickhouse-builder-0.clickhouse-builder.ch-builder.svc.cluster.local] 2026.05.13 01:32:07 [ 0 ] ReadCompressedBytes: 6858659 (increment)
[clickhouse-builder-0.clickhouse-builder.ch-builder.svc.cluster.local] 2026.05.13 01:32:07 [ 0 ] CompressedReadBufferBlocks: 30 (increment)
[clickhouse-builder-0.clickhouse-builder.ch-builder.svc.cluster.local] 2026.05.13 01:32:07 [ 0 ] CompressedReadBufferBytes: 6881280 (increment)
[clickhouse-builder-0.clickhouse-builder.ch-builder.svc.cluster.local] 2026.05.13 01:32:07 [ 0 ] IOBufferAllocs: 2 (increment)
[clickhouse-builder-0.clickhouse-builder.ch-builder.svc.cluster.local] 2026.05.13 01:32:07 [ 0 ] IOBufferAllocBytes: 131198 (increment)
[clickhouse-builder-0.clickhouse-builder.ch-builder.svc.cluster.local] 2026.05.13 01:32:07 [ 0 ] NetworkReceiveElapsedMicroseconds: 1 (increment)
[clickhouse-builder-0.clickhouse-builder.ch-builder.svc.cluster.local] 2026.05.13 01:32:07 [ 0 ] NetworkSendElapsedMicroseconds: 21 (increment)
[clickhouse-builder-0.clickhouse-builder.ch-builder.svc.cluster.local] 2026.05.13 01:32:07 [ 0 ] NetworkSendBytes: 2879 (increment)
[clickhouse-builder-0.clickhouse-builder.ch-builder.svc.cluster.local] 2026.05.13 01:32:07 [ 0 ] SelectedRows: 32768 (increment)
[clickhouse-builder-0.clickhouse-builder.ch-builder.svc.cluster.local] 2026.05.13 01:32:07 [ 0 ] SelectedBytes: 4751360 (increment)
[clickhouse-builder-0.clickhouse-builder.ch-builder.svc.cluster.local] 2026.05.13 01:32:07 [ 0 ] RowsReadByMainReader: 32768 (increment)
[clickhouse-builder-0.clickhouse-builder.ch-builder.svc.cluster.local] 2026.05.13 01:32:07 [ 0 ] RealTimeMicroseconds: 2772936 (increment)
[clickhouse-builder-0.clickhouse-builder.ch-builder.svc.cluster.local] 2026.05.13 01:32:07 [ 0 ] UserTimeMicroseconds: 17348 (increment)
[clickhouse-builder-0.clickhouse-builder.ch-builder.svc.cluster.local] 2026.05.13 01:32:07 [ 0 ] SystemTimeMicroseconds: 14792 (increment)
[clickhouse-builder-0.clickhouse-builder.ch-builder.svc.cluster.local] 2026.05.13 01:32:07 [ 0 ] SoftPageFaults: 147 (increment)
[clickhouse-builder-0.clickhouse-builder.ch-builder.svc.cluster.local] 2026.05.13 01:32:07 [ 0 ] OSCPUWaitMicroseconds: 21 (increment)
[clickhouse-builder-0.clickhouse-builder.ch-builder.svc.cluster.local] 2026.05.13 01:32:07 [ 0 ] OSCPUVirtualTimeMicroseconds: 32140 (increment)
[clickhouse-builder-0.clickhouse-builder.ch-builder.svc.cluster.local] 2026.05.13 01:32:07 [ 0 ] OSReadChars: 7918322 (increment)
[clickhouse-builder-0.clickhouse-builder.ch-builder.svc.cluster.local] 2026.05.13 01:32:07 [ 0 ] OSWriteChars: 11072 (increment)
[clickhouse-builder-0.clickhouse-builder.ch-builder.svc.cluster.local] 2026.05.13 01:32:07 [ 0 ] S3ReadMicroseconds: 1805246 (increment)
[clickhouse-builder-0.clickhouse-builder.ch-builder.svc.cluster.local] 2026.05.13 01:32:07 [ 0 ] S3ReadRequestsCount: 24 (increment)
[clickhouse-builder-0.clickhouse-builder.ch-builder.svc.cluster.local] 2026.05.13 01:32:07 [ 0 ] DiskS3ReadMicroseconds: 1805246 (increment)
[clickhouse-builder-0.clickhouse-builder.ch-builder.svc.cluster.local] 2026.05.13 01:32:07 [ 0 ] DiskS3ReadRequestsCount: 24 (increment)
[clickhouse-builder-0.clickhouse-builder.ch-builder.svc.cluster.local] 2026.05.13 01:32:07 [ 0 ] S3GetObject: 24 (increment)
[clickhouse-builder-0.clickhouse-builder.ch-builder.svc.cluster.local] 2026.05.13 01:32:07 [ 0 ] DiskS3GetObject: 24 (increment)
[clickhouse-builder-0.clickhouse-builder.ch-builder.svc.cluster.local] 2026.05.13 01:32:07 [ 0 ] ReadBufferFromS3Microseconds: 7157475 (increment)
[clickhouse-builder-0.clickhouse-builder.ch-builder.svc.cluster.local] 2026.05.13 01:32:07 [ 0 ] ReadBufferFromS3InitMicroseconds: 1809792 (increment)
[clickhouse-builder-0.clickhouse-builder.ch-builder.svc.cluster.local] 2026.05.13 01:32:07 [ 0 ] ReadBufferFromS3Bytes: 14950660 (increment)
[clickhouse-builder-0.clickhouse-builder.ch-builder.svc.cluster.local] 2026.05.13 01:32:07 [ 0 ] MemoryAllocatedWithoutCheck: 38 (increment)
[clickhouse-builder-0.clickhouse-builder.ch-builder.svc.cluster.local] 2026.05.13 01:32:07 [ 0 ] MemoryAllocatedWithoutCheckBytes: 66880 (increment)
[clickhouse-builder-0.clickhouse-builder.ch-builder.svc.cluster.local] 2026.05.13 01:32:07 [ 0 ] InterfaceNativeSendBytes: 2879 (increment)
[clickhouse-builder-0.clickhouse-builder.ch-builder.svc.cluster.local] 2026.05.13 01:32:07 [ 0 ] DiskConnectionsReused: 24 (increment)
[clickhouse-builder-0.clickhouse-builder.ch-builder.svc.cluster.local] 2026.05.13 01:32:07 [ 0 ] DiskConnectionsPreserved: 19 (increment)
[clickhouse-builder-0.clickhouse-builder.ch-builder.svc.cluster.local] 2026.05.13 01:32:07 [ 0 ] MemoryTrackerUsage: 172831755 (gauge)
[clickhouse-builder-0.clickhouse-builder.ch-builder.svc.cluster.local] 2026.05.13 01:32:07 [ 0 ] MemoryTrackerPeakUsage: 260834238 (gauge)
[clickhouse-builder-0.clickhouse-builder.ch-builder.svc.cluster.local] 2026.05.13 01:32:07 [ 0 ] ReadCompressedBytes: 16708182 (increment)
[clickhouse-builder-0.clickhouse-builder.ch-builder.svc.cluster.local] 2026.05.13 01:32:07 [ 0 ] CompressedReadBufferBlocks: 46 (increment)
[clickhouse-builder-0.clickhouse-builder.ch-builder.svc.cluster.local] 2026.05.13 01:32:07 [ 0 ] CompressedReadBufferBytes: 16777216 (increment)
[clickhouse-builder-0.clickhouse-builder.ch-builder.svc.cluster.local] 2026.05.13 01:32:07 [ 0 ] NetworkReceiveElapsedMicroseconds: 1 (increment)
[clickhouse-builder-0.clickhouse-builder.ch-builder.svc.cluster.local] 2026.05.13 01:32:07 [ 0 ] NetworkSendElapsedMicroseconds: 21 (increment)
[clickhouse-builder-0.clickhouse-builder.ch-builder.svc.cluster.local] 2026.05.13 01:32:07 [ 0 ] NetworkSendBytes: 4073 (increment)
[clickhouse-builder-0.clickhouse-builder.ch-builder.svc.cluster.local] 2026.05.13 01:32:07 [ 0 ] SelectedRows: 122880 (increment)
[clickhouse-builder-0.clickhouse-builder.ch-builder.svc.cluster.local] 2026.05.13 01:32:07 [ 0 ] SelectedBytes: 17817600 (increment)
[clickhouse-builder-0.clickhouse-builder.ch-builder.svc.cluster.local] 2026.05.13 01:32:07 [ 0 ] RowsReadByMainReader: 122880 (increment)
[clickhouse-builder-0.clickhouse-builder.ch-builder.svc.cluster.local] 2026.05.13 01:32:07 [ 0 ] RealTimeMicroseconds: 8070258 (increment)
[clickhouse-builder-0.clickhouse-builder.ch-builder.svc.cluster.local] 2026.05.13 01:32:07 [ 0 ] UserTimeMicroseconds: 66365 (increment)
[clickhouse-builder-0.clickhouse-builder.ch-builder.svc.cluster.local] 2026.05.13 01:32:07 [ 0 ] SystemTimeMicroseconds: 48407 (increment)
[clickhouse-builder-0.clickhouse-builder.ch-builder.svc.cluster.local] 2026.05.13 01:32:07 [ 0 ] SoftPageFaults: 998 (increment)
[clickhouse-builder-0.clickhouse-builder.ch-builder.svc.cluster.local] 2026.05.13 01:32:07 [ 0 ] OSCPUWaitMicroseconds: 53 (increment)
[clickhouse-builder-0.clickhouse-builder.ch-builder.svc.cluster.local] 2026.05.13 01:32:07 [ 0 ] OSCPUVirtualTimeMicroseconds: 114766 (increment)
[clickhouse-builder-0.clickhouse-builder.ch-builder.svc.cluster.local] 2026.05.13 01:32:07 [ 0 ] OSReadChars: 28615797 (increment)
[clickhouse-builder-0.clickhouse-builder.ch-builder.svc.cluster.local] 2026.05.13 01:32:07 [ 0 ] OSWriteChars: 31347 (increment)
[clickhouse-builder-0.clickhouse-builder.ch-builder.svc.cluster.local] 2026.05.13 01:32:07 [ 0 ] S3ReadMicroseconds: 1495623 (increment)
[clickhouse-builder-0.clickhouse-builder.ch-builder.svc.cluster.local] 2026.05.13 01:32:07 [ 0 ] S3ReadRequestsCount: 24 (increment)
[clickhouse-builder-0.clickhouse-builder.ch-builder.svc.cluster.local] 2026.05.13 01:32:07 [ 0 ] DiskS3ReadMicroseconds: 1495623 (increment)
[clickhouse-builder-0.clickhouse-builder.ch-builder.svc.cluster.local] 2026.05.13 01:32:07 [ 0 ] DiskS3ReadRequestsCount: 24 (increment)
[clickhouse-builder-0.clickhouse-builder.ch-builder.svc.cluster.local] 2026.05.13 01:32:07 [ 0 ] S3GetObject: 24 (increment)
[clickhouse-builder-0.clickhouse-builder.ch-builder.svc.cluster.local] 2026.05.13 01:32:07 [ 0 ] DiskS3GetObject: 24 (increment)
[clickhouse-builder-0.clickhouse-builder.ch-builder.svc.cluster.local] 2026.05.13 01:32:07 [ 0 ] ReadBufferFromS3Microseconds: 5412773 (increment)
[clickhouse-builder-0.clickhouse-builder.ch-builder.svc.cluster.local] 2026.05.13 01:32:07 [ 0 ] ReadBufferFromS3InitMicroseconds: 1499434 (increment)
[clickhouse-builder-0.clickhouse-builder.ch-builder.svc.cluster.local] 2026.05.13 01:32:07 [ 0 ] ReadBufferFromS3Bytes: 18236473 (increment)
[clickhouse-builder-0.clickhouse-builder.ch-builder.svc.cluster.local] 2026.05.13 01:32:07 [ 0 ] MemoryAllocatedWithoutCheck: 36 (increment)
[clickhouse-builder-0.clickhouse-builder.ch-builder.svc.cluster.local] 2026.05.13 01:32:07 [ 0 ] MemoryAllocatedWithoutCheckBytes: 63360 (increment)
[clickhouse-builder-0.clickhouse-builder.ch-builder.svc.cluster.local] 2026.05.13 01:32:07 [ 0 ] InterfaceNativeSendBytes: 4073 (increment)
[clickhouse-builder-0.clickhouse-builder.ch-builder.svc.cluster.local] 2026.05.13 01:32:07 [ 0 ] DiskConnectionsCreated: 5 (increment)
[clickhouse-builder-0.clickhouse-builder.ch-builder.svc.cluster.local] 2026.05.13 01:32:07 [ 0 ] DiskConnectionsReused: 19 (increment)
[clickhouse-builder-0.clickhouse-builder.ch-builder.svc.cluster.local] 2026.05.13 01:32:07 [ 0 ] DiskConnectionsPreserved: 13 (increment)
[clickhouse-builder-0.clickhouse-builder.ch-builder.svc.cluster.local] 2026.05.13 01:32:07 [ 0 ] DiskConnectionsElapsedMicroseconds: 19385 (increment)
[clickhouse-builder-0.clickhouse-builder.ch-builder.svc.cluster.local] 2026.05.13 01:32:07 [ 0 ] MemoryTrackerUsage: 186453588 (gauge)
[clickhouse-builder-0.clickhouse-builder.ch-builder.svc.cluster.local] 2026.05.13 01:32:07 [ 0 ] MemoryTrackerPeakUsage: 260834238 (gauge)
[clickhouse-builder-0.clickhouse-builder.ch-builder.svc.cluster.local] 2026.05.13 01:32:07 [ 0 ] ReadCompressedBytes: 39116669 (increment)
[clickhouse-builder-0.clickhouse-builder.ch-builder.svc.cluster.local] 2026.05.13 01:32:07 [ 0 ] CompressedReadBufferBlocks: 103 (increment)
[clickhouse-builder-0.clickhouse-builder.ch-builder.svc.cluster.local] 2026.05.13 01:32:07 [ 0 ] CompressedReadBufferBytes: 39180792 (increment)
[clickhouse-builder-0.clickhouse-builder.ch-builder.svc.cluster.local] 2026.05.13 01:32:07 [ 0 ] NetworkReceiveElapsedMicroseconds: 1 (increment)
[clickhouse-builder-0.clickhouse-builder.ch-builder.svc.cluster.local] 2026.05.13 01:32:07 [ 0 ] NetworkSendElapsedMicroseconds: 23 (increment)
[clickhouse-builder-0.clickhouse-builder.ch-builder.svc.cluster.local] 2026.05.13 01:32:07 [ 0 ] NetworkSendBytes: 4097 (increment)
[clickhouse-builder-0.clickhouse-builder.ch-builder.svc.cluster.local] 2026.05.13 01:32:07 [ 0 ] SelectedRows: 270336 (increment)
[clickhouse-builder-0.clickhouse-builder.ch-builder.svc.cluster.local] 2026.05.13 01:32:07 [ 0 ] SelectedBytes: 39198720 (increment)
[clickhouse-builder-0.clickhouse-builder.ch-builder.svc.cluster.local] 2026.05.13 01:32:07 [ 0 ] RowsReadByMainReader: 270336 (increment)
[clickhouse-builder-0.clickhouse-builder.ch-builder.svc.cluster.local] 2026.05.13 01:32:07 [ 0 ] RealTimeMicroseconds: 8628100 (increment)
[clickhouse-builder-0.clickhouse-builder.ch-builder.svc.cluster.local] 2026.05.13 01:32:07 [ 0 ] UserTimeMicroseconds: 125638 (increment)
[clickhouse-builder-0.clickhouse-builder.ch-builder.svc.cluster.local] 2026.05.13 01:32:07 [ 0 ] SystemTimeMicroseconds: 95617 (increment)
[clickhouse-builder-0.clickhouse-builder.ch-builder.svc.cluster.local] 2026.05.13 01:32:07 [ 0 ] SoftPageFaults: 1343 (increment)
[clickhouse-builder-0.clickhouse-builder.ch-builder.svc.cluster.local] 2026.05.13 01:32:07 [ 0 ] OSCPUWaitMicroseconds: 365 (increment)
[clickhouse-builder-0.clickhouse-builder.ch-builder.svc.cluster.local] 2026.05.13 01:32:07 [ 0 ] OSCPUVirtualTimeMicroseconds: 221243 (increment)
[clickhouse-builder-0.clickhouse-builder.ch-builder.svc.cluster.local] 2026.05.13 01:32:07 [ 0 ] OSReadChars: 44050159 (increment)
[clickhouse-builder-0.clickhouse-builder.ch-builder.svc.cluster.local] 2026.05.13 01:32:07 [ 0 ] OSWriteChars: 37725 (increment)
[clickhouse-builder-0.clickhouse-builder.ch-builder.svc.cluster.local] 2026.05.13 01:32:07 [ 0 ] S3ReadMicroseconds: 834169 (increment)
[clickhouse-builder-0.clickhouse-builder.ch-builder.svc.cluster.local] 2026.05.13 01:32:07 [ 0 ] S3ReadRequestsCount: 5 (increment)
[clickhouse-builder-0.clickhouse-builder.ch-builder.svc.cluster.local] 2026.05.13 01:32:07 [ 0 ] DiskS3ReadMicroseconds: 834169 (increment)
[clickhouse-builder-0.clickhouse-builder.ch-builder.svc.cluster.local] 2026.05.13 01:32:07 [ 0 ] DiskS3ReadRequestsCount: 5 (increment)
[clickhouse-builder-0.clickhouse-builder.ch-builder.svc.cluster.local] 2026.05.13 01:32:07 [ 0 ] S3GetObject: 6 (increment)
[clickhouse-builder-0.clickhouse-builder.ch-builder.svc.cluster.local] 2026.05.13 01:32:07 [ 0 ] DiskS3GetObject: 6 (increment)
[clickhouse-builder-0.clickhouse-builder.ch-builder.svc.cluster.local] 2026.05.13 01:32:07 [ 0 ] ReadBufferFromS3Microseconds: 2962035 (increment)
[clickhouse-builder-0.clickhouse-builder.ch-builder.svc.cluster.local] 2026.05.13 01:32:07 [ 0 ] ReadBufferFromS3InitMicroseconds: 835761 (increment)
[clickhouse-builder-0.clickhouse-builder.ch-builder.svc.cluster.local] 2026.05.13 01:32:07 [ 0 ] ReadBufferFromS3Bytes: 37962363 (increment)
[clickhouse-builder-0.clickhouse-builder.ch-builder.svc.cluster.local] 2026.05.13 01:32:07 [ 0 ] MemoryAllocatedWithoutCheck: 20 (increment)
[clickhouse-builder-0.clickhouse-builder.ch-builder.svc.cluster.local] 2026.05.13 01:32:07 [ 0 ] MemoryAllocatedWithoutCheckBytes: 35200 (increment)
[clickhouse-builder-0.clickhouse-builder.ch-builder.svc.cluster.local] 2026.05.13 01:32:07 [ 0 ] InterfaceNativeSendBytes: 4097 (increment)
[clickhouse-builder-0.clickhouse-builder.ch-builder.svc.cluster.local] 2026.05.13 01:32:07 [ 0 ] DiskConnectionsReused: 5 (increment)
[clickhouse-builder-0.clickhouse-builder.ch-builder.svc.cluster.local] 2026.05.13 01:32:07 [ 0 ] DiskConnectionsPreserved: 10 (increment)
[clickhouse-builder-0.clickhouse-builder.ch-builder.svc.cluster.local] 2026.05.13 01:32:07 [ 0 ] MemoryTrackerUsage: 184428255 (gauge)
[clickhouse-builder-0.clickhouse-builder.ch-builder.svc.cluster.local] 2026.05.13 01:32:07 [ 0 ] MemoryTrackerPeakUsage: 260834238 (gauge)
[clickhouse-builder-0.clickhouse-builder.ch-builder.svc.cluster.local] 2026.05.13 01:32:07 [ 0 ] ReadCompressedBytes: 57311240 (increment)
[clickhouse-builder-0.clickhouse-builder.ch-builder.svc.cluster.local] 2026.05.13 01:32:07 [ 0 ] CompressedReadBufferBlocks: 169 (increment)
[clickhouse-builder-0.clickhouse-builder.ch-builder.svc.cluster.local] 2026.05.13 01:32:07 [ 0 ] CompressedReadBufferBytes: 57541040 (increment)
[clickhouse-builder-0.clickhouse-builder.ch-builder.svc.cluster.local] 2026.05.13 01:32:07 [ 0 ] NetworkReceiveElapsedMicroseconds: 1 (increment)
[clickhouse-builder-0.clickhouse-builder.ch-builder.svc.cluster.local] 2026.05.13 01:32:07 [ 0 ] NetworkSendElapsedMicroseconds: 27 (increment)
[clickhouse-builder-0.clickhouse-builder.ch-builder.svc.cluster.local] 2026.05.13 01:32:07 [ 0 ] NetworkSendBytes: 3859 (increment)
[clickhouse-builder-0.clickhouse-builder.ch-builder.svc.cluster.local] 2026.05.13 01:32:07 [ 0 ] SelectedRows: 388348 (increment)
[clickhouse-builder-0.clickhouse-builder.ch-builder.svc.cluster.local] 2026.05.13 01:32:07 [ 0 ] SelectedBytes: 56310460 (increment)
[clickhouse-builder-0.clickhouse-builder.ch-builder.svc.cluster.local] 2026.05.13 01:32:07 [ 0 ] RowsReadByMainReader: 388348 (increment)
[clickhouse-builder-0.clickhouse-builder.ch-builder.svc.cluster.local] 2026.05.13 01:32:07 [ 0 ] RealTimeMicroseconds: 9984912 (increment)
[clickhouse-builder-0.clickhouse-builder.ch-builder.svc.cluster.local] 2026.05.13 01:32:07 [ 0 ] UserTimeMicroseconds: 284745 (increment)
[clickhouse-builder-0.clickhouse-builder.ch-builder.svc.cluster.local] 2026.05.13 01:32:07 [ 0 ] SystemTimeMicroseconds: 102784 (increment)
[clickhouse-builder-0.clickhouse-builder.ch-builder.svc.cluster.local] 2026.05.13 01:32:07 [ 0 ] SoftPageFaults: 1493 (increment)
[clickhouse-builder-0.clickhouse-builder.ch-builder.svc.cluster.local] 2026.05.13 01:32:07 [ 0 ] OSCPUWaitMicroseconds: 385 (increment)
[clickhouse-builder-0.clickhouse-builder.ch-builder.svc.cluster.local] 2026.05.13 01:32:07 [ 0 ] OSCPUVirtualTimeMicroseconds: 387508 (increment)
[clickhouse-builder-0.clickhouse-builder.ch-builder.svc.cluster.local] 2026.05.13 01:32:07 [ 0 ] OSReadChars: 61074064 (increment)
[clickhouse-builder-0.clickhouse-builder.ch-builder.svc.cluster.local] 2026.05.13 01:32:07 [ 0 ] OSWriteChars: 47811 (increment)
[clickhouse-builder-0.clickhouse-builder.ch-builder.svc.cluster.local] 2026.05.13 01:32:07 [ 0 ] S3ReadMicroseconds: 1475723 (increment)
[clickhouse-builder-0.clickhouse-builder.ch-builder.svc.cluster.local] 2026.05.13 01:32:07 [ 0 ] S3ReadRequestsCount: 7 (increment)
[clickhouse-builder-0.clickhouse-builder.ch-builder.svc.cluster.local] 2026.05.13 01:32:07 [ 0 ] DiskS3ReadMicroseconds: 1475723 (increment)
[clickhouse-builder-0.clickhouse-builder.ch-builder.svc.cluster.local] 2026.05.13 01:32:07 [ 0 ] DiskS3ReadRequestsCount: 7 (increment)
[clickhouse-builder-0.clickhouse-builder.ch-builder.svc.cluster.local] 2026.05.13 01:32:07 [ 0 ] S3GetObject: 6 (increment)
[clickhouse-builder-0.clickhouse-builder.ch-builder.svc.cluster.local] 2026.05.13 01:32:07 [ 0 ] DiskS3GetObject: 6 (increment)
[clickhouse-builder-0.clickhouse-builder.ch-builder.svc.cluster.local] 2026.05.13 01:32:07 [ 0 ] ReadBufferFromS3Microseconds: 4109362 (increment)
[clickhouse-builder-0.clickhouse-builder.ch-builder.svc.cluster.local] 2026.05.13 01:32:07 [ 0 ] ReadBufferFromS3InitMicroseconds: 1493433 (increment)
[clickhouse-builder-0.clickhouse-builder.ch-builder.svc.cluster.local] 2026.05.13 01:32:07 [ 0 ] ReadBufferFromS3Bytes: 56023008 (increment)
[clickhouse-builder-0.clickhouse-builder.ch-builder.svc.cluster.local] 2026.05.13 01:32:07 [ 0 ] MemoryAllocatedWithoutCheck: 42 (increment)
[clickhouse-builder-0.clickhouse-builder.ch-builder.svc.cluster.local] 2026.05.13 01:32:07 [ 0 ] MemoryAllocatedWithoutCheckBytes: 73920 (increment)
[clickhouse-builder-0.clickhouse-builder.ch-builder.svc.cluster.local] 2026.05.13 01:32:07 [ 0 ] InterfaceNativeSendBytes: 3859 (increment)
[clickhouse-builder-0.clickhouse-builder.ch-builder.svc.cluster.local] 2026.05.13 01:32:07 [ 0 ] DiskConnectionsReused: 7 (increment)
[clickhouse-builder-0.clickhouse-builder.ch-builder.svc.cluster.local] 2026.05.13 01:32:07 [ 0 ] DiskConnectionsPreserved: 21 (increment)
[clickhouse-builder-0.clickhouse-builder.ch-builder.svc.cluster.local] 2026.05.13 01:32:07 [ 0 ] MemoryTrackerUsage: 190280491 (gauge)
[clickhouse-builder-0.clickhouse-builder.ch-builder.svc.cluster.local] 2026.05.13 01:32:07 [ 0 ] MemoryTrackerPeakUsage: 260834238 (gauge)
[clickhouse-builder-0.clickhouse-builder.ch-builder.svc.cluster.local] 2026.05.13 01:32:07 [ 0 ] ReadCompressedBytes: 90465088 (increment)
[clickhouse-builder-0.clickhouse-builder.ch-builder.svc.cluster.local] 2026.05.13 01:32:07 [ 0 ] CompressedReadBufferBlocks: 252 (increment)
[clickhouse-builder-0.clickhouse-builder.ch-builder.svc.cluster.local] 2026.05.13 01:32:07 [ 0 ] CompressedReadBufferBytes: 90902262 (increment)
[clickhouse-builder-0.clickhouse-builder.ch-builder.svc.cluster.local] 2026.05.13 01:32:07 [ 0 ] NetworkReceiveElapsedMicroseconds: 1 (increment)
[clickhouse-builder-0.clickhouse-builder.ch-builder.svc.cluster.local] 2026.05.13 01:32:07 [ 0 ] NetworkSendElapsedMicroseconds: 28 (increment)
[clickhouse-builder-0.clickhouse-builder.ch-builder.svc.cluster.local] 2026.05.13 01:32:07 [ 0 ] NetworkSendBytes: 3859 (increment)
[clickhouse-builder-0.clickhouse-builder.ch-builder.svc.cluster.local] 2026.05.13 01:32:07 [ 0 ] SelectedRows: 620433 (increment)
[clickhouse-builder-0.clickhouse-builder.ch-builder.svc.cluster.local] 2026.05.13 01:32:07 [ 0 ] SelectedBytes: 89962785 (increment)
[clickhouse-builder-0.clickhouse-builder.ch-builder.svc.cluster.local] 2026.05.13 01:32:07 [ 0 ] RowsReadByMainReader: 620433 (increment)
[clickhouse-builder-0.clickhouse-builder.ch-builder.svc.cluster.local] 2026.05.13 01:32:07 [ 0 ] RealTimeMicroseconds: 10276168 (increment)
[clickhouse-builder-0.clickhouse-builder.ch-builder.svc.cluster.local] 2026.05.13 01:32:07 [ 0 ] UserTimeMicroseconds: 295260 (increment)
[clickhouse-builder-0.clickhouse-builder.ch-builder.svc.cluster.local] 2026.05.13 01:32:07 [ 0 ] SystemTimeMicroseconds: 138595 (increment)
[clickhouse-builder-0.clickhouse-builder.ch-builder.svc.cluster.local] 2026.05.13 01:32:07 [ 0 ] SoftPageFaults: 2192 (increment)
[clickhouse-builder-0.clickhouse-builder.ch-builder.svc.cluster.local] 2026.05.13 01:32:07 [ 0 ] OSCPUWaitMicroseconds: 961 (increment)
[clickhouse-builder-0.clickhouse-builder.ch-builder.svc.cluster.local] 2026.05.13 01:32:07 [ 0 ] OSCPUVirtualTimeMicroseconds: 433824 (increment)
[clickhouse-builder-0.clickhouse-builder.ch-builder.svc.cluster.local] 2026.05.13 01:32:07 [ 0 ] OSReadChars: 81192188 (increment)
[clickhouse-builder-0.clickhouse-builder.ch-builder.svc.cluster.local] 2026.05.13 01:32:07 [ 0 ] OSWriteChars: 45824 (increment)
[clickhouse-builder-0.clickhouse-builder.ch-builder.svc.cluster.local] 2026.05.13 01:32:07 [ 0 ] S3ReadMicroseconds: 608868 (increment)
[clickhouse-builder-0.clickhouse-builder.ch-builder.svc.cluster.local] 2026.05.13 01:32:07 [ 0 ] S3ReadRequestsCount: 5 (increment)
[clickhouse-builder-0.clickhouse-builder.ch-builder.svc.cluster.local] 2026.05.13 01:32:07 [ 0 ] DiskS3ReadMicroseconds: 608868 (increment)
[clickhouse-builder-0.clickhouse-builder.ch-builder.svc.cluster.local] 2026.05.13 01:32:07 [ 0 ] DiskS3ReadRequestsCount: 5 (increment)
[clickhouse-builder-0.clickhouse-builder.ch-builder.svc.cluster.local] 2026.05.13 01:32:07 [ 0 ] S3GetObject: 5 (increment)
[clickhouse-builder-0.clickhouse-builder.ch-builder.svc.cluster.local] 2026.05.13 01:32:07 [ 0 ] DiskS3GetObject: 5 (increment)
[clickhouse-builder-0.clickhouse-builder.ch-builder.svc.cluster.local] 2026.05.13 01:32:07 [ 0 ] ReadBufferFromS3Microseconds: 3191990 (increment)
[clickhouse-builder-0.clickhouse-builder.ch-builder.svc.cluster.local] 2026.05.13 01:32:07 [ 0 ] ReadBufferFromS3InitMicroseconds: 614369 (increment)
[clickhouse-builder-0.clickhouse-builder.ch-builder.svc.cluster.local] 2026.05.13 01:32:07 [ 0 ] ReadBufferFromS3Bytes: 71360536 (increment)
[clickhouse-builder-0.clickhouse-builder.ch-builder.svc.cluster.local] 2026.05.13 01:32:07 [ 0 ] MemoryAllocatedWithoutCheck: 60 (increment)
[clickhouse-builder-0.clickhouse-builder.ch-builder.svc.cluster.local] 2026.05.13 01:32:07 [ 0 ] MemoryAllocatedWithoutCheckBytes: 105600 (increment)
[clickhouse-builder-0.clickhouse-builder.ch-builder.svc.cluster.local] 2026.05.13 01:32:07 [ 0 ] InterfaceNativeSendBytes: 3859 (increment)
[clickhouse-builder-0.clickhouse-builder.ch-builder.svc.cluster.local] 2026.05.13 01:32:07 [ 0 ] DiskConnectionsReused: 5 (increment)
[clickhouse-builder-0.clickhouse-builder.ch-builder.svc.cluster.local] 2026.05.13 01:32:07 [ 0 ] DiskConnectionsPreserved: 30 (increment)
[clickhouse-builder-0.clickhouse-builder.ch-builder.svc.cluster.local] 2026.05.13 01:32:07 [ 0 ] MemoryTrackerUsage: 162546951 (gauge)
[clickhouse-builder-0.clickhouse-builder.ch-builder.svc.cluster.local] 2026.05.13 01:32:07 [ 0 ] MemoryTrackerPeakUsage: 260834238 (gauge)
[clickhouse-builder-0.clickhouse-builder.ch-builder.svc.cluster.local] 2026.05.13 01:32:07 [ 0 ] ReadCompressedBytes: 37901969 (increment)
[clickhouse-builder-0.clickhouse-builder.ch-builder.svc.cluster.local] 2026.05.13 01:32:07 [ 0 ] CompressedReadBufferBlocks: 105 (increment)
[clickhouse-builder-0.clickhouse-builder.ch-builder.svc.cluster.local] 2026.05.13 01:32:07 [ 0 ] CompressedReadBufferBytes: 38014710 (increment)
[clickhouse-builder-0.clickhouse-builder.ch-builder.svc.cluster.local] 2026.05.13 01:32:07 [ 0 ] NetworkReceiveElapsedMicroseconds: 1 (increment)
[clickhouse-builder-0.clickhouse-builder.ch-builder.svc.cluster.local] 2026.05.13 01:32:07 [ 0 ] NetworkSendElapsedMicroseconds: 24 (increment)
[clickhouse-builder-0.clickhouse-builder.ch-builder.svc.cluster.local] 2026.05.13 01:32:07 [ 0 ] NetworkSendBytes: 3859 (increment)
[clickhouse-builder-0.clickhouse-builder.ch-builder.svc.cluster.local] 2026.05.13 01:32:07 [ 0 ] SelectedRows: 259985 (increment)
[clickhouse-builder-0.clickhouse-builder.ch-builder.svc.cluster.local] 2026.05.13 01:32:07 [ 0 ] SelectedBytes: 37697825 (increment)
[clickhouse-builder-0.clickhouse-builder.ch-builder.svc.cluster.local] 2026.05.13 01:32:07 [ 0 ] RowsReadByMainReader: 259985 (increment)
[clickhouse-builder-0.clickhouse-builder.ch-builder.svc.cluster.local] 2026.05.13 01:32:07 [ 0 ] RealTimeMicroseconds: 2399814 (increment)
[clickhouse-builder-0.clickhouse-builder.ch-builder.svc.cluster.local] 2026.05.13 01:32:07 [ 0 ] UserTimeMicroseconds: 99573 (increment)
[clickhouse-builder-0.clickhouse-builder.ch-builder.svc.cluster.local] 2026.05.13 01:32:07 [ 0 ] SystemTimeMicroseconds: 30995 (increment)
[clickhouse-builder-0.clickhouse-builder.ch-builder.svc.cluster.local] 2026.05.13 01:32:07 [ 0 ] SoftPageFaults: 1054 (increment)
[clickhouse-builder-0.clickhouse-builder.ch-builder.svc.cluster.local] 2026.05.13 01:32:07 [ 0 ] OSCPUVirtualTimeMicroseconds: 130559 (increment)
[clickhouse-builder-0.clickhouse-builder.ch-builder.svc.cluster.local] 2026.05.13 01:32:07 [ 0 ] OSReadChars: 35166760 (increment)
[clickhouse-builder-0.clickhouse-builder.ch-builder.svc.cluster.local] 2026.05.13 01:32:07 [ 0 ] OSWriteChars: 14487 (increment)
[clickhouse-builder-0.clickhouse-builder.ch-builder.svc.cluster.local] 2026.05.13 01:32:07 [ 0 ] S3ReadMicroseconds: 140468 (increment)
[clickhouse-builder-0.clickhouse-builder.ch-builder.svc.cluster.local] 2026.05.13 01:32:07 [ 0 ] DiskS3ReadMicroseconds: 140468 (increment)
[clickhouse-builder-0.clickhouse-builder.ch-builder.svc.cluster.local] 2026.05.13 01:32:07 [ 0 ] ReadBufferFromS3Microseconds: 1430841 (increment)
[clickhouse-builder-0.clickhouse-builder.ch-builder.svc.cluster.local] 2026.05.13 01:32:07 [ 0 ] ReadBufferFromS3InitMicroseconds: 140887 (increment)
[clickhouse-builder-0.clickhouse-builder.ch-builder.svc.cluster.local] 2026.05.13 01:32:07 [ 0 ] ReadBufferFromS3Bytes: 33843003 (increment)
[clickhouse-builder-0.clickhouse-builder.ch-builder.svc.cluster.local] 2026.05.13 01:32:07 [ 0 ] MemoryAllocatedWithoutCheck: 30 (increment)
[clickhouse-builder-0.clickhouse-builder.ch-builder.svc.cluster.local] 2026.05.13 01:32:07 [ 0 ] MemoryAllocatedWithoutCheckBytes: 52800 (increment)
[clickhouse-builder-0.clickhouse-builder.ch-builder.svc.cluster.local] 2026.05.13 01:32:07 [ 0 ] InterfaceNativeSendBytes: 3859 (increment)
[clickhouse-builder-0.clickhouse-builder.ch-builder.svc.cluster.local] 2026.05.13 01:32:07 [ 0 ] DiskConnectionsPreserved: 15 (increment)
[clickhouse-builder-0.clickhouse-builder.ch-builder.svc.cluster.local] 2026.05.13 01:32:07 [ 0 ] MemoryTrackerUsage: 141975919 (gauge)
[clickhouse-builder-0.clickhouse-builder.ch-builder.svc.cluster.local] 2026.05.13 01:32:07 [ 0 ] MemoryTrackerPeakUsage: 260834238 (gauge)
[clickhouse-builder-0.clickhouse-builder.ch-builder.svc.cluster.local] 2026.05.13 01:32:08 [ 0 ] ReadCompressedBytes: 8300225 (increment)
[clickhouse-builder-0.clickhouse-builder.ch-builder.svc.cluster.local] 2026.05.13 01:32:08 [ 0 ] CompressedReadBufferBlocks: 22 (increment)
[clickhouse-builder-0.clickhouse-builder.ch-builder.svc.cluster.local] 2026.05.13 01:32:08 [ 0 ] CompressedReadBufferBytes: 8323072 (increment)
[clickhouse-builder-0.clickhouse-builder.ch-builder.svc.cluster.local] 2026.05.13 01:32:08 [ 0 ] NetworkReceiveElapsedMicroseconds: 1 (increment)
[clickhouse-builder-0.clickhouse-builder.ch-builder.svc.cluster.local] 2026.05.13 01:32:08 [ 0 ] NetworkSendElapsedMicroseconds: 21 (increment)
[clickhouse-builder-0.clickhouse-builder.ch-builder.svc.cluster.local] 2026.05.13 01:32:08 [ 0 ] NetworkSendBytes: 3203 (increment)
[clickhouse-builder-0.clickhouse-builder.ch-builder.svc.cluster.local] 2026.05.13 01:32:08 [ 0 ] SelectedRows: 57344 (increment)
[clickhouse-builder-0.clickhouse-builder.ch-builder.svc.cluster.local] 2026.05.13 01:32:08 [ 0 ] SelectedBytes: 8314880 (increment)
[clickhouse-builder-0.clickhouse-builder.ch-builder.svc.cluster.local] 2026.05.13 01:32:08 [ 0 ] RowsReadByMainReader: 57344 (increment)
[clickhouse-builder-0.clickhouse-builder.ch-builder.svc.cluster.local] 2026.05.13 01:32:08 [ 0 ] RealTimeMicroseconds: 3754451 (increment)
[clickhouse-builder-0.clickhouse-builder.ch-builder.svc.cluster.local] 2026.05.13 01:32:08 [ 0 ] UserTimeMicroseconds: 28057 (increment)
[clickhouse-builder-0.clickhouse-builder.ch-builder.svc.cluster.local] 2026.05.13 01:32:08 [ 0 ] SystemTimeMicroseconds: 21243 (increment)
[clickhouse-builder-0.clickhouse-builder.ch-builder.svc.cluster.local] 2026.05.13 01:32:08 [ 0 ] SoftPageFaults: 308 (increment)
[clickhouse-builder-0.clickhouse-builder.ch-builder.svc.cluster.local] 2026.05.13 01:32:08 [ 0 ] OSCPUWaitMicroseconds: 31 (increment)
[clickhouse-builder-0.clickhouse-builder.ch-builder.svc.cluster.local] 2026.05.13 01:32:08 [ 0 ] OSCPUVirtualTimeMicroseconds: 49297 (increment)
[clickhouse-builder-0.clickhouse-builder.ch-builder.svc.cluster.local] 2026.05.13 01:32:08 [ 0 ] OSReadChars: 11377079 (increment)
[clickhouse-builder-0.clickhouse-builder.ch-builder.svc.cluster.local] 2026.05.13 01:32:08 [ 0 ] OSWriteChars: 13764 (increment)
[clickhouse-builder-0.clickhouse-builder.ch-builder.svc.cluster.local] 2026.05.13 01:32:08 [ 0 ] ReadBufferFromS3Microseconds: 317790 (increment)
[clickhouse-builder-0.clickhouse-builder.ch-builder.svc.cluster.local] 2026.05.13 01:32:08 [ 0 ] ReadBufferFromS3Bytes: 5795101 (increment)
[clickhouse-builder-0.clickhouse-builder.ch-builder.svc.cluster.local] 2026.05.13 01:32:08 [ 0 ] MemoryAllocatedWithoutCheck: 2 (increment)
[clickhouse-builder-0.clickhouse-builder.ch-builder.svc.cluster.local] 2026.05.13 01:32:08 [ 0 ] MemoryAllocatedWithoutCheckBytes: 3520 (increment)
[clickhouse-builder-0.clickhouse-builder.ch-builder.svc.cluster.local] 2026.05.13 01:32:08 [ 0 ] InterfaceNativeSendBytes: 3203 (increment)
[clickhouse-builder-0.clickhouse-builder.ch-builder.svc.cluster.local] 2026.05.13 01:32:08 [ 0 ] DiskConnectionsPreserved: 1 (increment)
[clickhouse-builder-0.clickhouse-builder.ch-builder.svc.cluster.local] 2026.05.13 01:32:08 [ 0 ] MemoryTrackerUsage: 137104683 (gauge)
[clickhouse-builder-0.clickhouse-builder.ch-builder.svc.cluster.local] 2026.05.13 01:32:08 [ 0 ] MemoryTrackerPeakUsage: 260834238 (gauge)
[clickhouse-builder-0.clickhouse-builder.ch-builder.svc.cluster.local] 2026.05.13 01:32:08 [ 0 ] ReadCompressedBytes: 20250290 (increment)
[clickhouse-builder-0.clickhouse-builder.ch-builder.svc.cluster.local] 2026.05.13 01:32:08 [ 0 ] CompressedReadBufferBlocks: 60 (increment)
[clickhouse-builder-0.clickhouse-builder.ch-builder.svc.cluster.local] 2026.05.13 01:32:08 [ 0 ] CompressedReadBufferBytes: 20315672 (increment)
[clickhouse-builder-0.clickhouse-builder.ch-builder.svc.cluster.local] 2026.05.13 01:32:08 [ 0 ] NetworkReceiveElapsedMicroseconds: 1 (increment)
[clickhouse-builder-0.clickhouse-builder.ch-builder.svc.cluster.local] 2026.05.13 01:32:08 [ 0 ] NetworkSendElapsedMicroseconds: 22 (increment)
[clickhouse-builder-0.clickhouse-builder.ch-builder.svc.cluster.local] 2026.05.13 01:32:08 [ 0 ] NetworkSendBytes: 2970 (increment)
[clickhouse-builder-0.clickhouse-builder.ch-builder.svc.cluster.local] 2026.05.13 01:32:08 [ 0 ] SelectedRows: 137105 (increment)
[clickhouse-builder-0.clickhouse-builder.ch-builder.svc.cluster.local] 2026.05.13 01:32:08 [ 0 ] SelectedBytes: 19880225 (increment)
[clickhouse-builder-0.clickhouse-builder.ch-builder.svc.cluster.local] 2026.05.13 01:32:08 [ 0 ] RowsReadByMainReader: 137105 (increment)
[clickhouse-builder-0.clickhouse-builder.ch-builder.svc.cluster.local] 2026.05.13 01:32:08 [ 0 ] RealTimeMicroseconds: 289393 (increment)
[clickhouse-builder-0.clickhouse-builder.ch-builder.svc.cluster.local] 2026.05.13 01:32:08 [ 0 ] UserTimeMicroseconds: 45536 (increment)
[clickhouse-builder-0.clickhouse-builder.ch-builder.svc.cluster.local] 2026.05.13 01:32:08 [ 0 ] SystemTimeMicroseconds: 31698 (increment)
[clickhouse-builder-0.clickhouse-builder.ch-builder.svc.cluster.local] 2026.05.13 01:32:08 [ 0 ] SoftPageFaults: 297 (increment)
[clickhouse-builder-0.clickhouse-builder.ch-builder.svc.cluster.local] 2026.05.13 01:32:08 [ 0 ] OSCPUVirtualTimeMicroseconds: 77231 (increment)
[clickhouse-builder-0.clickhouse-builder.ch-builder.svc.cluster.local] 2026.05.13 01:32:08 [ 0 ] OSReadChars: 16940305 (increment)
[clickhouse-builder-0.clickhouse-builder.ch-builder.svc.cluster.local] 2026.05.13 01:32:08 [ 0 ] ReadBufferFromS3Microseconds: 243065 (increment)
[clickhouse-builder-0.clickhouse-builder.ch-builder.svc.cluster.local] 2026.05.13 01:32:08 [ 0 ] ReadBufferFromS3Bytes: 17980428 (increment)
[clickhouse-builder-0.clickhouse-builder.ch-builder.svc.cluster.local] 2026.05.13 01:32:08 [ 0 ] MemoryAllocatedWithoutCheck: 12 (increment)
[clickhouse-builder-0.clickhouse-builder.ch-builder.svc.cluster.local] 2026.05.13 01:32:08 [ 0 ] MemoryAllocatedWithoutCheckBytes: 21120 (increment)
[clickhouse-builder-0.clickhouse-builder.ch-builder.svc.cluster.local] 2026.05.13 01:32:08 [ 0 ] InterfaceNativeSendBytes: 2970 (increment)
[clickhouse-builder-0.clickhouse-builder.ch-builder.svc.cluster.local] 2026.05.13 01:32:08 [ 0 ] DiskConnectionsPreserved: 6 (increment)
[clickhouse-builder-0.clickhouse-builder.ch-builder.svc.cluster.local] 2026.05.13 01:32:08 [ 0 ] MemoryTrackerUsage: 136585255 (gauge)
[clickhouse-builder-0.clickhouse-builder.ch-builder.svc.cluster.local] 2026.05.13 01:32:08 [ 0 ] MemoryTrackerPeakUsage: 260834238 (gauge)
[clickhouse-builder-0.clickhouse-builder.ch-builder.svc.cluster.local] 2026.05.13 01:32:08 [ 0 ] ReadCompressedBytes: 3219637 (increment)
[clickhouse-builder-0.clickhouse-builder.ch-builder.svc.cluster.local] 2026.05.13 01:32:08 [ 0 ] CompressedReadBufferBlocks: 9 (increment)
[clickhouse-builder-0.clickhouse-builder.ch-builder.svc.cluster.local] 2026.05.13 01:32:08 [ 0 ] CompressedReadBufferBytes: 3219412 (increment)
[clickhouse-builder-0.clickhouse-builder.ch-builder.svc.cluster.local] 2026.05.13 01:32:08 [ 0 ] NetworkReceiveElapsedMicroseconds: 1 (increment)
[clickhouse-builder-0.clickhouse-builder.ch-builder.svc.cluster.local] 2026.05.13 01:32:08 [ 0 ] NetworkSendElapsedMicroseconds: 22 (increment)
[clickhouse-builder-0.clickhouse-builder.ch-builder.svc.cluster.local] 2026.05.13 01:32:08 [ 0 ] NetworkSendBytes: 2755 (increment)
[clickhouse-builder-0.clickhouse-builder.ch-builder.svc.cluster.local] 2026.05.13 01:32:08 [ 0 ] SelectedRows: 22417 (increment)
[clickhouse-builder-0.clickhouse-builder.ch-builder.svc.cluster.local] 2026.05.13 01:32:08 [ 0 ] SelectedBytes: 3250465 (increment)
[clickhouse-builder-0.clickhouse-builder.ch-builder.svc.cluster.local] 2026.05.13 01:32:08 [ 0 ] RowsReadByMainReader: 22417 (increment)
[clickhouse-builder-0.clickhouse-builder.ch-builder.svc.cluster.local] 2026.05.13 01:32:08 [ 0 ] RealTimeMicroseconds: 135270 (increment)
[clickhouse-builder-0.clickhouse-builder.ch-builder.svc.cluster.local] 2026.05.13 01:32:08 [ 0 ] UserTimeMicroseconds: 8336 (increment)
[clickhouse-builder-0.clickhouse-builder.ch-builder.svc.cluster.local] 2026.05.13 01:32:08 [ 0 ] SystemTimeMicroseconds: 4269 (increment)
[clickhouse-builder-0.clickhouse-builder.ch-builder.svc.cluster.local] 2026.05.13 01:32:08 [ 0 ] OSCPUVirtualTimeMicroseconds: 12605 (increment)
[clickhouse-builder-0.clickhouse-builder.ch-builder.svc.cluster.local] 2026.05.13 01:32:08 [ 0 ] OSReadChars: 3549865 (increment)
[clickhouse-builder-0.clickhouse-builder.ch-builder.svc.cluster.local] 2026.05.13 01:32:08 [ 0 ] ReadBufferFromS3Microseconds: 134618 (increment)
[clickhouse-builder-0.clickhouse-builder.ch-builder.svc.cluster.local] 2026.05.13 01:32:08 [ 0 ] ReadBufferFromS3Bytes: 2991584 (increment)
[clickhouse-builder-0.clickhouse-builder.ch-builder.svc.cluster.local] 2026.05.13 01:32:08 [ 0 ] MemoryAllocatedWithoutCheck: 4 (increment)
[clickhouse-builder-0.clickhouse-builder.ch-builder.svc.cluster.local] 2026.05.13 01:32:08 [ 0 ] MemoryAllocatedWithoutCheckBytes: 7040 (increment)
[clickhouse-builder-0.clickhouse-builder.ch-builder.svc.cluster.local] 2026.05.13 01:32:08 [ 0 ] InterfaceNativeSendBytes: 2755 (increment)
[clickhouse-builder-0.clickhouse-builder.ch-builder.svc.cluster.local] 2026.05.13 01:32:08 [ 0 ] DiskConnectionsPreserved: 2 (increment)
[clickhouse-builder-0.clickhouse-builder.ch-builder.svc.cluster.local] 2026.05.13 01:32:08 [ 0 ] MemoryTrackerUsage: 130879713 (gauge)
[clickhouse-builder-0.clickhouse-builder.ch-builder.svc.cluster.local] 2026.05.13 01:32:08 [ 0 ] MemoryTrackerPeakUsage: 260834238 (gauge)
[clickhouse-builder-0.clickhouse-builder.ch-builder.svc.cluster.local] 2026.05.13 01:32:08 [ 0 ] ReadCompressedBytes: 1287307 (increment)
[clickhouse-builder-0.clickhouse-builder.ch-builder.svc.cluster.local] 2026.05.13 01:32:08 [ 0 ] CompressedReadBufferBlocks: 5 (increment)
[clickhouse-builder-0.clickhouse-builder.ch-builder.svc.cluster.local] 2026.05.13 01:32:08 [ 0 ] CompressedReadBufferBytes: 1310720 (increment)
[clickhouse-builder-0.clickhouse-builder.ch-builder.svc.cluster.local] 2026.05.13 01:32:08 [ 0 ] NetworkReceiveElapsedMicroseconds: 1 (increment)
[clickhouse-builder-0.clickhouse-builder.ch-builder.svc.cluster.local] 2026.05.13 01:32:08 [ 0 ] NetworkSendElapsedMicroseconds: 21 (increment)
[clickhouse-builder-0.clickhouse-builder.ch-builder.svc.cluster.local] 2026.05.13 01:32:08 [ 0 ] NetworkSendBytes: 2648 (increment)
[clickhouse-builder-0.clickhouse-builder.ch-builder.svc.cluster.local] 2026.05.13 01:32:08 [ 0 ] SelectedRows: 8192 (increment)
[clickhouse-builder-0.clickhouse-builder.ch-builder.svc.cluster.local] 2026.05.13 01:32:08 [ 0 ] SelectedBytes: 1187840 (increment)
[clickhouse-builder-0.clickhouse-builder.ch-builder.svc.cluster.local] 2026.05.13 01:32:08 [ 0 ] RowsReadByMainReader: 8192 (increment)
[clickhouse-builder-0.clickhouse-builder.ch-builder.svc.cluster.local] 2026.05.13 01:32:08 [ 0 ] RealTimeMicroseconds: 108659 (increment)
[clickhouse-builder-0.clickhouse-builder.ch-builder.svc.cluster.local] 2026.05.13 01:32:08 [ 0 ] UserTimeMicroseconds: 3205 (increment)
[clickhouse-builder-0.clickhouse-builder.ch-builder.svc.cluster.local] 2026.05.13 01:32:08 [ 0 ] SystemTimeMicroseconds: 1612 (increment)
[clickhouse-builder-0.clickhouse-builder.ch-builder.svc.cluster.local] 2026.05.13 01:32:08 [ 0 ] OSCPUVirtualTimeMicroseconds: 4815 (increment)
[clickhouse-builder-0.clickhouse-builder.ch-builder.svc.cluster.local] 2026.05.13 01:32:08 [ 0 ] OSReadChars: 1051876 (increment)
[clickhouse-builder-0.clickhouse-builder.ch-builder.svc.cluster.local] 2026.05.13 01:32:08 [ 0 ] ReadBufferFromS3Microseconds: 105119 (increment)
[clickhouse-builder-0.clickhouse-builder.ch-builder.svc.cluster.local] 2026.05.13 01:32:08 [ 0 ] ReadBufferFromS3Bytes: 966800 (increment)
[clickhouse-builder-0.clickhouse-builder.ch-builder.svc.cluster.local] 2026.05.13 01:32:08 [ 0 ] InterfaceNativeSendBytes: 2648 (increment)
[clickhouse-builder-0.clickhouse-builder.ch-builder.svc.cluster.local] 2026.05.13 01:32:08 [ 0 ] MemoryTrackerUsage: 130879713 (gauge)
[clickhouse-builder-0.clickhouse-builder.ch-builder.svc.cluster.local] 2026.05.13 01:32:08 [ 0 ] MemoryTrackerPeakUsage: 260834238 (gauge)
[clickhouse-builder-0.clickhouse-builder.ch-builder.svc.cluster.local] 2026.05.13 01:32:08 [ 0 ] ReadCompressedBytes: 1048601 (increment)
[clickhouse-builder-0.clickhouse-builder.ch-builder.svc.cluster.local] 2026.05.13 01:32:08 [ 0 ] CompressedReadBufferBlocks: 1 (increment)
[clickhouse-builder-0.clickhouse-builder.ch-builder.svc.cluster.local] 2026.05.13 01:32:08 [ 0 ] CompressedReadBufferBytes: 1048576 (increment)
[clickhouse-builder-0.clickhouse-builder.ch-builder.svc.cluster.local] 2026.05.13 01:32:08 [ 0 ] NetworkSendElapsedMicroseconds: 25 (increment)
[clickhouse-builder-0.clickhouse-builder.ch-builder.svc.cluster.local] 2026.05.13 01:32:08 [ 0 ] NetworkSendBytes: 2309 (increment)
[clickhouse-builder-0.clickhouse-builder.ch-builder.svc.cluster.local] 2026.05.13 01:32:08 [ 0 ] SelectedRows: 8192 (increment)
[clickhouse-builder-0.clickhouse-builder.ch-builder.svc.cluster.local] 2026.05.13 01:32:08 [ 0 ] SelectedBytes: 1187840 (increment)
[clickhouse-builder-0.clickhouse-builder.ch-builder.svc.cluster.local] 2026.05.13 01:32:08 [ 0 ] RowsReadByMainReader: 8192 (increment)
[clickhouse-builder-0.clickhouse-builder.ch-builder.svc.cluster.local] 2026.05.13 01:32:08 [ 0 ] RealTimeMicroseconds: 37115337 (increment)
[clickhouse-builder-0.clickhouse-builder.ch-builder.svc.cluster.local] 2026.05.13 01:32:08 [ 0 ] UserTimeMicroseconds: 93977 (increment)
[clickhouse-builder-0.clickhouse-builder.ch-builder.svc.cluster.local] 2026.05.13 01:32:08 [ 0 ] SystemTimeMicroseconds: 43345 (increment)
[clickhouse-builder-0.clickhouse-builder.ch-builder.svc.cluster.local] 2026.05.13 01:32:08 [ 0 ] SoftPageFaults: 920 (increment)
[clickhouse-builder-0.clickhouse-builder.ch-builder.svc.cluster.local] 2026.05.13 01:32:08 [ 0 ] OSCPUWaitMicroseconds: 26 (increment)
[clickhouse-builder-0.clickhouse-builder.ch-builder.svc.cluster.local] 2026.05.13 01:32:08 [ 0 ] OSCPUVirtualTimeMicroseconds: 137299 (increment)
[clickhouse-builder-0.clickhouse-builder.ch-builder.svc.cluster.local] 2026.05.13 01:32:08 [ 0 ] OSReadChars: 19738543 (increment)
[clickhouse-builder-0.clickhouse-builder.ch-builder.svc.cluster.local] 2026.05.13 01:32:08 [ 0 ] OSWriteChars: 8 (increment)
[clickhouse-builder-0.clickhouse-builder.ch-builder.svc.cluster.local] 2026.05.13 01:32:08 [ 0 ] ReadBufferFromS3Microseconds: 21004 (increment)
[clickhouse-builder-0.clickhouse-builder.ch-builder.svc.cluster.local] 2026.05.13 01:32:08 [ 0 ] ReadBufferFromS3Bytes: 190005 (increment)
[clickhouse-builder-0.clickhouse-builder.ch-builder.svc.cluster.local] 2026.05.13 01:32:08 [ 0 ] MemoryAllocatedWithoutCheck: 6 (increment)
[clickhouse-builder-0.clickhouse-builder.ch-builder.svc.cluster.local] 2026.05.13 01:32:08 [ 0 ] MemoryAllocatedWithoutCheckBytes: 220672 (increment)
[clickhouse-builder-0.clickhouse-builder.ch-builder.svc.cluster.local] 2026.05.13 01:32:08 [ 0 ] InterfaceNativeSendBytes: 2309 (increment)
[clickhouse-builder-0.clickhouse-builder.ch-builder.svc.cluster.local] 2026.05.13 01:32:08 [ 0 ] DiskConnectionsPreserved: 1 (increment)
[clickhouse-builder-0.clickhouse-builder.ch-builder.svc.cluster.local] 2026.05.13 01:32:08 [ 0 ] MemoryTrackerUsage: 554639 (gauge)
[clickhouse-builder-0.clickhouse-builder.ch-builder.svc.cluster.local] 2026.05.13 01:32:08 [ 0 ] MemoryTrackerPeakUsage: 260834238 (gauge)
2.947
exit_code=0
